{
  "government_document_supertype" : "xnfm",
  "govuk_request_id" : null,
  "payload_version" : -1494788773,
  "navigation_document_supertype" : "oapezsdzspm",
  "description" : null,
  "rendering_app" : "email-alert-frontend",
  "locale" : "sv",
  "title" : "xkrpvmwmmpmpyl",
  "routes" : [ {
    "path" : "ozgboqayhufojc",
    "type" : "prefix"
  } ],
  "email_document_supertype" : "p",
  "details" : { },
  "links" : { },
  "document_type" : "completed_transaction",
  "phase" : "beta",
  "update_type" : "major",
  "content_id" : "6c005b4a-5b7e-1eeb-bcd0-e569268290ae",
  "expanded_links" : { },
  "base_path" : "/",
  "schema_name" : "completed_transaction",
  "analytics_identifier" : "jktxafw",
  "publishing_app" : "local-links-manager",
  "user_journey_document_supertype" : "xlixxd",
  "public_updated_at" : "hjctsalrmgbc",
  "redirects" : [ ],
  "first_published_at" : "iiavk"
}