{
  "government_document_supertype" : "xnfm",
  "govuk_request_id" : null,
  "payload_version" : -1494788773,
  "navigation_document_supertype" : "oapezsdzspm",
  "description" : null,
  "rendering_app" : "email-alert-frontend",
  "locale" : "sv",
  "title" : "xkrpvmwmmpmpyl",
  "routes" : [ {
    "path" : "ozgboqayhufojc",
    "type" : "prefix"
  } ],
  "email_document_supertype" : "p",
  "details" : {
    "child_section_groups" : [ ]
  },
  "links" : { },
  "document_type" : "hmrc_manual",
  "phase" : "alpha",
  "update_type" : "minor",
  "content_id" : "ab44cc06-cc87-41ac-828a-e27759e8f4d8",
  "expanded_links" : { },
  "base_path" : "/",
  "schema_name" : "hmrc_manual",
  "analytics_identifier" : null,
  "publishing_app" : "share-sale-publisher",
  "user_journey_document_supertype" : "axbdxlixxdwxhj",
  "public_updated_at" : "salrmg",
  "redirects" : [ ],
  "first_published_at" : "pziiavkade"
}