{
  "government_document_supertype" : "xnfm",
  "govuk_request_id" : null,
  "payload_version" : -1494788773,
  "navigation_document_supertype" : "oapezsdzspm",
  "description" : null,
  "rendering_app" : "email-alert-frontend",
  "locale" : "sv",
  "title" : "xkrpvmwmmpmpyl",
  "routes" : [ {
    "path" : "ozgboqayhufojc",
    "type" : "prefix"
  } ],
  "email_document_supertype" : "p",
  "details" : { },
  "links" : { },
  "document_type" : "knowledge_alpha",
  "phase" : "live",
  "update_type" : "minor",
  "content_id" : "62cdbcdc-a1cd-5aa0-82a8-45c5e0d65abc",
  "expanded_links" : { },
  "base_path" : "/",
  "schema_name" : "knowledge_alpha",
  "analytics_identifier" : null,
  "publishing_app" : "search-api",
  "user_journey_document_supertype" : "loprezet",
  "public_updated_at" : "w",
  "redirects" : [ ],
  "first_published_at" : "xiverrcitacuef"
}