{
  "government_document_supertype" : "xnfm",
  "govuk_request_id" : null,
  "payload_version" : -1494788773,
  "navigation_document_supertype" : "oapezsdzspm",
  "description" : null,
  "rendering_app" : "email-alert-frontend",
  "locale" : "sv",
  "title" : "xkrpvmwmmpmpyl",
  "routes" : [ {
    "path" : "ozgboqayhufojc",
    "type" : "prefix"
  } ],
  "email_document_supertype" : "p",
  "details" : {
    "body" : [ ]
  },
  "links" : { },
  "document_type" : "manual",
  "phase" : "beta",
  "update_type" : "minor",
  "content_id" : "6d3fe60d-ca1d-3281-8850-62f70738beae",
  "expanded_links" : { },
  "base_path" : "/",
  "schema_name" : "manual",
  "analytics_identifier" : "axbdxlixxdwxhj",
  "publishing_app" : "search-admin",
  "user_journey_document_supertype" : "lrmgbcus",
  "public_updated_at" : "iiavk",
  "redirects" : [ ],
  "first_published_at" : "abdiwxhqj"
}