{
  "government_document_supertype" : "xnfm",
  "govuk_request_id" : null,
  "payload_version" : -1494788773,
  "navigation_document_supertype" : "oapezsdzspm",
  "description" : null,
  "rendering_app" : "email-alert-frontend",
  "locale" : "sv",
  "title" : "xkrpvmwmmpmpyl",
  "routes" : [ {
    "path" : "ozgboqayhufojc",
    "type" : "prefix"
  } ],
  "email_document_supertype" : "p",
  "details" : {
    "section_id" : "djsjggwxhtnskc",
    "manual" : {
      "base_path" : "/%79%4Bi3%Bf%83lP%BfL%88U)%aB9mf%86QUF%0D;0%3EZ%40dl/%77%09XGy;9Y%8a%cbj%82a%30%83%7F4%79%Eb%BA%d3%DA7%dE%11U.%dFp%A30K@H%2dH%4f-%Bc%f0%9d%E0%d5b'v%55pg0%D5%Ac~%fB%Df(A'%45O%F57F3IR%3B%Ae@%Ef%DBX)+$%Da%7D%DDU%ECD%FA3Ub3X%7DQR.%dc%d2%F7Q%FD/%BDK%ef:%8ft%fc%c5%e7%A3%Abzo%9FCFg%BdijQaY%Dei%Fd%a1%9B%C6%44%1b%06%96%46oZd%262~mq%4F-1Wu%f8%F2%ab6D@IR9%BCm%09M%5EY%eA*&y%cCWPa%aAa/-02;%BE%78%1F!%52W%25=%90%b3=%7e%5DBFk2%1c%E9%c0%EDc!%ach%19%E4H%1C%Ad%4A%F80%4F%f2e@%10%E7%3b+'%1A%F9ZF%2D-%e3JxC'c~LyQ%A6%61n%10uj%2F%e1y%9b@%1A%Ba%94%35h/%26%a8%adGV%EFP%8FVa4%ABiS%e5%D3C%ecv%4dR%CBTS%25K%73%3A%cD%dCfq,%Be%Ae%Ab%Ad%2br%f1m%56%f5%ECEk%3E%90=%D34o)@'%22ZF%2c3%D2%AEqM%CA%Fd6J%d8%1B%a08!%21%14)%Fbo%Dd'tI%Fc%6C$HC/,%B6(&&)%5CZ%65zNI%26Y%a4%c7G%9f%1E6~p!%31u%90%7D:@%aD5%eao%7d!8;%52%F2Z%44O9%E4%2B8h%c9.%aDEQux%Eb%3a%50%Dc/%D9%AF%Fa%8b%52Dv%a1%EA%CD%71%41%eB%F6/24Q%A9%De%AD@_f%7a%59-%d4C%5e%fA%e9C%da(Z%A93N7Z%B3v6%Ae%eD~%dDokA%eDS%fa%D81/K2%F6:%a4%09eo%e0ME%bf%f0&%b9%50S%Eaj%3dL,%3f:%FF%CC%bBSQ%25%A3.2Mk&qkA%cf%5e+u8%6C%C1%5b%4d%Ab%0B%d4%cC%d8%Eb=%bCe%7a%F25Pi8L%6a%AE%C1%a5%45W%0b%AAY%02C%1f%a0%f2P%e1%3F/z%a54/%8d%1c9%28J*;%99%3D%3C%FD%DC%5Faa%e7Tr2%ABB/h%c3%85%07Dz/lPg%7f-%b8y%8e%70(Y)%CA2I%de)Ju%2EkjQ4%B7c%56%29%eF%3D0O!t5%7dr/%c4VX%3e%A2Be%54-%C5%ed%0d%2dlh4%e6I%49%8c%E1%A5Q%a3%a6%EdN%CE%1bxC,.$%Aaq%D0tj%b3P%E3H%DbY%f6t~%17%aF%2A%E2%a6%bA95%7cH%8F%27%e67G%A8%C4*V%ebEf%BC%4e&H%d2%Af%78%FB%dA2T%04;%7dB%0A%685OyI+j%5e%D5EZ3/2$%E9B%2C%91m%D3%Fb3%72%Cam2%bav%34%07%eD%4f%B3%F8%A6EqK%2fvZ%cA/%06%df%5B%4CBU-%c2)&P6%ed%64)j%eE%D5%EB%CE%FDbe%f9%fb%1F=Il6%EB%D5%ce%C7%3fJ%4B%7f%4eM/59O%6f%16HP%7F%C2%B4%BE%c1%72z%e3J%B5%47glM%5bZTV%b7%aF%A2%82%d7%40yJ%F9G%D0M%ea%e8%af9e~%74QD%E2%FDe/)J%7dQN)%75n%bE9J%5C%Aa%3d%4d%32j%DF-~Z%Ef%E3%a7O%AF%02%bf%C8%4Bh%1d%71+@d%0E%1B%2d%5A%89&%eetbD%bE%EelR%A8rR%e6%c8%29E-%6b%aDYH~+,%aFw%Fe%b6%E2/%afd&_%8B%3B%a7SkX%6f%aa8b%Ad%CAZ%C00f%B2%766W%11/%10%3a%2a%e1%Ab%bEh%Cdt0%38Hx%66%8CB4s%f6%A6%Fd6mm%FFr=@%87yaVU%dDdE%Cd-%63%6al%8al%c2p%42%16Zm%77!%64j%D6qb%Db%De%DD%75u&%60FOK%E2W%Fc~K%60%d1/b%C3'C%fd%c1%1E%62%57%fC9%cd:Sc+%81aF:p%4FCtz%97l%06E&%e3%E0%0f%EE%fD%D3%55;%AA%AbsWSO%5D834%F5t%adt%Cb%DC%BdK.%c6%Df%6f%Fb)%fB%ce2%39x%0E(61%36%09%bE%98%ae@u%e4%aaXy%Bdr%10hL~%9c%ED%9Dqd%E0f%29%eB%fC/%B9%02&!+)s%5d)6$%fCA(%E61q%Cfir%1DT%1b%d8%5BaQmduU)%eB%58_/b%8C%d744%f3%87G%f5I%D5%FC%DfM%BbN%7dWU%D6G%6C%CB%A6%e7%1f%0d4q%F1%72%A1%bA)%8b%3f%Bf7%83G%9d%77u_)%54%26%47h%0CV.%ec%75WGn.T%0db%60H%bcf%12upI%ef;%58d%3Ed4%6FkH$%1f%3agn-%96ag%63%93_%4cM/%2D%ad%22oovV%06@y(%DFo1%b0%be5x0%feNZB%157X%9E%52%13%FB%7b%11%E26%dF64$BdLW%Cf1:%0dt%bE.EG%49%ABJvh,!PKd%9A%C1X%Cav%E8%Ee8m%d6D%49%7d%fA%7d%F8d%D8o%48%0F/P%24_%9f:mr%a5+%3c%6b%E6%dChJZIa%48%Fdc%23%Bb%FC!-=rwj%7AC%52%f7%11;W%6C_9%EcdA%eA%B3J9EQ%Ba%D4/G:X%3E%D2%E3%BD%F6K%fB%d2m%cB%5b%aA%a6V%77%4a%e0%b8%3aG%DduX%c0G,%27pG%0B%022eX%e6%9C%7b%1E%dB@%22167%fB%F03%A3%aC%0B%66d&%2Bs%1c*-$%CA9fX,Sv%5D%74%3AF%b9%56%2C%1D%eE%ac%7C%7db%7D/%ee%D3Wu,:%CAvb%65%7D%FD%F9%87%E7%03)_%e3r%B3hJvF%d3%BaB%97%d8%9cVRV%a1%8cf%A3%d8p7:Ebgr$%6drz%C9%65M%2bqZi%107@X/%0c%06.=%DE%eC%a2%8F5A%9Cj%bc%5b%D4%F96d@/%EBA%A1%CA%8FF%DcaE%bA%3A%95%529K1%f2%E2%DC%d7~%14k%C2%b1nU%F7,%A2v%b4m%DF/%E77h%9d*%e0%Ce%9d%A4NNC%f7%C7PT%FE5x0%Ff%A3%466%2C%2E%4B%18%1a!%98;Rw%c0sw_Y%fd8W%f90%bBt,%C1%3F%35%ea%3d%06U%04-9%04%f7%3D%7fWT%Bal50/%c0%8ce%aA%d6%BA%cDR%F1bA%8D%c06%Ee@%bEu%e2.%Bf_L%96lLps%Ff%e8%4D%Ae%4Cz%1cd/vA%da%34,%2bp%98%E4%E7%ccr%Ce2:%eB%E8%0a%A1Tvx,%6Fek%bF%c6q&%872/U(T%FEQa'%9cxz%F60%ef%AbY-%CeD6%4fy%cD+%eC%c8~%91:%44%e0l2Y%DD@%6d%CD%221X%dFE(+%ED%Cf%09YXSw%0cc4%DD%E0oC!A%45%d0%A9%DD%0F%71%DF%cA%CC%a8f/%1A%24%bf%A8rM,Z$%7A%DCn0%921UO%7E%E2%68%e3y%b8G%1d%96%7D%aay%8b%64%CBj%F4%1Bj%8cp_%8b3%dE%75u4D%58r_%dfO%f9%70%8BL@(.%ed%0A%8d%ECX%df/%Ab%8Cb%CDR%fB2o%8duEdjm%6C;n1/%7cG:6%00J%e2%fFg%05%60%bF%Fc%495%A8%7c%59%53%59*N%5B%6dH%49+%c34%5f=%61%57kSn$s%fffu%A9!%f3zt%a2%0Bb%2bl%1CA%48JD4S8:~%6F%1E%6a%e6%a4%e8%70%2e%d4%4E%92%a8%7B%09Dd%12%10,%23/-xTZ%aeT%51MK%49u%3a,2$%ab%0cJ%5a%BB%E7%6aw&%bF%9E%DeT%De%4D/o%1b%0fU%32a=%Bfib%2E4u%43%ce:jPA/r%Ba%Da%45l%8a%ABZ%D2_%B0%9Dy4k&w%6A%e3%Aa%EBtaA%a00%84%7F%f9:d%dc%4A%a4kj%A7%D8@%D4%fd%ed%dCH%D0%0ETz%E9*%BDl%DcO=%aa%A1%abO%CD/%E8'q%29t%abM%51J%8BJ%18!JO%8CB%07+0%0A'%7bB=%29%A1=%FCK%A8%A1u%d0(%40%3b%ef%DCf%9D%a5;:%e5%38%e5Z%Cc%bd%AD%6c@%ba%3F/%12%77p%EE%9a%FD%D4%De%b6%9bj%1e%9e%62%d7%1aZ%8b~%d2%7d&d%AE%b0z%c7%73x%aCG2%3cjq%b7*%f0N,l%1c%9c_%Dao@%a0%cDj(Joit7Q%D3GU%0D%c4n%1C%43d%da%f6%1F%9d3%94/g%2d%Efi%febKa%6b,pdO%8ER%AD0&%cB%EDC%53%d23!;Y%96x%A4F%7D%Bbg%907%53d%24M%8F%BB7H%81zl%FF%d6%9F%A1%d2qe8A%1a%6a!%aAO%06d%CC3WC%BDd%C5%Bc%e9(u0/i%a3%BEl%D2%AA%aay%97+ECjr%94%2a%e7%74B%FE%ef%48e)%A8.%C5WTj%FcX%53%E5T%F2%fD%48'%D7%A5Vv%0Ac2%b9%3Bq~ak%98%aB%B8%Ac5%9f%cc%E1%f5O/q%eCcYlQ-s%CfZ%4e%4aS%4f*%35%CDzp%F7x%aE%EEk%8cx%dEBN%7f%a83*%b7%b4ce%0D%DF%4Dv@%A1CD'D%B52T%57Q%9AIu%A4x%7d%9f@%F2T%93Lz%04st;SMN~n%63G/0O%4f6_%Dc$S%aA%A3j%e2%Bc9%A6@%0C%f4CLg%865zD_%14%24%b7c%d1:%f6.Y%F6%bf%fA&El%ACD(%8Af%Db-r%fcD%b6%1Dj%2C%c7!%Ef%F8%AE%Ff%8cFh%27%1A)%FFo%2c%DAg%8f%8b%1CJr%9c%3a%a8%eB4/%5bvE%5d2S%D9%a2x%0f%4b%4eWP%Bf0=U;%db2,%39%C0N:.*%5A%2Bz)dA%fD%F475o.np'g%B6%b3bn4%16%FfwltRQZ=3%fa7%c4%7E%1b%aDs%Bb%7431%a0%E2A$%22&7U%3A/uy%6CK%B6%4E%27%4dR%ba%f6Q%dc%BDk%17,%d9l%5e%06%8aF%05Z=%e6%ea%42%Fa%Fb%4c%b8Nh%4B3%1e%D2%75%15%1b%77%624%a2myo=/z%ae+Z%6C%CFY4O-_v%4C%DA%Da%67%aA%f7(%19z%45%CC%3aG%7a%f6%82g%aB%edz%aa3'_g%Fb%b0O%ae%90%7A%40%F2%b7%8FD%6D(%B1e%e8*S%fD%b3e%7c%car7/my&%cCm%91.%A0%89%BaT;%33GJP%cB%8bqmt%BfA0%dd%83%6F%e4%8D%fAYP%97%4c%9cyuv%70%0da%1e:A%5d-_%14twi%8b$%9F%ED%Ba-%d1%d0%adOa%E6%0A2qSSt/)%f9%AfrO%FE%EE%9cS%3bbZ%D7%1f%a1urh%1d%0AVXe%687L%BE%Ff%24D/%09%c9$%2e%da%Cc%43F%F5%F5X1D%25%28qws%2f3H%1e%5fG%db%D8%3a%9e%5a%79%d1%B3%3FU%C4%41%9BMq%E6t35%2Ej%E6:%cb%dDV%4A%E3.%C1%64+%8BW%Cfp%62%5fN%89Ov%9B%9A%Ccf%e01sPK%68X%DEm%6F+%1C%4bWO%6A%BebY/J%44NN%eaKJ2:r%DD%0FC%f4%Ae%D2%85N%b3o%3c%da%aa%36%a6%Bb%7ec/%11g%a8w%eE%d36%A9%7D%Db@%E5%3Ac%EFnxY%24%3e4x%dE@M:e%8C%1EG%CAm%cA8%f1(%dc1v1x%2d%16%E6%84%9e%7dh%A9%47%f4q%9dOl%Ecf%87w%DE%eA%2E,n',%Be@v%Eb%4cS%ea%66%e7P@%083-d%28p%BD%F8%ff%F4%A5%93t:I%c7%7E/e3=q)%50i%9fk%Bcd%eFE%Ad%B6%0awU4hSoP%8F%Ca%8BX%bF%00wY%BA%52uGn%612B3h%ad%54%2Aj%e1%CDl%c6$u1bR%EAd%46%65%D3+%26s%3c%e1v=8%4aUO%6F%C0O%C2%11%9d%8E%FbA*;%1B%cb-po%93;%02*%fEP%8F%Bd%3C/%dA!%acR%F2%3a%CDT*.%2d%13%9b%db%3B%cdZ%Dcz%75Co%Ee%a0%CE%Bd*Q%6C%fe0%fC%10%8C7%b1%8Bdn%D6'F%Ce*;W%8F%939:%9FHk%d78/%59(%c9%9C%5dj%db%3c%6eMwJB%23%d0C%Aa%90%d4%F920b4%4e+3%e2gMO_fE_%9dpjO%b3%E3%162%1d%5EcxRP3%EbK)%bc%AfM%Ad9%CE;%A7k%DD%32XtEBq%df%7Bcq;%44%EA-G)anOZr*%0e/%de%2e%1E%81n%F7(Q1!Y%e62$d$%Afc%5f$g%af%eA%E4%7C7%2Cys%F7%60$%4F*b%B1_%0ael%0b%A6%4F%D1Y%d5%DD7/+%7ak%a4+%bBM%e4%88e&%F5$%cC%4d(%03U%4FT/%CB.C%3a%5eXr%61jk%Bf-J%cf%DD%67lBl,%5Dj%F3cSV%e9%41G%88%2F%eE%50%09%77v5jg83xL(%dd5!7%Df8%A8%94O%8c)cU%48%e6%d1jR,%BAJ%b9%B8r%BbMLCE/%04U~G%cDu%d4%5aH%51%83_~%dA%AE%cC%AChlk%Ca%82%10%51)%A4@HKL'%f6%a2%51=%A2%f2%85/_%117x%Bbuh%ce&%E1'.%51%19A;~:%Cb%DC%8f%CFVU%19%fe%A1%d1K%7C%2A%aDfYfD%07I%73%DDq%4d%a99n%ad%Ee%7dVbz%fcs%Del/T%17/@%bCyEzPF%AB%c6Oql)/Gp%C7-%85%Cd=Sy%cbp%4f3/nf%f8%fa4%a4%03%ee%663%2C/'%72%aFW%40%c8_(b%F7%17:%c2+6%8Eo_T%9e4W%fBX%FD%67%aEHC%eC%A6$%29%50r%DB%3dY0/'%88Yp%Be%A8.%F0%7D%Ec!C.H(%9C%57%C1%D0%CFa%1B'op4%3f%e3@Tyd/%4a%f5RbuK%bB%8C_%8c%3f%8f%7co%fBG%CCu%1f%e7%fDT)%5e%aaK%A8A$%51%67!4M%6EQZH%FC%DCQ%afl@2%34kqu)T%fC%3cg%E2%0a%0A%53'T~%E8%2eHq%1A%DB%bf~F%1c&$a%e1Uv:%4C%fB/%05%afX,n%5a%44G%CE%A4%b7N8@%34~%48%C1%64)%F1Hu-%AB%dAs%f7%3a%24M%a09%E3%BA%df%72%BA)X%3E%Deg3F%57%A1_%96%34Ut%7D;1gb%c1C%9A2%20%ee%ad%bE%49%e7%0E%39%d4!;(%b1P%B3/PuS%C6%F6%05,I%5c%3f%3F%7E%42%7c%2F%F2%B5%9eA%BE%86%31t%4e*Hr%Fc%Fc%cFt%e3+%Ff%Df%CDpV6X%38!%4c%EbTz%C8%51f%eb7XB%3fIr%9dQ=ZP%FeNx%eBK(e%c1%BA%Ed%31%C16%E0la%Df%D3%cEb%48/u%85v3ir%af%Fb%b0%DdB%fE/Lk%0B%13%3by%a5e%06=m%63%3fn%B6%23h%5f,3!A%C0cb%Ae%5F$%21%EF-%88oU7'dSv%f5%cFR59%c3b,%ab%4C%8AK%eAz%b08%0e%10%C2%09%ed%B3C%DB%0d%ef%0D%dExC9%3C%ae%26%e5%bb%5e/%CAh*%Ba~%0e%E7%f5/%e5UOW5%d8Q%57"
    }
  },
  "links" : { },
  "document_type" : "hmrc_manual_section",
  "phase" : "beta",
  "update_type" : "minor",
  "content_id" : "2b07daef-7f05-240c-885b-7a46065e8f69",
  "expanded_links" : { },
  "base_path" : "/",
  "schema_name" : "hmrc_manual_section",
  "analytics_identifier" : "tsalrm",
  "publishing_app" : "share-sale-publisher",
  "user_journey_document_supertype" : "spzii",
  "public_updated_at" : "kadex",
  "redirects" : [ ],
  "first_published_at" : "wxhqj"
}