{
  "government_document_supertype" : "xnfm",
  "govuk_request_id" : null,
  "payload_version" : -1494788773,
  "navigation_document_supertype" : "oapezsdzspm",
  "description" : null,
  "rendering_app" : "email-alert-frontend",
  "locale" : "sv",
  "title" : "xkrpvmwmmpmpyl",
  "routes" : [ {
    "path" : "ozgboqayhufojc",
    "type" : "prefix"
  } ],
  "email_document_supertype" : "p",
  "details" : {
    "political" : false,
    "body" : ""
  },
  "links" : { },
  "document_type" : "statistical_data_set",
  "phase" : "beta",
  "update_type" : "republish",
  "content_id" : "bcb9fede-a9a8-16a9-aa02-bed09fc27eaf",
  "expanded_links" : { },
  "base_path" : "/%af%5b6%D7%188%bB%F2n%94%51%0F2P%F0y%BFR%1e%73Ey%aFF%A1%cc%7a%96DFYbm%E92V%3fRC%2C%F7%9f%1fnu%3B-4h8,!%D7:%edDJ/S%F6y%0B%5b%44R%42bk%92%41%eE%E07/%D8%57$K%F6%9a~%11E%ff%B8%7C!%FaMT1%61bFS&;%7f%f4hpt%24rQd/r%CB%DB%45I%c7%CD%A8EE%cCXF%9AGjs%FFRo,i%660%30)%1cx%24%23%D7f%B9%Bdl/%Fd=M%089X0%CCGHd%de)%74TO%ber%eeh%7C%17q%AD1!%2A%Fd%fA%c6%eeR%23%3C2~D%C9%E8hq%26%FfRrk.2%8a%FE+%C7k%9D%66U%ed%94%c22%6AS%9B%bbu%C84%CF%7fG%b0CL(%B1%7Cm%10%57%4bV%F3ni0%B0!%BEt%D6%A7rZj%E6X%3D%5f/6%bF)%af0h0t%Db%6b%fa%6dDiOS%Ba%98&%BB%31%7d%2EKd%a9M%4bH)%cCYE%3A%a7e%31TEn%Eb6%3ap6c%2a%a4%aC)F%E7N%Fc6T%07%a0%Ee%a0pV2vb%E5%8Epr~C5%dAoXy%6D%fa%28%6D%eBUEi:+%bbT%2A7%49%3d%00Z/%eEO%8CD%CB%9ao%8C1%5a+%FF%e6%9f!%7DJ%cb%70%7B%8b%c1Z%f8)/Q(t%D59%EeK%9d%09y%2D%cb%83g&%bDJ7/%1d&Mt*%5A%63S%c0%7b*V%e2%feS%4BqA%Ae.1*%BEa%d8o%a7YB9%bb%a8%93@=e%30%4A7%fB%95M%e4~ih_%bf%03%51%BC%da%5d%8D:@-v%C0;S~5%CBox%05%FA%0Au:%2ER%A3%8e%87%87/;%AE%cD%B3%f0OQ%7a(%A6%2BKbaeKM%90%b8%3Ej%B9%212j2%30*%0B.%66%2a%C2%387%cB%9c%EEy%19%ac%A0ZFI%4a-:%aeE,%2e%2bz%5e%f8%Be%2B)%6eSx%14u%C4%eF%d6Qz5f%ac/Cc%e19%6C8,%a8Pbk3pFw%3aXo'p%B8%ba%a3!%dDs%FeG%F8%3a6@%EeG%bfr%5E%F57t%cD/%4D%c1%d5%6BmL%BEEzFA7%d0Tm9%6d%76%aB%CF%4E%6cR%e0%cdX%a1S%53d%Bf/v%25's%d7'YS%9a%4c%B3ev%8Ej%288/e%bbz9%caSB%73%e5%5d%cb*P7%1ft%490%81Iwr%a62_%FaUl%52%F7;%42%7CN%F0%Adi8LN,%5F%0Dc%e2E3%5DDb%0A_%99%58%1E%FF;,%fF%F1%7a%B7o%50%CF%C1%C9%CA%0d%22%e3%92,%14.x%43%8D%BC%a5%eB%4daK%9cb%44%Db%9a%CD/M%4f%4CL%72%13$%B7%e2%b1%AFJc%1f6%dau%FBj%d2s/%1A=%76k%d3%AA,%F2%4b%dF5%c0%2eO5%58L~3-%e37%87%B4%1e%f2bH%E3%aB%D1u%56oD%cD%b7OmN5,%Ea%E7%06''%444)%cB,t1%b2%bES%bB%cDCQP%d8%ad%2euLO%9B%CD%1B:%aD%8D%0De%a2%18%C2%f0%B4%ECBo%F3%CDY%dC%F1%7DT%50%C9NG%B7%b9/%15BVw%Ea)%F3%a3@X%9e%e6%DE%ab%a1%ED%df%E8Y%E3%8d%Cc%DFq%0E5J%47%6alr%C6KguC%75%31Av%d4o'%9C%C6%75_%2e%CeH7G%FB%05O9%cE%BF%a3%AD%eBW3%Aa%B3%fe%E3%fA%0aKG75%FE%31%4C%aCu%b8N%e9%c9%27%08T%Da%3D%9e%e1AiXF%5C50%4C%26%Ea%EC",
  "schema_name" : "statistical_data_set",
  "analytics_identifier" : null,
  "publishing_app" : "manuals-publisher",
  "user_journey_document_supertype" : "",
  "public_updated_at" : "xxdwxhjctsalrm",
  "redirects" : [ ],
  "first_published_at" : "spzii"
}