{
  "government_document_supertype" : "xnfm",
  "govuk_request_id" : null,
  "payload_version" : -1494788773,
  "navigation_document_supertype" : "oapezsdzspm",
  "description" : null,
  "rendering_app" : "email-alert-frontend",
  "locale" : "sv",
  "title" : "xkrpvmwmmpmpyl",
  "routes" : [ {
    "path" : "ozgboqayhufojc",
    "type" : "prefix"
  } ],
  "email_document_supertype" : "p",
  "details" : {
    "body" : "djsjggwxhtnskc"
  },
  "links" : { },
  "document_type" : "service_manual_guide",
  "phase" : "beta",
  "update_type" : "minor",
  "content_id" : "24724d36-deae-1714-839f-693dda0fc8b5",
  "expanded_links" : { },
  "base_path" : "/",
  "schema_name" : "service_manual_guide",
  "analytics_identifier" : "tsalrm",
  "publishing_app" : "share-sale-publisher",
  "user_journey_document_supertype" : "spzii",
  "public_updated_at" : "kadex",
  "redirects" : [ ],
  "first_published_at" : "wxhqj"
}