{
  "canvas" : {
    "padding" : {
      "top" : null,
      "left" : null,
      "bottom" : 1112488880,
      "right" : null
    },
    "width" : null,
    "height" : 1393958290
  },
  "data" : [ {
    "name" : "mqcxjtgdyx",
    "source" : "pvmwmmp"
  } ],
  "meta" : { },
  "legend" : {
    "fillOpacity" : {
      "label" : "eozgboqayhufoj"
    },
    "fill" : {
      "label" : "hpteqrgfnzdj"
    }
  },
  "scales" : {
    "color" : {
      "domain" : [ ],
      "range" : [ ],
      "type" : "ordinal"
    },
    "x" : {
      "domain" : [ ],
      "range" : "width",
      "type" : "ordinal"
    },
    "y" : {
      "domain" : [ ],
      "range" : "height",
      "type" : "ordinal"
    },
    "z" : {
      "domain" : {
        "min" : -1.7976931348623157E308,
        "max" : -1.7976931348623157E308
      },
      "range" : {
        "min" : 0.20949273346356434,
        "max" : 0.2424783341430502
      },
      "type" : "linear"
    }
  },
  "name" : "tacuefyjktxafw",
  "axes" : {
    "x" : {
      "scale" : "ixxdwxh",
      "label" : "tsalrm"
    },
    "y" : {
      "scale" : "spzii",
      "label" : "kadex"
    }
  },
  "marks" : [ {
    "data" : {
      "name" : "hgyzd"
    },
    "type" : "rect",
    "properties" : {
      "fillOpacity" : {
        "field" : null,
        "scale" : "z"
      },
      "fill" : {
        "field" : "vzumetfs",
        "scale" : "color"
      }
    }
  } ],
  "type" : "matrix-diagram"
}