{
  "size" : 97042466,
  "name" : "V5Lf3rS2Etc7K@@jf2L0k@98CNuFyTC9CKdxtSHg",
  "will_end" : true,
  "services" : [ {
    "image" : "ebeoapezsdzsp",
    "environment" : [ ],
    "startup_order" : -2.147483648E9,
    "essential_count" : 1.0,
    "total_count" : 1.0,
    "name" : "ghpte",
    "volumes" : [ ],
    "resources" : {
      "memory" : {
        "min" : 1024.0,
        "max" : null
      },
      "cores" : {
        "min" : 0.6233638106316658,
        "max" : -1.7976931348623157E308
      }
    },
    "monitor" : false,
    "ports" : [ ],
    "command" : null
  } ],
  "version" : 3.0
}