{
    "definitions": {
        "subtitle_url": {
            "properties": {
                "format": {
                    "description": "The format of the subtitles (e.g. SRT, DFXP, WEB_VTT, etc)",
                    "type": "string"
                },
                "url": {
                    "description": "The url of the subtitle stream.",
                    "type": "string"
                }
            }
        }
    },
    "description": "Data about different subtitle encodings and confidences of auto-transcribed content.",
    "properties": {
        "confidence": {
            "description": "How confident the transcriber (human or automated) is of the accuracy of the subtitles.",
            "type": "number"
        },
        "urls": {
            "description": "The locations of any subtitle transcriptions of the video.",
            "items": {
                "$ref": "#/definitions/subtitle_url"
            },
            "type": "array"
        }
    },
    "title": "Video Subtitle Configuration Schema.",
    "type": "object"
}