{
    "additionalProperties": false,
    "description": "Models a named entity (i.e. name of a person, place, or organization) used in a piece of content.",
    "properties": {
        "_id": {
            "description": "A unique identifier for the concept of the named entity.",
            "type": "string"
        },
        "name": {
            "description": "The actual string of text that was identified as a named entity.",
            "type": "string"
        },
        "score": {
            "decription": "An optional relevancy for this named entitiy.",
            "type": "number"
        },
        "type": {
            "description": "A description of what the named entity is. E.g. 'organization', 'person', or 'location'.",
            "type": "string"
        }
    },
    "required": [
        "_id",
        "name",
        "type"
    ],
    "title": "Named Entity",
    "type": "object"
}