{
    "additionalProperties": false,
    "description": "Models a topic used in describing a piece of content.",
    "properties": {
        "_id": {
            "description": "The unique identifier for this topic.",
            "type": "string"
        },
        "name": {
            "description": "The general name for this topic.",
            "type": "string"
        },
        "score": {
            "description": "An arbitrary weighting to give the topic",
            "type": "number"
        },
        "uid": {
            "description": "A short identifier for this topic. Usually used in cases where a long form id cannot work.",
            "type": "string"
        }
    },
    "required": [
        "_id",
        "score",
        "uid"
    ],
    "title": "Topic",
    "type": "object"
}