{
    "additionalProperties": false,
    "definitions": {
        "___traits_trait_additional_properties_json": {
            "$schema": "http://json-schema.org/draft-04/schema#",
            "additionalProperties": {},
            "description": "A grab-bag object for non-validatable data.",
            "title": "Has additional properties",
            "type": "object"
        },
        "___traits_trait_id_json": {
            "$schema": "http://json-schema.org/draft-04/schema#",
            "description": "A globally unique identifier of the content in the ANS repository.",
            "title": "Globally Unique ID trait",
            "type": "string"
        },
        "___traits_trait_version_json": {
            "$schema": "http://json-schema.org/draft-04/schema#",
            "description": "The version of ANS that this object was serialized as, in major.minor.patch format.  For top-level content objects, this is a required trait.",
            "enum": [
                "0.10.9"
            ],
            "title": "Describes the ANS version of this object",
            "type": "string"
        }
    },
    "description": "A hierarchical section or 'site' in a taxonomy. In the Arc ecosystem, these are stored in the arc-site-service.",
    "properties": {
        "_id": {
            "$ref": "#/definitions/___traits_trait_id_json"
        },
        "additional_properties": {
            "$ref": "#/definitions/___traits_trait_additional_properties_json"
        },
        "description": {
            "description": "A short description or tagline about this site",
            "type": "string"
        },
        "name": {
            "description": "The name of this site",
            "type": "string"
        },
        "parent_id": {
            "description": "The id of this section's parent site, if any",
            "type": "string"
        },
        "path": {
            "description": "The url path to this site",
            "type": "string"
        },
        "primary": {
            "description": "Is this the primary site?",
            "type": "boolean"
        },
        "type": {
            "enum": [
                "site"
            ]
        },
        "version": {
            "$ref": "#/definitions/___traits_trait_version_json"
        }
    },
    "required": [
        "type",
        "version",
        "name"
    ],
    "title": "Site",
    "type": "object"
}