{
    "description": "Configuration for a piece of video content, over a stream.",
    "properties": {
        "audio_codec": {
            "description": "The audio codec.",
            "type": "string"
        },
        "bitrate": {
            "description": "The bitrate of the video",
            "type": "number"
        },
        "filesize": {
            "description": "The size of the video, in bytes.",
            "type": "number"
        },
        "height": {
            "description": "The height of the video.",
            "type": "number"
        },
        "provider": {
            "description": "The provider of the video.",
            "type": "string"
        },
        "stream_type": {
            "description": "The type of video (e.g. mp4).",
            "type": "string"
        },
        "url": {
            "description": "Where to get the stream from.",
            "type": "string"
        },
        "video_codec": {
            "description": "The video codec.",
            "type": "string"
        },
        "width": {
            "description": "The width of the video.",
            "type": "number"
        }
    },
    "title": "A stream of video.",
    "type": "object"
}