{
    "additionalProperties": false,
    "description": "Models a auxiliary used in targeting a piece of content.",
    "properties": {
        "_id": {
            "description": "The unique identifier for this auxiliary.",
            "type": "string"
        },
        "name": {
            "description": "The general name for this auxiliary.",
            "type": "string"
        },
        "uid": {
            "description": "A short identifier for this auxiliary. Usually used in cases where a long form id cannot work.",
            "type": "string"
        }
    },
    "required": [
        "_id",
        "uid"
    ],
    "title": "Auxiliary",
    "type": "object"
}