{
    "additionalProperties": false,
    "definitions": {
        "trait_additional_properties_json": {
            "$schema": "http://json-schema.org/draft-04/schema#",
            "additionalProperties": {},
            "description": "A grab-bag object for non-validatable data.",
            "title": "Has additional properties",
            "type": "object"
        }
    },
    "description": "Trait that applies workflow information to a document or resource. In the Arc ecosystem, this data is generated by WebSked.",
    "properties": {
        "additional_properties": {
            "$ref": "#/definitions/trait_additional_properties_json"
        },
        "note": {
            "description": "This note will be used for any task automatically generated via WebSked task triggers.",
            "type": "string"
        },
        "status_code": {
            "description": "Code indicating the story's current workflow status. This number should match the values configured in WebSked.",
            "minimum": 1,
            "type": "integer"
        }
    },
    "title": "Workflow information",
    "type": "object"
}