{
    "additionalProperties": false,
    "definitions": {
        "___traits_trait_additional_properties_json": {
            "$schema": "http://json-schema.org/draft-04/schema#",
            "additionalProperties": {},
            "description": "A grab-bag object for non-validatable data.",
            "title": "Has additional properties",
            "type": "object"
        },
        "___traits_trait_id_json": {
            "$schema": "http://json-schema.org/draft-04/schema#",
            "description": "A globally unique identifier of the content in the ANS repository.",
            "title": "Globally Unique ID trait",
            "type": "string"
        },
        "___traits_trait_slug_json": {
            "$schema": "http://json-schema.org/draft-04/schema#",
            "description": "A short reference name for internal editorial use",
            "title": "Slug",
            "type": "string"
        },
        "___traits_trait_subtype_json": {
            "$schema": "http://json-schema.org/draft-04/schema#",
            "description": "A user-defined categorization method to supplement type. In Arc, this field is reserved for organization-defined purposes, such as selecting the PageBuilder template that should be used to render a document.",
            "title": "Subtype or Template",
            "type": "string"
        }
    },
    "description": "Models a keyword used in describing a piece of content.",
    "properties": {
        "_id": {
            "$ref": "#/definitions/___traits_trait_id_json"
        },
        "additional_properties": {
            "$ref": "#/definitions/___traits_trait_additional_properties_json"
        },
        "description": {
            "description": "A more detailed description of the tag.",
            "type": "string"
        },
        "slug": {
            "$ref": "#/definitions/___traits_trait_slug_json"
        },
        "subtype": {
            "$ref": "#/definitions/___traits_trait_subtype_json"
        },
        "text": {
            "description": "The text of the tag as displayed to users.",
            "type": "string"
        },
        "type": {
            "enum": [
                "tag"
            ]
        }
    },
    "required": [
        "text"
    ],
    "title": "Tag",
    "type": "object"
}