{
    "additionalProperties": false,
    "definitions": {
        "___traits_trait_additional_properties_json": {
            "$schema": "http://json-schema.org/draft-04/schema#",
            "additionalProperties": {},
            "description": "A grab-bag object for non-validatable data.",
            "title": "Has additional properties",
            "type": "object"
        },
        "___traits_trait_channel_json": {
            "$schema": "http://json-schema.org/draft-04/schema#",
            "description": "An optional list of output types for which this element should be visible",
            "items": {
                "type": "string"
            },
            "title": "Channel trait",
            "type": "array"
        },
        "___traits_trait_id_json": {
            "$schema": "http://json-schema.org/draft-04/schema#",
            "description": "A globally unique identifier of the content in the ANS repository.",
            "title": "Globally Unique ID trait",
            "type": "string"
        },
        "___traits_trait_subtype_json": {
            "$schema": "http://json-schema.org/draft-04/schema#",
            "description": "A user-defined categorization method to supplement type. In Arc, this field is reserved for organization-defined purposes, such as selecting the PageBuilder template that should be used to render a document.",
            "title": "Subtype or Template",
            "type": "string"
        }
    },
    "description": "An oembed object",
    "properties": {
        "_id": {
            "$ref": "#/definitions/___traits_trait_id_json"
        },
        "additional_properties": {
            "$ref": "#/definitions/___traits_trait_additional_properties_json"
        },
        "channels": {
            "$ref": "#/definitions/___traits_trait_channel_json"
        },
        "raw_oembed": {
            "additionalProperties": {},
            "type": "object"
        },
        "referent": {
            "additionalProperties": false,
            "properties": {
                "id": {
                    "description": "The id passed to the provider to retrieve an ANS document",
                    "type": "string"
                },
                "provider": {
                    "description": "A URL that can resolve the id into an ANS element",
                    "type": "string"
                }
            },
            "required": [
                "provider",
                "id"
            ],
            "type": "object"
        },
        "subtype": {
            "$ref": "#/definitions/___traits_trait_subtype_json"
        },
        "type": {
            "enum": [
                "oembed_response"
            ]
        }
    },
    "type": "object"
}