{
    "additionalProperties": false,
    "definitions": {
        "trait_additional_properties_json": {
            "$schema": "http://json-schema.org/draft-04/schema#",
            "additionalProperties": {},
            "description": "A grab-bag object for non-validatable data.",
            "title": "Has additional properties",
            "type": "object"
        }
    },
    "dependencies": {
        "extended_address": [
            "street_address"
        ],
        "post_office_box": [
            "street_address"
        ]
    },
    "description": "An Address following the convention of http://microformats.org/wiki/hcard",
    "properties": {
        "additional_properties": {
            "$ref": "#/definitions/trait_additional_properties_json"
        },
        "country_name": {
            "type": "string"
        },
        "extended_address": {
            "type": "string"
        },
        "locality": {
            "type": "string"
        },
        "post_office_box": {
            "type": "string"
        },
        "postal_code": {
            "type": "string"
        },
        "region": {
            "type": "string"
        },
        "street_address": {
            "type": "string"
        }
    },
    "title": "Address",
    "type": "object"
}