{
    "definitions": {
        "___utils_content_element_json": {
            "$schema": "http://json-schema.org/draft-04/schema#",
            "additionalProperties": {},
            "description": "An item that conforms to this schema can be rendered in a sequence",
            "properties": {
                "_id": {
                    "$ref": "#/definitions/trait_id_json"
                },
                "additional_properties": {
                    "$ref": "#/definitions/trait_additional_properties_json"
                },
                "alignment": {
                    "$ref": "#/definitions/trait_alignment_json"
                },
                "channels": {
                    "$ref": "#/definitions/trait_channel_json"
                },
                "gallery_properties": {
                    "$ref": "#/definitions/trait_gallery_properties_json"
                },
                "subtype": {
                    "$ref": "#/definitions/trait_subtype_json"
                },
                "type": {
                    "type": "string"
                }
            },
            "required": [
                "type"
            ],
            "title": "An element that can be listed as part of content elements",
            "type": "object"
        },
        "trait_additional_properties_json": {
            "$schema": "http://json-schema.org/draft-04/schema#",
            "additionalProperties": {},
            "description": "A grab-bag object for non-validatable data.",
            "title": "Has additional properties",
            "type": "object"
        },
        "trait_alignment_json": {
            "$schema": "http://json-schema.org/draft-04/schema#",
            "description": "A property used to determine horizontal positioning of a content element relative to the elements that immediately follow it in the element sequence.",
            "enum": [
                "left",
                "right",
                "center"
            ],
            "title": "Alignment",
            "type": "string"
        },
        "trait_channel_json": {
            "$schema": "http://json-schema.org/draft-04/schema#",
            "description": "An optional list of output types for which this element should be visible",
            "items": {
                "type": "string"
            },
            "title": "Channel trait",
            "type": "array"
        },
        "trait_focal_point_json": {
            "$schema": "http://json-schema.org/draft-04/schema#",
            "description": "Coordinates representing the 'visual center' of an image. The X axis is horizontal line and the Y axis the vertical line, with 0,0 being the LEFT, TOP of the image.",
            "properties": {
                "x": {
                    "description": "The coordinate point on the horizontal axis",
                    "type": "number"
                },
                "y": {
                    "description": "The coordinate point on the vertical axis",
                    "type": "number"
                }
            },
            "required": [
                "x",
                "y"
            ],
            "title": "Focal Point",
            "type": "object"
        },
        "trait_gallery_properties_json": {
            "$schema": "http://json-schema.org/draft-04/schema#",
            "description": "An object for overrides for images when images are used in a gallery. Example usage: Each image in a gallery may have the images own focal point overridden by the gallery.",
            "gallery_properties": {
                "focal_point": {
                    "$ref": "#/definitions/trait_focal_point_json"
                }
            },
            "title": "Has gallery properties",
            "type": "object"
        },
        "trait_id_json": {
            "$schema": "http://json-schema.org/draft-04/schema#",
            "description": "A globally unique identifier of the content in the ANS repository.",
            "title": "Globally Unique ID trait",
            "type": "string"
        },
        "trait_subtype_json": {
            "$schema": "http://json-schema.org/draft-04/schema#",
            "description": "A user-defined categorization method to supplement type. In Arc, this field is reserved for organization-defined purposes, such as selecting the PageBuilder template that should be used to render a document.",
            "title": "Subtype or Template",
            "type": "string"
        }
    },
    "description": "Holds attributes of an ANS collection - a common parent to story and gallery objects.",
    "items": {
        "$ref": "#/definitions/___utils_content_element_json"
    },
    "title": "A collection of content.",
    "type": "array"
}