{
    "additionalProperties": {},
    "definitions": {
        "trait_additional_properties_json": {
            "$schema": "http://json-schema.org/draft-04/schema#",
            "additionalProperties": {},
            "description": "A grab-bag object for non-validatable data.",
            "title": "Has additional properties",
            "type": "object"
        }
    },
    "description": "Comment configuration data",
    "properties": {
        "additional_properties": {
            "$ref": "#/definitions/trait_additional_properties_json"
        },
        "allow_comments": {
            "description": "If false, commenting is disabled on this content.",
            "type": "boolean"
        },
        "comments_period": {
            "description": "How long (in days) after publish date until comments are closed.",
            "type": "integer"
        },
        "display_comments": {
            "description": "If false, do not render comments on this content.",
            "type": "boolean"
        },
        "moderation_required": {
            "description": "If true, comments must be moderator-approved before being displayed.",
            "type": "boolean"
        }
    },
    "title": "Comments",
    "type": "object"
}