{
    "description": "Trait that applies common publishing-related dates to a schema.",
    "properties": {
        "created_date": {
            "_format": "date-time",
            "description": "When the content was originally created (RFC3339-formatted).",
            "type": "string"
        },
        "last_updated_date": {
            "_format": "date-time",
            "description": "When the content was last updated (RFC3339-formatted).",
            "type": "string"
        }
    },
    "title": "Dated trait",
    "type": "object"
}