{
    "definitions": {
        "___story_elements_correction_json": {
            "$schema": "http://json-schema.org/draft-04/schema#",
            "additionalProperties": false,
            "description": "Describes a change that has been made to the document for transparency, or describes inaccuracies or falsehoods that remain in the document.",
            "properties": {
                "_id": {
                    "$ref": "#/definitions/trait_id_json"
                },
                "additional_properties": {
                    "$ref": "#/definitions/trait_additional_properties_json"
                },
                "alignment": {
                    "$ref": "#/definitions/trait_alignment_json"
                },
                "channels": {
                    "$ref": "#/definitions/trait_channel_json"
                },
                "correction_type": {
                    "description": "Type of correction. E.g., clarification, retraction.",
                    "type": "string"
                },
                "subtype": {
                    "$ref": "#/definitions/trait_subtype_json"
                },
                "text": {
                    "description": "The text of the correction.",
                    "type": "string"
                },
                "type": {
                    "enum": [
                        "correction"
                    ],
                    "type": "string"
                }
            },
            "required": [
                "type",
                "text"
            ],
            "title": "Correction",
            "type": "object"
        },
        "trait_additional_properties_json": {
            "$schema": "http://json-schema.org/draft-04/schema#",
            "additionalProperties": {},
            "description": "A grab-bag object for non-validatable data.",
            "title": "Has additional properties",
            "type": "object"
        },
        "trait_alignment_json": {
            "$schema": "http://json-schema.org/draft-04/schema#",
            "description": "A property used to determine horizontal positioning of a content element relative to the elements that immediately follow it in the element sequence.",
            "enum": [
                "left",
                "right",
                "center"
            ],
            "title": "Alignment",
            "type": "string"
        },
        "trait_channel_json": {
            "$schema": "http://json-schema.org/draft-04/schema#",
            "description": "An optional list of output types for which this element should be visible",
            "items": {
                "type": "string"
            },
            "title": "Channel trait",
            "type": "array"
        },
        "trait_id_json": {
            "$schema": "http://json-schema.org/draft-04/schema#",
            "description": "A globally unique identifier of the content in the ANS repository.",
            "title": "Globally Unique ID trait",
            "type": "string"
        },
        "trait_subtype_json": {
            "$schema": "http://json-schema.org/draft-04/schema#",
            "description": "A user-defined categorization method to supplement type. In Arc, this field is reserved for organization-defined purposes, such as selecting the PageBuilder template that should be used to render a document.",
            "title": "Subtype or Template",
            "type": "string"
        }
    },
    "description": "Trait that applies a list of corrections to a document.",
    "items": {
        "$ref": "#/definitions/___story_elements_correction_json"
    },
    "title": "Corrections",
    "type": "array"
}