{
    "$ref": "#/definitions/___utils_dictionary_json",
    "definitions": {
        "___utils_dictionary_json": {
            "$schema": "http://json-schema.org/draft-04/schema#",
            "patternProperties": {
                ".*": {
                    "type": "string"
                }
            },
            "properties": {
                "basic": {
                    "type": "string"
                }
            },
            "required": [
                "basic"
            ]
        }
    },
    "description": "The descriptions, or blurbs, for the content.",
    "title": "Description",
    "type": "object"
}