{
    "description": "Dynamic items for Collection Query Backfill",
    "properties": {
        "ids": {
            "description": "A list of Section or Tag IDs that will be used to Backfill queries.",
            "items": {
                "type": "string"
            },
            "maxItems": 100,
            "type": "array"
        },
        "type": {
            "description": "Section or Tag for query backfilling",
            "enum": [
                "sections",
                "tags"
            ],
            "title": "Type",
            "type": "string"
        }
    },
    "title": "Dynamic Items",
    "type": "object"
}