{
    "description": "Coordinates representing the 'visual center' of an image. The X axis is horizontal line and the Y axis the vertical line, with 0,0 being the LEFT, TOP of the image.",
    "properties": {
        "x": {
            "description": "The coordinate point on the horizontal axis",
            "type": "number"
        },
        "y": {
            "description": "The coordinate point on the vertical axis",
            "type": "number"
        }
    },
    "required": [
        "x",
        "y"
    ],
    "title": "Focal Point",
    "type": "object"
}