{
    "$ref": "#/definitions/___utils_dictionary_json",
    "definitions": {
        "___utils_dictionary_json": {
            "$schema": "http://json-schema.org/draft-04/schema#",
            "patternProperties": {
                ".*": {
                    "type": "string"
                }
            },
            "properties": {
                "basic": {
                    "type": "string"
                }
            },
            "required": [
                "basic"
            ]
        }
    },
    "description": "The headline(s) or title for this content.  The 'basic' key is required.",
    "title": "Headlines",
    "type": "object"
}