{
    "additionalProperties": false,
    "definitions": {
        "trait_additional_properties_json": {
            "$schema": "http://json-schema.org/draft-04/schema#",
            "additionalProperties": {},
            "description": "A grab-bag object for non-validatable data.",
            "title": "Has additional properties",
            "type": "object"
        },
        "trait_platform_pitch_event_json": {
            "$schema": "http://json-schema.org/draft-04/schema#",
            "additionalProperties": false,
            "description": "Trait that represents an update event for a pitch to a platform. In the Arc ecosystem, this data is generated by WebSked.",
            "properties": {
                "additional_properties": {
                    "$ref": "#/definitions/trait_additional_properties_json"
                },
                "note": {
                    "description": "Optional note associated with this update.",
                    "type": "string"
                },
                "status": {
                    "description": "The current status of the pitch.",
                    "pattern": "^([a-z]|[ ])*$",
                    "type": "string"
                },
                "time": {
                    "_format": "date-time",
                    "description": "The time of this update.",
                    "type": "string"
                },
                "user_id": {
                    "description": "The ID of the user who made this update.",
                    "type": "string"
                }
            },
            "title": "Platform pitch event",
            "type": "object"
        },
        "trait_platform_pitch_json": {
            "$schema": "http://json-schema.org/draft-04/schema#",
            "additionalProperties": false,
            "description": "Trait that represents a pitch to a platform. In the Arc ecosystem, this data is generated by WebSked.",
            "properties": {
                "additional_properties": {
                    "$ref": "#/definitions/trait_additional_properties_json"
                },
                "creation_event": {
                    "$ref": "#/definitions/trait_platform_pitch_event_json"
                },
                "latest_event": {
                    "$ref": "#/definitions/trait_platform_pitch_event_json"
                },
                "platform_path": {
                    "description": "The path of the platform that this pitch targets.",
                    "type": "string"
                }
            },
            "title": "Platform pitch",
            "type": "object"
        },
        "trait_publication_pitch_event_json": {
            "$schema": "http://json-schema.org/draft-04/schema#",
            "additionalProperties": false,
            "description": "Trait that represents an update event for a pitch to a publication. In the Arc ecosystem, this data is generated by WebSked.",
            "properties": {
                "additional_properties": {
                    "$ref": "#/definitions/trait_additional_properties_json"
                },
                "edition_id": {
                    "description": "The ID of the publication edition that this pitch targets.",
                    "type": "string"
                },
                "edition_time": {
                    "_format": "date-time",
                    "description": "The time of the publication edition that this pitch targets.",
                    "type": "string"
                },
                "note": {
                    "description": "Optional note associated with this update.",
                    "type": "string"
                },
                "status": {
                    "description": "The current status of the pitch.",
                    "pattern": "^([a-z]|[ ])*$",
                    "type": "string"
                },
                "time": {
                    "_format": "date-time",
                    "description": "The time of this update.",
                    "type": "string"
                },
                "user_id": {
                    "description": "The ID of the user who made this update.",
                    "type": "string"
                }
            },
            "title": "Publication pitch event",
            "type": "object"
        },
        "trait_publication_pitch_json": {
            "$schema": "http://json-schema.org/draft-04/schema#",
            "additionalProperties": false,
            "description": "Trait that represents a pitch to a publication. In the Arc ecosystem, this data is generated by WebSked.",
            "properties": {
                "additional_properties": {
                    "$ref": "#/definitions/trait_additional_properties_json"
                },
                "creation_event": {
                    "$ref": "#/definitions/trait_publication_pitch_event_json"
                },
                "latest_event": {
                    "$ref": "#/definitions/trait_publication_pitch_event_json"
                },
                "publication_id": {
                    "description": "The ID of the publication that this pitch targets.",
                    "type": "string"
                }
            },
            "title": "Publication pitch",
            "type": "object"
        }
    },
    "description": "Trait that represents a story's pitches. In the Arc ecosystem, this data is generated by WebSked.",
    "properties": {
        "additional_properties": {
            "$ref": "#/definitions/trait_additional_properties_json"
        },
        "platform": {
            "description": "A list of the story's pitches to a platform.",
            "items": {
                "$ref": "#/definitions/trait_platform_pitch_json"
            },
            "type": "array"
        },
        "publication": {
            "description": "A list of the story's pitches to a publication.",
            "items": {
                "$ref": "#/definitions/trait_publication_pitch_json"
            },
            "type": "array"
        }
    },
    "title": "Pitches",
    "type": "object"
}