{
    "description": "Various unrelated fields that should be preserved for backwards-compatibility reasons. See also trait_source.",
    "properties": {
        "id": {
            "description": "The machine-readable unique identifier of the organization whose database this content is stored in. In Arc, this is equivalent to ARC_ORG_NAME.",
            "type": "string"
        },
        "name": {
            "description": "Deprecated in 0.10.9. See `distributor.name`. (Formerly: The human-readable name of original producer of content. Distinguishes between Wires, Staff and other sources.)",
            "type": "string"
        },
        "sponsored": {
            "description": "True if this content is advertorial or native advertising.",
            "type": "boolean"
        }
    },
    "title": "Owner information ",
    "type": "object"
}