{
    "additionalProperties": false,
    "definitions": {
        "trait_additional_properties_json": {
            "$schema": "http://json-schema.org/draft-04/schema#",
            "additionalProperties": {},
            "description": "A grab-bag object for non-validatable data.",
            "title": "Has additional properties",
            "type": "object"
        },
        "trait_platform_pitch_event_json": {
            "$schema": "http://json-schema.org/draft-04/schema#",
            "additionalProperties": false,
            "description": "Trait that represents an update event for a pitch to a platform. In the Arc ecosystem, this data is generated by WebSked.",
            "properties": {
                "additional_properties": {
                    "$ref": "#/definitions/trait_additional_properties_json"
                },
                "note": {
                    "description": "Optional note associated with this update.",
                    "type": "string"
                },
                "status": {
                    "description": "The current status of the pitch.",
                    "pattern": "^([a-z]|[ ])*$",
                    "type": "string"
                },
                "time": {
                    "_format": "date-time",
                    "description": "The time of this update.",
                    "type": "string"
                },
                "user_id": {
                    "description": "The ID of the user who made this update.",
                    "type": "string"
                }
            },
            "title": "Platform pitch event",
            "type": "object"
        }
    },
    "description": "Trait that represents a pitch to a platform. In the Arc ecosystem, this data is generated by WebSked.",
    "properties": {
        "additional_properties": {
            "$ref": "#/definitions/trait_additional_properties_json"
        },
        "creation_event": {
            "$ref": "#/definitions/trait_platform_pitch_event_json"
        },
        "latest_event": {
            "$ref": "#/definitions/trait_platform_pitch_event_json"
        },
        "platform_path": {
            "description": "The path of the platform that this pitch targets.",
            "type": "string"
        }
    },
    "title": "Platform pitch",
    "type": "object"
}