{
    "additionalProperties": false,
    "definitions": {
        "trait_additional_properties_json": {
            "$schema": "http://json-schema.org/draft-04/schema#",
            "additionalProperties": {},
            "description": "A grab-bag object for non-validatable data.",
            "title": "Has additional properties",
            "type": "object"
        }
    },
    "description": "Trait that represents an update event for a pitch to a publication. In the Arc ecosystem, this data is generated by WebSked.",
    "properties": {
        "additional_properties": {
            "$ref": "#/definitions/trait_additional_properties_json"
        },
        "edition_id": {
            "description": "The ID of the publication edition that this pitch targets.",
            "type": "string"
        },
        "edition_time": {
            "_format": "date-time",
            "description": "The time of the publication edition that this pitch targets.",
            "type": "string"
        },
        "note": {
            "description": "Optional note associated with this update.",
            "type": "string"
        },
        "status": {
            "description": "The current status of the pitch.",
            "pattern": "^([a-z]|[ ])*$",
            "type": "string"
        },
        "time": {
            "_format": "date-time",
            "description": "The time of this update.",
            "type": "string"
        },
        "user_id": {
            "description": "The ID of the user who made this update.",
            "type": "string"
        }
    },
    "title": "Publication pitch event",
    "type": "object"
}