{
    "additionalProperties": false,
    "definitions": {
        "trait_additional_properties_json": {
            "$schema": "http://json-schema.org/draft-04/schema#",
            "additionalProperties": {},
            "description": "A grab-bag object for non-validatable data.",
            "title": "Has additional properties",
            "type": "object"
        }
    },
    "description": "Information about the original source and/or owner of this content",
    "properties": {
        "additional_properties": {
            "$ref": "#/definitions/trait_additional_properties_json"
        },
        "edit_url": {
            "description": "A link to edit this content in its source CMS.",
            "type": "string"
        },
        "name": {
            "description": "Deprecated in  0.10.9. See `distributor.name`. (Formerly: The human-readable name of the organization who first produced this content. E.g., 'Reuters'.)",
            "type": "string"
        },
        "source_id": {
            "description": "The id of this content in a foreign CMS.",
            "type": "string"
        },
        "source_type": {
            "description": "Deprecated in 0.10.9. See `distributor.category` and `distributor.subcategory`. (Formerly: The method used to enter this content. E.g. 'staff', 'wires'.)",
            "type": "string"
        },
        "system": {
            "description": "The software (CMS or editor) that was used to enter this content. E.g., 'wordpress', 'ellipsis'.",
            "type": "string"
        }
    },
    "title": "Source",
    "type": "object"
}