{
    "description": "Trait that provides suggestions for the rendering system.",
    "properties": {
        "preferred_method": {
            "description": "The preferred rendering method of the story. Blank means there is no preference. If the rendering application is aware of these other options, it can decide to either use one of them, render messaging to the viewer, or render the story as normal",
            "items": {
                "anyOf": [
                    {
                        "description": "Well-known values that describe the most common values. 'website' describes a traditional browser experience. 'native' describes a device specific application.",
                        "enum": [
                            "website",
                            "native"
                        ]
                    },
                    {
                        "description": "Other than the well-known values are allowed, and can be ignored if not recognized",
                        "type": "string"
                    }
                ]
            },
            "type": "array"
        }
    },
    "title": "Rendering Guides",
    "type": "object"
}