objectId,exceptionName,message
draft2019_09_valid_boolean_schema_id10_subschema1_not_2,StandardGenerationException,"{valid=false, keywordLocation=http://json-schema.org/draft-04/schema, absoluteKeywordLocation=http://json-schema.org/draft-04/schema, instanceLocation=, errors=[{valid=false, error=Expected: [object] Found: [boolean], keywordLocation=http://json-schema.org/draft-04/schema, absoluteKeywordLocation=http://json-schema.org/draft-04/schema, instanceLocation=#/allOf/1/not}]}"
draft2019_09_valid_boolean_schema_id16_subschema1_not_2,StandardGenerationException,"{valid=false, keywordLocation=http://json-schema.org/draft-04/schema, absoluteKeywordLocation=http://json-schema.org/draft-04/schema, instanceLocation=, errors=[{valid=false, error=Expected: [object] Found: [boolean], keywordLocation=http://json-schema.org/draft-04/schema, absoluteKeywordLocation=http://json-schema.org/draft-04/schema, instanceLocation=#/allOf/1/not}]}"
draft2019_09_valid_boolean_schema_id18_subschema1_not_2,StandardGenerationException,"{valid=false, keywordLocation=http://json-schema.org/draft-04/schema, absoluteKeywordLocation=http://json-schema.org/draft-04/schema, instanceLocation=, errors=[{valid=false, error=Expected: [object] Found: [boolean], keywordLocation=http://json-schema.org/draft-04/schema, absoluteKeywordLocation=http://json-schema.org/draft-04/schema, instanceLocation=#/allOf/1/not}]}"
draft2019_09_valid_boolean_schema_id12_subschema1_not_2,StandardGenerationException,"{valid=false, keywordLocation=http://json-schema.org/draft-04/schema, absoluteKeywordLocation=http://json-schema.org/draft-04/schema, instanceLocation=, errors=[{valid=false, error=Expected: [object] Found: [boolean], keywordLocation=http://json-schema.org/draft-04/schema, absoluteKeywordLocation=http://json-schema.org/draft-04/schema, instanceLocation=#/allOf/1/not}]}"
draft2019_09_valid_boolean_schema_id14_subschema1_not_2,StandardGenerationException,"{valid=false, keywordLocation=http://json-schema.org/draft-04/schema, absoluteKeywordLocation=http://json-schema.org/draft-04/schema, instanceLocation=, errors=[{valid=false, error=Expected: [object] Found: [boolean], keywordLocation=http://json-schema.org/draft-04/schema, absoluteKeywordLocation=http://json-schema.org/draft-04/schema, instanceLocation=#/allOf/1/not}]}"
draft2019_09_valid_boolean_schema_id11_subschema1_not_2,StandardGenerationException,"{valid=false, keywordLocation=http://json-schema.org/draft-04/schema, absoluteKeywordLocation=http://json-schema.org/draft-04/schema, instanceLocation=, errors=[{valid=false, error=Expected: [object] Found: [boolean], keywordLocation=http://json-schema.org/draft-04/schema, absoluteKeywordLocation=http://json-schema.org/draft-04/schema, instanceLocation=#/allOf/1/not}]}"
draft2019_09_valid_boolean_schema_id13_subschema1_not_2,StandardGenerationException,"{valid=false, keywordLocation=http://json-schema.org/draft-04/schema, absoluteKeywordLocation=http://json-schema.org/draft-04/schema, instanceLocation=, errors=[{valid=false, error=Expected: [object] Found: [boolean], keywordLocation=http://json-schema.org/draft-04/schema, absoluteKeywordLocation=http://json-schema.org/draft-04/schema, instanceLocation=#/allOf/1/not}]}"
draft2019_09_nonvalid_boolean_schema_id1_subschema1_not_2,StandardGenerationException,"{valid=false, keywordLocation=http://json-schema.org/draft-04/schema, absoluteKeywordLocation=http://json-schema.org/draft-04/schema, instanceLocation=, errors=[{valid=false, error=Expected: [object] Found: [boolean], keywordLocation=http://json-schema.org/draft-04/schema, absoluteKeywordLocation=http://json-schema.org/draft-04/schema, instanceLocation=#/allOf/1/not/not}]}"
draft2019_09_nonvalid_boolean_schema_id7_subschema1_not_2,StandardGenerationException,"{valid=false, keywordLocation=http://json-schema.org/draft-04/schema, absoluteKeywordLocation=http://json-schema.org/draft-04/schema, instanceLocation=, errors=[{valid=false, error=Expected: [object] Found: [boolean], keywordLocation=http://json-schema.org/draft-04/schema, absoluteKeywordLocation=http://json-schema.org/draft-04/schema, instanceLocation=#/allOf/1/not/not}]}"
draft2019_09_nonvalid_boolean_schema_id9_subschema1_not_2,StandardGenerationException,"{valid=false, keywordLocation=http://json-schema.org/draft-04/schema, absoluteKeywordLocation=http://json-schema.org/draft-04/schema, instanceLocation=, errors=[{valid=false, error=Expected: [object] Found: [boolean], keywordLocation=http://json-schema.org/draft-04/schema, absoluteKeywordLocation=http://json-schema.org/draft-04/schema, instanceLocation=#/allOf/1/not/not}]}"
draft2019_09_nonvalid_boolean_schema_id3_subschema1_not_2,StandardGenerationException,"{valid=false, keywordLocation=http://json-schema.org/draft-04/schema, absoluteKeywordLocation=http://json-schema.org/draft-04/schema, instanceLocation=, errors=[{valid=false, error=Expected: [object] Found: [boolean], keywordLocation=http://json-schema.org/draft-04/schema, absoluteKeywordLocation=http://json-schema.org/draft-04/schema, instanceLocation=#/allOf/1/not/not}]}"
draft2019_09_nonvalid_boolean_schema_id5_subschema1_not_2,StandardGenerationException,"{valid=false, keywordLocation=http://json-schema.org/draft-04/schema, absoluteKeywordLocation=http://json-schema.org/draft-04/schema, instanceLocation=, errors=[{valid=false, error=Expected: [object] Found: [boolean], keywordLocation=http://json-schema.org/draft-04/schema, absoluteKeywordLocation=http://json-schema.org/draft-04/schema, instanceLocation=#/allOf/1/not/not}]}"
draft2019_09_nonvalid_boolean_schema_id2_subschema1_not_2,StandardGenerationException,"{valid=false, keywordLocation=http://json-schema.org/draft-04/schema, absoluteKeywordLocation=http://json-schema.org/draft-04/schema, instanceLocation=, errors=[{valid=false, error=Expected: [object] Found: [boolean], keywordLocation=http://json-schema.org/draft-04/schema, absoluteKeywordLocation=http://json-schema.org/draft-04/schema, instanceLocation=#/allOf/1/not/not}]}"
draft2019_09_nonvalid_boolean_schema_id4_subschema1_not_2,StandardGenerationException,"{valid=false, keywordLocation=http://json-schema.org/draft-04/schema, absoluteKeywordLocation=http://json-schema.org/draft-04/schema, instanceLocation=, errors=[{valid=false, error=Expected: [object] Found: [boolean], keywordLocation=http://json-schema.org/draft-04/schema, absoluteKeywordLocation=http://json-schema.org/draft-04/schema, instanceLocation=#/allOf/1/not/not}]}"
draft2019_09_valid_boolean_schema_id17_subschema1_not_2,StandardGenerationException,"{valid=false, keywordLocation=http://json-schema.org/draft-04/schema, absoluteKeywordLocation=http://json-schema.org/draft-04/schema, instanceLocation=, errors=[{valid=false, error=Expected: [object] Found: [boolean], keywordLocation=http://json-schema.org/draft-04/schema, absoluteKeywordLocation=http://json-schema.org/draft-04/schema, instanceLocation=#/allOf/1/not}]}"
draft2019_09_valid_type_id41_subschema1_not_2,NullPointerException,null
draft2019_09_valid_type_id18_subschema1_not_2,NullPointerException,null
draft2019_09_valid_type_id27_subschema1_not_2,NullPointerException,null
draft2019_09_valid_type_id34_subschema1_not_2,NullPointerException,null
draft2019_09_valid_type_id51_subschema1_not_2,NullPointerException,null
draft2019_09_valid_type_id9_subschema1_not_2,NullPointerException,null
draft2019_09_valid_boolean_schema_id15_subschema1_not_2,StandardGenerationException,"{valid=false, keywordLocation=http://json-schema.org/draft-04/schema, absoluteKeywordLocation=http://json-schema.org/draft-04/schema, instanceLocation=, errors=[{valid=false, error=Expected: [object] Found: [boolean], keywordLocation=http://json-schema.org/draft-04/schema, absoluteKeywordLocation=http://json-schema.org/draft-04/schema, instanceLocation=#/allOf/1/not}]}"
draft2019_09_nonvalid_boolean_schema_id8_subschema1_not_2,StandardGenerationException,"{valid=false, keywordLocation=http://json-schema.org/draft-04/schema, absoluteKeywordLocation=http://json-schema.org/draft-04/schema, instanceLocation=, errors=[{valid=false, error=Expected: [object] Found: [boolean], keywordLocation=http://json-schema.org/draft-04/schema, absoluteKeywordLocation=http://json-schema.org/draft-04/schema, instanceLocation=#/allOf/1/not/not}]}"
draft2019_09_nonvalid_items_id10_subschema1_not_2,StandardGenerationException,"{valid=false, keywordLocation=http://json-schema.org/draft-04/schema, absoluteKeywordLocation=http://json-schema.org/draft-04/schema, instanceLocation=, errors=[{valid=false, error=All anyOf failed: [[true at #/allOf/1/not/not/items failed against http://json-schema.org/draft-04/schema with ""Expected: [object] Found: [boolean]""], [true at #/allOf/1/not/not/items failed against http://json-schema.org/draft-04/schema#/definitions/schemaArray with ""Expected: [array] Found: [boolean]""]], keywordLocation=http://json-schema.org/draft-04/schema#/properties/items, absoluteKeywordLocation=http://json-schema.org/draft-04/schema#/properties/items, instanceLocation=#/allOf/1/not/not/items}]}"
draft2019_09_nonvalid_boolean_schema_id6_subschema1_not_2,StandardGenerationException,"{valid=false, keywordLocation=http://json-schema.org/draft-04/schema, absoluteKeywordLocation=http://json-schema.org/draft-04/schema, instanceLocation=, errors=[{valid=false, error=Expected: [object] Found: [boolean], keywordLocation=http://json-schema.org/draft-04/schema, absoluteKeywordLocation=http://json-schema.org/draft-04/schema, instanceLocation=#/allOf/1/not/not}]}"
draft2019_09_nonvalid_items_id11_subschema1_not_2,StandardGenerationException,"{valid=false, keywordLocation=http://json-schema.org/draft-04/schema, absoluteKeywordLocation=http://json-schema.org/draft-04/schema, instanceLocation=, errors=[{valid=false, error=All anyOf failed: [[false at #/allOf/1/not/not/items failed against http://json-schema.org/draft-04/schema with ""Expected: [object] Found: [boolean]""], [false at #/allOf/1/not/not/items failed against http://json-schema.org/draft-04/schema#/definitions/schemaArray with ""Expected: [array] Found: [boolean]""]], keywordLocation=http://json-schema.org/draft-04/schema#/properties/items, absoluteKeywordLocation=http://json-schema.org/draft-04/schema#/properties/items, instanceLocation=#/allOf/1/not/not/items}]}"
draft2019_09_nonvalid_not_id6_subschema1_not_2,StandardGenerationException,"{valid=false, keywordLocation=http://json-schema.org/draft-04/schema, absoluteKeywordLocation=http://json-schema.org/draft-04/schema, instanceLocation=, errors=[{valid=false, error=Expected: [object] Found: [boolean], keywordLocation=http://json-schema.org/draft-04/schema, absoluteKeywordLocation=http://json-schema.org/draft-04/schema, instanceLocation=#/allOf/1/not/not/not}]}"
draft2019_09_nonvalid_type_id13_subschema1_not_2,NullPointerException,null
draft2019_09_nonvalid_pattern_id7_subschema1_not_2,NullPointerException,null
draft2019_09_valid_allOf_id13_subschema1_not_2,StandardGenerationException,"{valid=false, keywordLocation=http://json-schema.org/draft-04/schema, absoluteKeywordLocation=http://json-schema.org/draft-04/schema, instanceLocation=, errors=[{valid=false, error=Expected: [object] Found: [boolean], keywordLocation=http://json-schema.org/draft-04/schema, absoluteKeywordLocation=http://json-schema.org/draft-04/schema, instanceLocation=#/allOf/1/not/allOf/0}, {valid=false, error=Expected: [object] Found: [boolean], keywordLocation=http://json-schema.org/draft-04/schema, absoluteKeywordLocation=http://json-schema.org/draft-04/schema, instanceLocation=#/allOf/1/not/allOf/1}]}"
draft2019_09_valid_allOf_id14_subschema1_not_2,StandardGenerationException,"{valid=false, keywordLocation=http://json-schema.org/draft-04/schema, absoluteKeywordLocation=http://json-schema.org/draft-04/schema, instanceLocation=, errors=[{valid=false, error=Expected: [object] Found: [boolean], keywordLocation=http://json-schema.org/draft-04/schema, absoluteKeywordLocation=http://json-schema.org/draft-04/schema, instanceLocation=#/allOf/1/not/allOf/0}, {valid=false, error=Expected: [object] Found: [boolean], keywordLocation=http://json-schema.org/draft-04/schema, absoluteKeywordLocation=http://json-schema.org/draft-04/schema, instanceLocation=#/allOf/1/not/allOf/1}]}"
draft2019_09_valid_anyOf_id10_subschema1_not_2,StandardGenerationException,"{valid=false, keywordLocation=http://json-schema.org/draft-04/schema, absoluteKeywordLocation=http://json-schema.org/draft-04/schema, instanceLocation=, errors=[{valid=false, error=Expected: [object] Found: [boolean], keywordLocation=http://json-schema.org/draft-04/schema, absoluteKeywordLocation=http://json-schema.org/draft-04/schema, instanceLocation=#/allOf/1/not/anyOf/0}, {valid=false, error=Expected: [object] Found: [boolean], keywordLocation=http://json-schema.org/draft-04/schema, absoluteKeywordLocation=http://json-schema.org/draft-04/schema, instanceLocation=#/allOf/1/not/anyOf/1}]}"
draft2019_09_valid_type_id75_subschema1_not_2,NullPointerException,null
draft2019_09_valid_type_id68_subschema1_not_2,NullPointerException,null
draft2019_09_valid_items_id13_subschema1_not_2,StandardGenerationException,"{valid=false, keywordLocation=http://json-schema.org/draft-04/schema, absoluteKeywordLocation=http://json-schema.org/draft-04/schema, instanceLocation=, errors=[{valid=false, error=All anyOf failed: [[false at #/allOf/1/not/items failed against http://json-schema.org/draft-04/schema with ""Expected: [object] Found: [boolean]""], [false at #/allOf/1/not/items failed against http://json-schema.org/draft-04/schema#/definitions/schemaArray with ""Expected: [array] Found: [boolean]""]], keywordLocation=http://json-schema.org/draft-04/schema#/properties/items, absoluteKeywordLocation=http://json-schema.org/draft-04/schema#/properties/items, instanceLocation=#/allOf/1/not/items}]}"
draft2019_09_valid_oneOf_id8_subschema1_not_2,StandardGenerationException,"{valid=false, keywordLocation=http://json-schema.org/draft-04/schema, absoluteKeywordLocation=http://json-schema.org/draft-04/schema, instanceLocation=, errors=[{valid=false, error=Expected: [object] Found: [boolean], keywordLocation=http://json-schema.org/draft-04/schema, absoluteKeywordLocation=http://json-schema.org/draft-04/schema, instanceLocation=#/allOf/1/not/oneOf/0}, {valid=false, error=Expected: [object] Found: [boolean], keywordLocation=http://json-schema.org/draft-04/schema, absoluteKeywordLocation=http://json-schema.org/draft-04/schema, instanceLocation=#/allOf/1/not/oneOf/1}, {valid=false, error=Expected: [object] Found: [boolean], keywordLocation=http://json-schema.org/draft-04/schema, absoluteKeywordLocation=http://json-schema.org/draft-04/schema, instanceLocation=#/allOf/1/not/oneOf/2}]}"
draft2019_09_nonvalid_const_id5_subschema1_not_2,NullPointerException,null
draft2019_09_valid_oneOf_id10_subschema1_not_2,StandardGenerationException,"{valid=false, keywordLocation=http://json-schema.org/draft-04/schema, absoluteKeywordLocation=http://json-schema.org/draft-04/schema, instanceLocation=, errors=[{valid=false, error=Expected: [object] Found: [boolean], keywordLocation=http://json-schema.org/draft-04/schema, absoluteKeywordLocation=http://json-schema.org/draft-04/schema, instanceLocation=#/allOf/1/not/oneOf/0}, {valid=false, error=Expected: [object] Found: [boolean], keywordLocation=http://json-schema.org/draft-04/schema, absoluteKeywordLocation=http://json-schema.org/draft-04/schema, instanceLocation=#/allOf/1/not/oneOf/1}, {valid=false, error=Expected: [object] Found: [boolean], keywordLocation=http://json-schema.org/draft-04/schema, absoluteKeywordLocation=http://json-schema.org/draft-04/schema, instanceLocation=#/allOf/1/not/oneOf/2}]}"
draft2019_09_valid_oneOf_id11_subschema1_not_2,StandardGenerationException,"{valid=false, keywordLocation=http://json-schema.org/draft-04/schema, absoluteKeywordLocation=http://json-schema.org/draft-04/schema, instanceLocation=, errors=[{valid=false, error=Expected: [object] Found: [boolean], keywordLocation=http://json-schema.org/draft-04/schema, absoluteKeywordLocation=http://json-schema.org/draft-04/schema, instanceLocation=#/allOf/1/not/oneOf/0}, {valid=false, error=Expected: [object] Found: [boolean], keywordLocation=http://json-schema.org/draft-04/schema, absoluteKeywordLocation=http://json-schema.org/draft-04/schema, instanceLocation=#/allOf/1/not/oneOf/1}, {valid=false, error=Expected: [object] Found: [boolean], keywordLocation=http://json-schema.org/draft-04/schema, absoluteKeywordLocation=http://json-schema.org/draft-04/schema, instanceLocation=#/allOf/1/not/oneOf/2}]}"
draft2019_09_nonvalid_enum_id4_subschema1_not_2,NullPointerException,null
draft2019_09_nonvalid_items_id13_subschema1_not_2,StandardGenerationException,"{valid=false, keywordLocation=http://json-schema.org/draft-04/schema, absoluteKeywordLocation=http://json-schema.org/draft-04/schema, instanceLocation=, errors=[{valid=false, error=All anyOf failed: [[[true,false] at #/allOf/1/not/not/items failed against http://json-schema.org/draft-04/schema with ""Expected: [object] Found: [array]""], [true at #/allOf/1/not/not/items/0 failed against http://json-schema.org/draft-04/schema with ""Expected: [object] Found: [boolean]"", false at #/allOf/1/not/not/items/1 failed against http://json-schema.org/draft-04/schema with ""Expected: [object] Found: [boolean]""]], keywordLocation=http://json-schema.org/draft-04/schema#/properties/items, absoluteKeywordLocation=http://json-schema.org/draft-04/schema#/properties/items, instanceLocation=#/allOf/1/not/not/items}]}"
draft2019_09_nonvalid_allOf_id4_subschema1_not_2,StandardGenerationException,"{valid=false, keywordLocation=http://json-schema.org/draft-04/schema, absoluteKeywordLocation=http://json-schema.org/draft-04/schema, instanceLocation=, errors=[{valid=false, error=Expected: [object] Found: [boolean], keywordLocation=http://json-schema.org/draft-04/schema, absoluteKeywordLocation=http://json-schema.org/draft-04/schema, instanceLocation=#/allOf/1/not/not/allOf/0}, {valid=false, error=Expected: [object] Found: [boolean], keywordLocation=http://json-schema.org/draft-04/schema, absoluteKeywordLocation=http://json-schema.org/draft-04/schema, instanceLocation=#/allOf/1/not/not/allOf/1}]}"
draft2019_09_nonvalid_anyOf_id5_subschema1_not_2,StandardGenerationException,"{valid=false, keywordLocation=http://json-schema.org/draft-04/schema, absoluteKeywordLocation=http://json-schema.org/draft-04/schema, instanceLocation=, errors=[{valid=false, error=Expected: [object] Found: [boolean], keywordLocation=http://json-schema.org/draft-04/schema, absoluteKeywordLocation=http://json-schema.org/draft-04/schema, instanceLocation=#/allOf/1/not/not/anyOf/0}, {valid=false, error=Expected: [object] Found: [boolean], keywordLocation=http://json-schema.org/draft-04/schema, absoluteKeywordLocation=http://json-schema.org/draft-04/schema, instanceLocation=#/allOf/1/not/not/anyOf/1}]}"
draft2019_09_nonvalid_anyOf_id6_subschema1_not_2,StandardGenerationException,"{valid=false, keywordLocation=http://json-schema.org/draft-04/schema, absoluteKeywordLocation=http://json-schema.org/draft-04/schema, instanceLocation=, errors=[{valid=false, error=Expected: [object] Found: [boolean], keywordLocation=http://json-schema.org/draft-04/schema, absoluteKeywordLocation=http://json-schema.org/draft-04/schema, instanceLocation=#/allOf/1/not/not/anyOf/0}, {valid=false, error=Expected: [object] Found: [boolean], keywordLocation=http://json-schema.org/draft-04/schema, absoluteKeywordLocation=http://json-schema.org/draft-04/schema, instanceLocation=#/allOf/1/not/not/anyOf/1}]}"
draft2019_09_valid_properties_id17_subschema1_not_2,StandardGenerationException,"{valid=false, keywordLocation=http://json-schema.org/draft-04/schema, absoluteKeywordLocation=http://json-schema.org/draft-04/schema, instanceLocation=, errors=[{valid=false, error=Expected: [object] Found: [boolean], keywordLocation=http://json-schema.org/draft-04/schema, absoluteKeywordLocation=http://json-schema.org/draft-04/schema, instanceLocation=#/allOf/1/not/properties/bar}, {valid=false, error=Expected: [object] Found: [boolean], keywordLocation=http://json-schema.org/draft-04/schema, absoluteKeywordLocation=http://json-schema.org/draft-04/schema, instanceLocation=#/allOf/1/not/properties/foo}]}"
draft2019_09_valid_items_id16_subschema1_not_2,StandardGenerationException,"{valid=false, keywordLocation=http://json-schema.org/draft-04/schema, absoluteKeywordLocation=http://json-schema.org/draft-04/schema, instanceLocation=, errors=[{valid=false, error=All anyOf failed: [[[true,false] at #/allOf/1/not/items failed against http://json-schema.org/draft-04/schema with ""Expected: [object] Found: [array]""], [true at #/allOf/1/not/items/0 failed against http://json-schema.org/draft-04/schema with ""Expected: [object] Found: [boolean]"", false at #/allOf/1/not/items/1 failed against http://json-schema.org/draft-04/schema with ""Expected: [object] Found: [boolean]""]], keywordLocation=http://json-schema.org/draft-04/schema#/properties/items, absoluteKeywordLocation=http://json-schema.org/draft-04/schema#/properties/items, instanceLocation=#/allOf/1/not/items}]}"
draft2019_09_nonvalid_items_id9_subschema1_not_2,StandardGenerationException,"{valid=false, keywordLocation=http://json-schema.org/draft-04/schema, absoluteKeywordLocation=http://json-schema.org/draft-04/schema, instanceLocation=, errors=[{valid=false, error=All anyOf failed: [[true at #/allOf/1/not/not/items failed against http://json-schema.org/draft-04/schema with ""Expected: [object] Found: [boolean]""], [true at #/allOf/1/not/not/items failed against http://json-schema.org/draft-04/schema#/definitions/schemaArray with ""Expected: [array] Found: [boolean]""]], keywordLocation=http://json-schema.org/draft-04/schema#/properties/items, absoluteKeywordLocation=http://json-schema.org/draft-04/schema#/properties/items, instanceLocation=#/allOf/1/not/not/items}]}"
draft2019_09_valid_patternProperties_id19_subschema1_not_2,StandardGenerationException,"{valid=false, keywordLocation=http://json-schema.org/draft-04/schema, absoluteKeywordLocation=http://json-schema.org/draft-04/schema, instanceLocation=, errors=[{valid=false, error=Expected: [object] Found: [boolean], keywordLocation=http://json-schema.org/draft-04/schema, absoluteKeywordLocation=http://json-schema.org/draft-04/schema, instanceLocation=#/allOf/1/not/patternProperties/f.*}, {valid=false, error=Expected: [object] Found: [boolean], keywordLocation=http://json-schema.org/draft-04/schema, absoluteKeywordLocation=http://json-schema.org/draft-04/schema, instanceLocation=#/allOf/1/not/patternProperties/b.*}]}"
draft2019_09_valid_patternProperties_id21_subschema1_not_2,StandardGenerationException,"{valid=false, keywordLocation=http://json-schema.org/draft-04/schema, absoluteKeywordLocation=http://json-schema.org/draft-04/schema, instanceLocation=, errors=[{valid=false, error=Expected: [object] Found: [boolean], keywordLocation=http://json-schema.org/draft-04/schema, absoluteKeywordLocation=http://json-schema.org/draft-04/schema, instanceLocation=#/allOf/1/not/patternProperties/f.*}, {valid=false, error=Expected: [object] Found: [boolean], keywordLocation=http://json-schema.org/draft-04/schema, absoluteKeywordLocation=http://json-schema.org/draft-04/schema, instanceLocation=#/allOf/1/not/patternProperties/b.*}]}"
draft2019_09_nonvalid_properties_id9_subschema1_not_2,StandardGenerationException,"{valid=false, keywordLocation=http://json-schema.org/draft-04/schema, absoluteKeywordLocation=http://json-schema.org/draft-04/schema, instanceLocation=, errors=[{valid=false, error=Expected: [object] Found: [boolean], keywordLocation=http://json-schema.org/draft-04/schema, absoluteKeywordLocation=http://json-schema.org/draft-04/schema, instanceLocation=#/allOf/1/not/not/properties/bar}, {valid=false, error=Expected: [object] Found: [boolean], keywordLocation=http://json-schema.org/draft-04/schema, absoluteKeywordLocation=http://json-schema.org/draft-04/schema, instanceLocation=#/allOf/1/not/not/properties/foo}]}"
draft2019_09_nonvalid_patternProperties_id12_subschema1_not_2,StandardGenerationException,"{valid=false, keywordLocation=http://json-schema.org/draft-04/schema, absoluteKeywordLocation=http://json-schema.org/draft-04/schema, instanceLocation=, errors=[{valid=false, error=Expected: [object] Found: [boolean], keywordLocation=http://json-schema.org/draft-04/schema, absoluteKeywordLocation=http://json-schema.org/draft-04/schema, instanceLocation=#/allOf/1/not/not/patternProperties/f.*}, {valid=false, error=Expected: [object] Found: [boolean], keywordLocation=http://json-schema.org/draft-04/schema, absoluteKeywordLocation=http://json-schema.org/draft-04/schema, instanceLocation=#/allOf/1/not/not/patternProperties/b.*}]}"
draft2019_09_nonvalid_oneOf_id4_subschema1_not_2,StandardGenerationException,"{valid=false, keywordLocation=http://json-schema.org/draft-04/schema, absoluteKeywordLocation=http://json-schema.org/draft-04/schema, instanceLocation=, errors=[{valid=false, error=Expected: [object] Found: [boolean], keywordLocation=http://json-schema.org/draft-04/schema, absoluteKeywordLocation=http://json-schema.org/draft-04/schema, instanceLocation=#/allOf/1/not/not/oneOf/0}, {valid=false, error=Expected: [object] Found: [boolean], keywordLocation=http://json-schema.org/draft-04/schema, absoluteKeywordLocation=http://json-schema.org/draft-04/schema, instanceLocation=#/allOf/1/not/not/oneOf/1}, {valid=false, error=Expected: [object] Found: [boolean], keywordLocation=http://json-schema.org/draft-04/schema, absoluteKeywordLocation=http://json-schema.org/draft-04/schema, instanceLocation=#/allOf/1/not/not/oneOf/2}]}"
draft2019_09_valid_properties_id18_subschema1_not_2,StandardGenerationException,"{valid=false, keywordLocation=http://json-schema.org/draft-04/schema, absoluteKeywordLocation=http://json-schema.org/draft-04/schema, instanceLocation=, errors=[{valid=false, error=Expected: [object] Found: [boolean], keywordLocation=http://json-schema.org/draft-04/schema, absoluteKeywordLocation=http://json-schema.org/draft-04/schema, instanceLocation=#/allOf/1/not/properties/bar}, {valid=false, error=Expected: [object] Found: [boolean], keywordLocation=http://json-schema.org/draft-04/schema, absoluteKeywordLocation=http://json-schema.org/draft-04/schema, instanceLocation=#/allOf/1/not/properties/foo}]}"
draft2019_09_nonvalid_items_id12_subschema1_not_2,StandardGenerationException,"{valid=false, keywordLocation=http://json-schema.org/draft-04/schema, absoluteKeywordLocation=http://json-schema.org/draft-04/schema, instanceLocation=, errors=[{valid=false, error=All anyOf failed: [[[true,false] at #/allOf/1/not/not/items failed against http://json-schema.org/draft-04/schema with ""Expected: [object] Found: [array]""], [true at #/allOf/1/not/not/items/0 failed against http://json-schema.org/draft-04/schema with ""Expected: [object] Found: [boolean]"", false at #/allOf/1/not/not/items/1 failed against http://json-schema.org/draft-04/schema with ""Expected: [object] Found: [boolean]""]], keywordLocation=http://json-schema.org/draft-04/schema#/properties/items, absoluteKeywordLocation=http://json-schema.org/draft-04/schema#/properties/items, instanceLocation=#/allOf/1/not/not/items}]}"
draft2019_09_nonvalid_type_id21_subschema1_not_2,NullPointerException,null
draft2019_09_valid_patternProperties_id20_subschema1_not_2,StandardGenerationException,"{valid=false, keywordLocation=http://json-schema.org/draft-04/schema, absoluteKeywordLocation=http://json-schema.org/draft-04/schema, instanceLocation=, errors=[{valid=false, error=Expected: [object] Found: [boolean], keywordLocation=http://json-schema.org/draft-04/schema, absoluteKeywordLocation=http://json-schema.org/draft-04/schema, instanceLocation=#/allOf/1/not/patternProperties/f.*}, {valid=false, error=Expected: [object] Found: [boolean], keywordLocation=http://json-schema.org/draft-04/schema, absoluteKeywordLocation=http://json-schema.org/draft-04/schema, instanceLocation=#/allOf/1/not/patternProperties/b.*}]}"
draft2019_09_nonvalid_properties_id10_subschema1_not_2,StandardGenerationException,"{valid=false, keywordLocation=http://json-schema.org/draft-04/schema, absoluteKeywordLocation=http://json-schema.org/draft-04/schema, instanceLocation=, errors=[{valid=false, error=Expected: [object] Found: [boolean], keywordLocation=http://json-schema.org/draft-04/schema, absoluteKeywordLocation=http://json-schema.org/draft-04/schema, instanceLocation=#/allOf/1/not/not/properties/bar}, {valid=false, error=Expected: [object] Found: [boolean], keywordLocation=http://json-schema.org/draft-04/schema, absoluteKeywordLocation=http://json-schema.org/draft-04/schema, instanceLocation=#/allOf/1/not/not/properties/foo}]}"
draft2019_09_valid_enum_id4_subschema1_not_2,NullPointerException,null
draft2019_09_nonvalid_patternProperties_id11_subschema1_not_2,StandardGenerationException,"{valid=false, keywordLocation=http://json-schema.org/draft-04/schema, absoluteKeywordLocation=http://json-schema.org/draft-04/schema, instanceLocation=, errors=[{valid=false, error=Expected: [object] Found: [boolean], keywordLocation=http://json-schema.org/draft-04/schema, absoluteKeywordLocation=http://json-schema.org/draft-04/schema, instanceLocation=#/allOf/1/not/not/patternProperties/f.*}, {valid=false, error=Expected: [object] Found: [boolean], keywordLocation=http://json-schema.org/draft-04/schema, absoluteKeywordLocation=http://json-schema.org/draft-04/schema, instanceLocation=#/allOf/1/not/not/patternProperties/b.*}]}"
draft2019_09_nonvalid_allOf_id9_subschema1_not_2,NullPointerException,null
draft2019_09_nonvalid_anyOf_id12_subschema1_not_2,NullPointerException,null
draft2019_09_nonvalid_oneOf_id12_subschema1_not_2,NullPointerException,null
draft2019_09_valid_oneOf_id25_subschema1_not_2,StandardGenerationException,"{valid=false, keywordLocation=http://json-schema.org/draft-04/schema, absoluteKeywordLocation=http://json-schema.org/draft-04/schema, instanceLocation=, errors=[{valid=false, error=Expected: [object] Found: [boolean], keywordLocation=http://json-schema.org/draft-04/schema, absoluteKeywordLocation=http://json-schema.org/draft-04/schema, instanceLocation=#/allOf/1/not/oneOf/0/properties/bar}, {valid=false, error=Expected: [object] Found: [boolean], keywordLocation=http://json-schema.org/draft-04/schema, absoluteKeywordLocation=http://json-schema.org/draft-04/schema, instanceLocation=#/allOf/1/not/oneOf/0/properties/baz}, {valid=false, error=Expected: [object] Found: [boolean], keywordLocation=http://json-schema.org/draft-04/schema, absoluteKeywordLocation=http://json-schema.org/draft-04/schema, instanceLocation=#/allOf/1/not/oneOf/1/properties/foo}]}"
draft2019_09_valid_oneOf_id24_subschema1_not_2,StandardGenerationException,"{valid=false, keywordLocation=http://json-schema.org/draft-04/schema, absoluteKeywordLocation=http://json-schema.org/draft-04/schema, instanceLocation=, errors=[{valid=false, error=Expected: [object] Found: [boolean], keywordLocation=http://json-schema.org/draft-04/schema, absoluteKeywordLocation=http://json-schema.org/draft-04/schema, instanceLocation=#/allOf/1/not/oneOf/0/properties/bar}, {valid=false, error=Expected: [object] Found: [boolean], keywordLocation=http://json-schema.org/draft-04/schema, absoluteKeywordLocation=http://json-schema.org/draft-04/schema, instanceLocation=#/allOf/1/not/oneOf/0/properties/baz}, {valid=false, error=Expected: [object] Found: [boolean], keywordLocation=http://json-schema.org/draft-04/schema, absoluteKeywordLocation=http://json-schema.org/draft-04/schema, instanceLocation=#/allOf/1/not/oneOf/1/properties/foo}]}"
draft2019_09_nonvalid_oneOf_id10_subschema1_not_2,StandardGenerationException,"{valid=false, keywordLocation=http://json-schema.org/draft-04/schema, absoluteKeywordLocation=http://json-schema.org/draft-04/schema, instanceLocation=, errors=[{valid=false, error=Expected: [object] Found: [boolean], keywordLocation=http://json-schema.org/draft-04/schema, absoluteKeywordLocation=http://json-schema.org/draft-04/schema, instanceLocation=#/allOf/1/not/not/oneOf/0/properties/bar}, {valid=false, error=Expected: [object] Found: [boolean], keywordLocation=http://json-schema.org/draft-04/schema, absoluteKeywordLocation=http://json-schema.org/draft-04/schema, instanceLocation=#/allOf/1/not/not/oneOf/0/properties/baz}, {valid=false, error=Expected: [object] Found: [boolean], keywordLocation=http://json-schema.org/draft-04/schema, absoluteKeywordLocation=http://json-schema.org/draft-04/schema, instanceLocation=#/allOf/1/not/not/oneOf/1/properties/foo}]}"
draft2019_09_nonvalid_oneOf_id11_subschema1_not_2,StandardGenerationException,"{valid=false, keywordLocation=http://json-schema.org/draft-04/schema, absoluteKeywordLocation=http://json-schema.org/draft-04/schema, instanceLocation=, errors=[{valid=false, error=Expected: [object] Found: [boolean], keywordLocation=http://json-schema.org/draft-04/schema, absoluteKeywordLocation=http://json-schema.org/draft-04/schema, instanceLocation=#/allOf/1/not/not/oneOf/0/properties/bar}, {valid=false, error=Expected: [object] Found: [boolean], keywordLocation=http://json-schema.org/draft-04/schema, absoluteKeywordLocation=http://json-schema.org/draft-04/schema, instanceLocation=#/allOf/1/not/not/oneOf/0/properties/baz}, {valid=false, error=Expected: [object] Found: [boolean], keywordLocation=http://json-schema.org/draft-04/schema, absoluteKeywordLocation=http://json-schema.org/draft-04/schema, instanceLocation=#/allOf/1/not/not/oneOf/1/properties/foo}]}"
