objectId,inSize,totalTime,loadSchema,initGenerator,generation,genSuccess,valid,fixed,nbAttempts
draft2019_09_valid_boolean_schema_id10_subschema1_not_2,144,5041,StandardGenerationException,,,,,,
draft2019_09_valid_boolean_schema_id16_subschema1_not_2,145,10,StandardGenerationException,,,,,,
draft2019_09_valid_boolean_schema_id18_subschema1_not_2,145,11,StandardGenerationException,,,,,,
draft2019_09_valid_boolean_schema_id12_subschema1_not_2,147,11,StandardGenerationException,,,,,,
draft2019_09_valid_boolean_schema_id14_subschema1_not_2,147,9,StandardGenerationException,,,,,,
draft2019_09_valid_boolean_schema_id11_subschema1_not_2,148,9,StandardGenerationException,,,,,,
draft2019_09_valid_boolean_schema_id13_subschema1_not_2,148,9,StandardGenerationException,,,,,,
draft2019_09_nonvalid_boolean_schema_id1_subschema1_not_2,182,8,StandardGenerationException,,,,,,
draft2019_09_nonvalid_boolean_schema_id7_subschema1_not_2,183,8,StandardGenerationException,,,,,,
draft2019_09_nonvalid_boolean_schema_id9_subschema1_not_2,183,6,StandardGenerationException,,,,,,
draft2019_09_nonvalid_boolean_schema_id3_subschema1_not_2,185,8,StandardGenerationException,,,,,,
draft2019_09_nonvalid_boolean_schema_id5_subschema1_not_2,185,8,StandardGenerationException,,,,,,
draft2019_09_valid_minItems_id3_subschema1_not_2,185,328,7,312,5,true,true,false,0
draft2019_09_valid_minimum_id10_subschema1_not_2,185,99,8,81,9,true,true,true,1
draft2019_09_valid_type_id52_subschema1_not_2,185,56,8,45,2,true,true,true,1
draft2019_09_valid_type_id54_subschema1_not_2,185,54,6,48,0,true,true,true,1
draft2019_09_nonvalid_boolean_schema_id2_subschema1_not_2,186,5,StandardGenerationException,,,,,,
draft2019_09_nonvalid_boolean_schema_id4_subschema1_not_2,186,6,StandardGenerationException,,,,,,
draft2019_09_valid_multipleOf_id2_subschema1_not_2,186,51,8,41,2,true,true,true,1
draft2019_09_valid_type_id35_subschema1_not_2,186,46,6,37,2,true,true,true,1
draft2019_09_valid_type_id56_subschema1_not_2,186,48,7,38,2,true,true,true,1
draft2019_09_valid_type_id57_subschema1_not_2,186,46,8,37,1,true,true,true,1
draft2019_09_valid_type_id58_subschema1_not_2,186,43,7,36,0,true,true,false,0
draft2019_09_valid_maximum_id3_subschema1_not_2,187,43,6,35,2,true,true,true,1
draft2019_09_valid_minLength_id3_subschema1_not_2,187,47,10,34,2,true,true,true,1
draft2019_09_valid_minimum_id3_subschema1_not_2,187,40,6,32,1,true,true,true,1
draft2019_09_valid_type_id19_subschema1_not_2,187,38,5,32,1,true,true,true,1
draft2019_09_valid_type_id28_subschema1_not_2,187,40,8,31,1,true,true,true,1
draft2019_09_valid_type_id38_subschema1_not_2,187,37,6,30,1,true,true,true,1
draft2019_09_valid_type_id53_subschema1_not_2,187,40,6,33,1,true,true,true,1
draft2019_09_valid_boolean_schema_id17_subschema1_not_2,188,6,StandardGenerationException,,,,,,
draft2019_09_valid_type_id15_subschema1_not_2,188,35,6,28,1,true,true,true,1
draft2019_09_valid_type_id16_subschema1_not_2,188,35,6,29,0,true,true,false,0
draft2019_09_valid_type_id24_subschema1_not_2,188,35,6,28,0,true,true,true,1
draft2019_09_valid_type_id25_subschema1_not_2,188,41,11,30,0,true,true,false,0
draft2019_09_valid_type_id32_subschema1_not_2,188,36,6,30,0,true,true,false,0
draft2019_09_valid_type_id36_subschema1_not_2,188,36,5,30,1,true,true,true,1
draft2019_09_valid_type_id42_subschema1_not_2,188,35,6,29,0,true,true,true,1
draft2019_09_valid_type_id43_subschema1_not_2,188,33,5,27,1,true,true,true,1
draft2019_09_valid_type_id59_subschema1_not_2,188,33,4,27,1,true,true,true,1
draft2019_09_valid_maxLength_id3_subschema1_not_2,189,36,6,27,2,true,true,true,1
draft2019_09_valid_maximum_id8_subschema1_not_2,189,38,8,28,1,true,true,true,1
draft2019_09_valid_multipleOf_id6_subschema1_not_2,189,31,5,23,2,true,true,true,1
draft2019_09_valid_type_id14_subschema1_not_2,189,29,5,23,1,true,true,true,1
draft2019_09_valid_type_id20_subschema1_not_2,189,27,4,21,1,true,true,true,1
draft2019_09_valid_type_id29_subschema1_not_2,189,28,5,22,1,true,true,true,1
draft2019_09_valid_type_id40_subschema1_not_2,189,26,4,22,0,true,true,true,1
draft2019_09_valid_type_id41_subschema1_not_2,189,27,5,22,NullPointerException,,,,
draft2019_09_valid_type_id46_subschema1_not_2,189,28,5,22,1,true,true,true,1
draft2019_09_valid_type_id47_subschema1_not_2,189,31,4,25,1,true,true,true,1
draft2019_09_valid_type_id48_subschema1_not_2,189,26,4,21,0,true,true,false,0
draft2019_09_valid_type_id55_subschema1_not_2,189,34,4,27,1,true,true,true,1
draft2019_09_valid_type_id60_subschema1_not_2,189,70,5,65,0,true,true,true,1
draft2019_09_valid_type_id6_subschema1_not_2,189,25,5,19,1,true,true,true,1
draft2019_09_valid_type_id7_subschema1_not_2,189,26,4,21,0,true,true,false,0
draft2019_09_valid_minProperties_id3_subschema1_not_2,190,25,5,19,1,true,true,true,1
draft2019_09_valid_minimum_id9_subschema1_not_2,190,25,4,20,1,true,true,true,1
draft2019_09_valid_type_id17_subschema1_not_2,190,24,5,18,1,true,true,true,1
draft2019_09_valid_type_id18_subschema1_not_2,190,22,4,17,NullPointerException,,,,
draft2019_09_valid_type_id26_subschema1_not_2,190,23,5,17,1,true,true,true,1
draft2019_09_valid_type_id27_subschema1_not_2,190,21,3,17,NullPointerException,,,,
draft2019_09_valid_type_id33_subschema1_not_2,190,24,5,18,1,true,true,true,1
draft2019_09_valid_type_id34_subschema1_not_2,190,21,4,17,NullPointerException,,,,
draft2019_09_valid_type_id37_subschema1_not_2,190,23,5,17,1,true,true,true,1
draft2019_09_valid_type_id3_subschema1_not_2,190,23,4,17,1,true,true,true,1
draft2019_09_valid_type_id44_subschema1_not_2,190,22,5,17,0,true,true,true,1
draft2019_09_valid_type_id5_subschema1_not_2,190,22,3,18,0,true,true,true,1
draft2019_09_valid_type_id13_subschema1_not_2,191,21,4,17,0,true,true,true,1
draft2019_09_valid_type_id30_subschema1_not_2,191,21,4,17,0,true,true,true,1
draft2019_09_valid_type_id51_subschema1_not_2,191,22,4,18,NullPointerException,,,,
draft2019_09_valid_type_id8_subschema1_not_2,191,21,4,17,0,true,true,true,1
draft2019_09_valid_type_id9_subschema1_not_2,191,22,5,16,NullPointerException,,,,
draft2019_09_valid_pattern_id2_subschema1_not_2,192,47,26,17,3,true,true,true,1
draft2019_09_valid_type_id45_subschema1_not_2,192,22,4,18,0,true,true,true,1
draft2019_09_valid_type_id4_subschema1_not_2,192,23,4,17,1,true,true,true,1
draft2019_09_valid_boolean_schema_id15_subschema1_not_2,195,4,StandardGenerationException,,,,,,
draft2019_09_valid_multipleOf_id8_subschema1_not_2,197,21,3,16,1,true,true,true,1
draft2019_09_valid_const_id2_subschema1_not_2,220,26,7,17,1,true,true,true,1
draft2019_09_valid_const_id34_subschema1_not_2,221,21,4,16,1,true,true,true,1
draft2019_09_valid_const_id35_subschema1_not_2,221,21,4,17,0,true,true,false,0
draft2019_09_valid_const_id36_subschema1_not_2,221,21,4,16,1,true,true,true,1
draft2019_09_valid_const_id3_subschema1_not_2,222,22,4,18,0,true,true,true,1
draft2019_09_valid_const_id12_subschema1_not_2,223,23,5,17,1,true,true,true,1
draft2019_09_valid_const_id17_subschema1_not_2,223,23,5,18,0,true,true,true,1
draft2019_09_valid_const_id37_subschema1_not_2,223,22,4,18,0,true,true,true,1
draft2019_09_valid_const_id41_subschema1_not_2,223,24,4,19,1,true,true,true,1
draft2019_09_valid_const_id14_subschema1_not_2,224,23,4,17,1,true,true,true,1
draft2019_09_valid_const_id31_subschema1_not_2,224,24,5,19,0,true,true,true,1
draft2019_09_valid_const_id18_subschema1_not_2,225,23,4,18,0,true,true,true,1
draft2019_09_valid_const_id43_subschema1_not_2,225,24,4,20,0,true,true,true,1
draft2019_09_nonvalid_boolean_schema_id8_subschema1_not_2,226,4,StandardGenerationException,,,,,,
draft2019_09_valid_const_id15_subschema1_not_2,226,24,4,19,1,true,true,true,1
draft2019_09_valid_type_id70_subschema1_not_2,229,24,5,17,1,true,true,true,1
draft4_valid_maximum_id14_subschema1_not_2,229,23,4,18,1,true,true,true,1
draft4_valid_minimum_id10_subschema1_not_2,229,22,4,17,0,true,true,true,1
draft2019_09_valid_const_id44_subschema1_not_2,230,22,4,18,0,true,true,true,1
draft4_valid_maximum_id11_subschema1_not_2,230,22,3,17,1,true,true,true,1
draft4_valid_minimum_id7_subschema1_not_2,230,21,3,17,1,true,true,true,1
draft2019_09_nonvalid_minimum_id5_subschema1_not_2,231,23,4,19,0,true,true,true,1
draft2019_09_nonvalid_items_id10_subschema1_not_2,232,5,StandardGenerationException,,,,,,
draft2019_09_nonvalid_minItems_id3_subschema1_not_2,232,25,4,19,1,true,true,true,1
draft2019_09_nonvalid_minLength_id3_subschema1_not_2,232,24,4,19,1,true,true,true,1
draft2019_09_nonvalid_minimum_id4_subschema1_not_2,232,24,4,19,1,true,true,true,1
draft2019_09_nonvalid_minimum_id6_subschema1_not_2,232,28,4,23,1,true,true,true,1
draft2019_09_nonvalid_boolean_schema_id6_subschema1_not_2,233,3,StandardGenerationException,,,,,,
draft2019_09_nonvalid_items_id11_subschema1_not_2,233,3,StandardGenerationException,,,,,,
draft2019_09_nonvalid_minimum_id8_subschema1_not_2,233,46,4,42,0,true,true,true,1
draft2019_09_nonvalid_maxLength_id1_subschema1_not_2,234,24,5,18,1,true,true,true,1
draft2019_09_nonvalid_maxLength_id3_subschema1_not_2,234,23,4,18,1,true,true,true,1
draft2019_09_nonvalid_maximum_id1_subschema1_not_2,234,23,4,18,0,true,true,true,1
draft2019_09_nonvalid_maximum_id2_subschema1_not_2,234,22,3,18,0,true,true,true,1
draft2019_09_nonvalid_maximum_id3_subschema1_not_2,234,24,6,18,0,true,true,true,1
draft2019_09_nonvalid_maximum_id5_subschema1_not_2,234,24,4,18,1,true,true,true,1
draft2019_09_nonvalid_minimum_id1_subschema1_not_2,234,24,4,18,1,true,true,true,1
draft2019_09_nonvalid_minimum_id2_subschema1_not_2,234,23,4,18,1,true,true,true,1
draft2019_09_nonvalid_minimum_id3_subschema1_not_2,234,21,3,17,0,true,true,true,1
draft2019_09_nonvalid_minimum_id7_subschema1_not_2,234,23,4,18,1,true,true,true,1
draft2019_09_nonvalid_multipleOf_id1_subschema1_not_2,234,21,3,18,0,true,true,true,1
draft2019_09_nonvalid_not_id6_subschema1_not_2,234,4,StandardGenerationException,,,,,,
draft2019_09_nonvalid_type_id10_subschema1_not_2,234,21,4,17,0,true,true,false,0
draft2019_09_nonvalid_type_id3_subschema1_not_2,234,23,4,18,1,true,true,true,1
draft2019_09_nonvalid_maxLength_id2_subschema1_not_2,235,22,4,17,1,true,true,true,1
draft2019_09_nonvalid_minLength_id2_subschema1_not_2,235,22,4,17,1,true,true,true,1
draft2019_09_nonvalid_multipleOf_id3_subschema1_not_2,235,22,3,18,1,true,true,true,1
draft2019_09_nonvalid_type_id13_subschema1_not_2,235,21,4,17,NullPointerException,,,,
draft2019_09_nonvalid_type_id1_subschema1_not_2,235,64,4,60,0,true,true,true,1
draft2019_09_nonvalid_type_id8_subschema1_not_2,235,24,6,18,0,true,true,true,1
draft2019_09_nonvalid_type_id9_subschema1_not_2,235,21,4,17,0,true,true,true,1
draft2019_09_nonvalid_maximum_id6_subschema1_not_2,236,21,4,17,0,true,true,true,1
draft2019_09_nonvalid_minLength_id1_subschema1_not_2,236,21,3,17,1,true,true,true,1
draft2019_09_nonvalid_pattern_id5_subschema1_not_2,236,22,4,17,1,true,true,true,1
draft2019_09_nonvalid_pattern_id6_subschema1_not_2,236,22,4,18,0,true,true,false,0
draft2019_09_nonvalid_type_id4_subschema1_not_2,236,22,4,17,0,true,true,true,1
draft2019_09_nonvalid_type_id5_subschema1_not_2,236,22,3,18,0,true,true,true,1
draft2019_09_nonvalid_type_id7_subschema1_not_2,236,23,4,18,1,true,true,true,1
draft2019_09_valid_maxProperties_id8_subschema1_not_2,236,23,4,18,1,true,true,true,1
draft2019_09_valid_multipleOf_id9_subschema1_not_2,236,22,4,17,1,true,true,true,1
draft2019_09_nonvalid_maxProperties_id5_subschema1_not_2,237,22,4,18,0,true,true,true,1
draft2019_09_nonvalid_maxProperties_id6_subschema1_not_2,237,27,7,18,1,true,true,true,1
draft2019_09_nonvalid_maximum_id4_subschema1_not_2,237,23,4,18,1,true,true,true,1
draft2019_09_nonvalid_minProperties_id3_subschema1_not_2,237,24,5,18,1,true,true,false,0
draft2019_09_nonvalid_minProperties_id4_subschema1_not_2,237,21,3,17,1,true,true,true,1
draft2019_09_nonvalid_minProperties_id5_subschema1_not_2,237,21,3,17,0,true,true,true,1
draft2019_09_nonvalid_multipleOf_id2_subschema1_not_2,237,22,4,17,0,true,true,true,1
draft2019_09_nonvalid_multipleOf_id4_subschema1_not_2,237,22,4,17,1,true,true,true,1
draft2019_09_nonvalid_pattern_id3_subschema1_not_2,237,21,4,17,0,true,true,true,1
draft2019_09_nonvalid_pattern_id4_subschema1_not_2,237,21,4,17,0,true,true,true,1
draft2019_09_nonvalid_type_id2_subschema1_not_2,237,24,3,18,2,true,false,true,4
draft2019_09_nonvalid_maxItems_id3_subschema1_not_2,238,37,3,34,0,true,true,true,1
draft2019_09_nonvalid_pattern_id2_subschema1_not_2,238,24,5,19,0,true,true,true,1
draft2019_09_nonvalid_pattern_id7_subschema1_not_2,238,22,4,17,NullPointerException,,,,
draft2019_09_nonvalid_type_id11_subschema1_not_2,238,23,5,17,1,true,true,true,1
draft2019_09_nonvalid_type_id6_subschema1_not_2,238,22,4,17,1,true,true,true,1
draft2019_09_nonvalid_pattern_id1_subschema1_not_2,239,23,4,18,1,true,true,true,1
draft2019_09_nonvalid_type_id12_subschema1_not_2,239,21,3,16,1,true,true,true,1
draft2019_09_nonvalid_pattern_id8_subschema1_not_2,240,25,8,17,0,true,true,true,1
draft2019_09_nonvalid_maxProperties_id4_subschema1_not_2,243,20,3,16,0,true,true,true,1
draft2019_09_nonvalid_multipleOf_id5_subschema1_not_2,243,21,3,18,0,true,true,true,1
draft2019_09_valid_const_id46_subschema1_not_2,250,22,4,17,1,true,true,true,1
draft2019_09_valid_enum_id10_subschema1_not_2,251,21,4,17,0,true,true,true,1
draft2019_09_valid_const_id48_subschema1_not_2,252,23,4,19,0,true,true,true,1
draft2019_09_valid_allOf_id13_subschema1_not_2,255,4,StandardGenerationException,,,,,,
draft2019_09_valid_allOf_id14_subschema1_not_2,256,3,StandardGenerationException,,,,,,
draft2019_09_valid_anyOf_id10_subschema1_not_2,256,3,StandardGenerationException,,,,,,
draft2019_09_valid_type_id73_subschema1_not_2,258,21,3,16,1,true,true,true,1
draft2019_09_valid_type_id65_subschema1_not_2,259,21,3,18,0,true,true,true,1
draft2019_09_valid_type_id66_subschema1_not_2,259,21,3,18,0,true,true,false,0
draft2019_09_valid_type_id75_subschema1_not_2,259,21,3,18,NullPointerException,,,,
draft2019_09_valid_type_id64_subschema1_not_2,260,20,3,16,1,true,true,true,1
draft2019_09_valid_type_id74_subschema1_not_2,260,20,3,17,0,true,true,true,1
draft2019_09_valid_type_id67_subschema1_not_2,261,21,3,17,1,true,true,true,1
draft2019_09_valid_type_id68_subschema1_not_2,261,42,23,18,NullPointerException,,,,
draft2019_09_valid_enum_id2_subschema1_not_2,266,26,7,18,1,true,true,true,1
draft2019_09_valid_maxItems_id3_subschema1_not_2,270,22,4,17,1,true,true,true,1
draft2019_09_nonvalid_maxItems_id1_subschema1_not_2,271,21,3,18,0,true,true,true,1
draft2019_09_nonvalid_minItems_id2_subschema1_not_2,271,22,4,18,0,true,true,true,1
draft2019_09_nonvalid_const_id12_subschema1_not_2,275,22,3,18,0,true,true,true,1
draft2019_09_nonvalid_const_id14_subschema1_not_2,275,22,4,17,1,true,true,true,1
draft2019_09_nonvalid_const_id1_subschema1_not_2,275,21,4,17,0,true,true,true,1
draft2019_09_nonvalid_allOf_id5_subschema1_not_2,277,21,4,17,0,true,true,true,1
draft2019_09_nonvalid_const_id13_subschema1_not_2,277,21,4,17,0,true,true,true,1
draft2019_09_nonvalid_const_id15_subschema1_not_2,277,20,3,16,0,true,true,true,1
draft2019_09_valid_items_id13_subschema1_not_2,278,4,StandardGenerationException,,,,,,
draft2019_09_nonvalid_const_id16_subschema1_not_2,279,23,3,17,1,true,true,true,1
draft2019_09_valid_oneOf_id8_subschema1_not_2,280,3,StandardGenerationException,,,,,,
draft4_nonvalid_maximum_id10_subschema1_not_2,280,21,3,16,1,true,true,true,1
draft4_nonvalid_minimum_id7_subschema1_not_2,280,21,3,17,1,true,true,true,1
draft2019_09_nonvalid_const_id17_subschema1_not_2,281,21,3,17,1,true,true,true,1
draft2019_09_nonvalid_const_id5_subschema1_not_2,281,20,3,17,NullPointerException,,,,
draft2019_09_nonvalid_const_id7_subschema1_not_2,281,23,5,17,1,true,true,true,1
draft2019_09_valid_oneOf_id10_subschema1_not_2,281,4,StandardGenerationException,,,,,,
draft4_nonvalid_maximum_id7_subschema1_not_2,281,21,4,16,1,true,true,true,1
draft4_nonvalid_maximum_id8_subschema1_not_2,281,20,3,16,1,true,true,true,1
draft4_nonvalid_maximum_id9_subschema1_not_2,281,19,3,15,0,true,true,true,1
draft4_nonvalid_minimum_id4_subschema1_not_2,281,20,3,16,1,true,true,true,1
draft4_nonvalid_minimum_id5_subschema1_not_2,281,20,3,16,1,true,true,true,1
draft4_nonvalid_minimum_id6_subschema1_not_2,281,20,3,16,0,true,true,true,1
draft2019_09_nonvalid_const_id6_subschema1_not_2,283,20,4,16,0,true,true,true,1
draft2019_09_nonvalid_maxProperties_id1_subschema1_not_2,283,19,3,16,0,true,true,true,1
draft2019_09_nonvalid_minProperties_id2_subschema1_not_2,283,20,4,16,0,true,true,true,1
draft2019_09_valid_oneOf_id11_subschema1_not_2,283,3,StandardGenerationException,,,,,,
draft2019_09_nonvalid_type_id16_subschema1_not_2,286,21,4,17,0,true,true,true,1
draft2019_09_valid_type_id79_subschema1_not_2,286,19,3,16,0,true,true,true,1
draft2019_09_valid_type_id80_subschema1_not_2,288,20,4,16,0,true,true,true,1
draft2019_09_nonvalid_required_id5_subschema1_not_2,290,20,4,15,1,true,true,true,1
draft2019_09_nonvalid_additionalItems_id8_subschema1_not_2,293,20,4,16,0,true,true,true,1
draft2019_09_nonvalid_maxItems_id2_subschema1_not_2,294,20,4,16,0,true,true,true,1
draft2019_09_nonvalid_minItems_id1_subschema1_not_2,294,20,4,16,0,true,true,true,1
draft2019_09_nonvalid_not_id1_subschema1_not_2,294,20,3,17,0,true,true,true,1
draft2019_09_valid_maxProperties_id3_subschema1_not_2,296,19,3,16,0,true,true,true,1
draft2019_09_valid_additionalProperties_id13_subschema1_not_2,299,20,3,16,0,true,true,true,1
draft2019_09_valid_items_id2_subschema1_not_2,302,20,3,15,1,true,true,true,1
draft2019_09_nonvalid_allOf_id6_subschema1_not_2,305,19,3,16,0,true,true,true,1
draft2019_09_nonvalid_const_id18_subschema1_not_2,305,20,3,15,1,true,true,true,1
draft2019_09_nonvalid_enum_id5_subschema1_not_2,305,19,3,15,0,true,true,true,1
draft2019_09_nonvalid_const_id19_subschema1_not_2,307,20,4,16,0,true,true,true,1
draft2019_09_nonvalid_enum_id4_subschema1_not_2,308,19,3,15,NullPointerException,,,,
draft2019_09_valid_oneOf_id17_subschema1_not_2,310,22,4,16,2,true,true,true,1
draft2019_09_nonvalid_items_id13_subschema1_not_2,311,4,StandardGenerationException,,,,,,
draft2019_09_valid_const_id23_subschema1_not_2,311,19,3,16,0,true,true,true,1
draft2019_09_valid_allOf_id18_subschema1_not_2,312,24,4,20,0,true,true,true,1
draft2019_09_valid_allOf_id20_subschema1_not_2,312,21,4,17,0,true,true,true,1
draft2019_09_valid_const_id20_subschema1_not_2,312,21,5,16,0,true,true,true,1
draft2019_09_nonvalid_allOf_id4_subschema1_not_2,313,3,StandardGenerationException,,,,,,
draft2019_09_nonvalid_anyOf_id5_subschema1_not_2,313,3,StandardGenerationException,,,,,,
draft2019_09_nonvalid_maxProperties_id2_subschema1_not_2,313,19,3,16,0,true,true,true,1
draft2019_09_nonvalid_minProperties_id1_subschema1_not_2,313,49,4,45,0,true,true,true,1
draft2019_09_valid_const_id24_subschema1_not_2,313,21,4,16,1,true,true,true,1
draft2019_09_nonvalid_anyOf_id6_subschema1_not_2,314,3,StandardGenerationException,,,,,,
draft2019_09_valid_const_id21_subschema1_not_2,314,19,3,16,0,true,true,true,1
draft2019_09_nonvalid_type_id14_subschema1_not_2,317,21,3,17,0,true,true,true,1
draft2019_09_valid_properties_id17_subschema1_not_2,317,4,StandardGenerationException,,,,,,
draft2019_09_valid_items_id16_subschema1_not_2,318,4,StandardGenerationException,,,,,,
draft2019_09_valid_not_id4_subschema1_not_2,318,20,3,17,0,true,true,true,1
draft2019_09_nonvalid_type_id15_subschema1_not_2,321,20,4,16,0,true,true,true,1
draft2019_09_valid_const_id29_subschema1_not_2,321,20,4,16,0,true,true,true,1
draft2019_09_valid_not_id5_subschema1_not_2,321,20,4,15,1,true,true,true,1
draft2019_09_nonvalid_maxProperties_id3_subschema1_not_2,322,19,3,16,0,true,true,true,1
draft2019_09_valid_const_id26_subschema1_not_2,322,19,4,15,0,true,true,true,1
draft2019_09_valid_const_id30_subschema1_not_2,323,19,3,15,1,true,true,true,1
draft2019_09_nonvalid_items_id9_subschema1_not_2,324,4,StandardGenerationException,,,,,,
draft2019_09_valid_const_id27_subschema1_not_2,324,19,3,16,0,true,true,true,1
draft2019_09_valid_patternProperties_id19_subschema1_not_2,324,3,StandardGenerationException,,,,,,
draft2019_09_valid_patternProperties_id21_subschema1_not_2,327,3,StandardGenerationException,,,,,,
draft2019_09_nonvalid_enum_id1_subschema1_not_2,329,22,3,17,1,true,true,true,1
draft2019_09_nonvalid_properties_id9_subschema1_not_2,330,4,StandardGenerationException,,,,,,
draft2019_09_nonvalid_patternProperties_id12_subschema1_not_2,337,3,StandardGenerationException,,,,,,
draft2019_09_nonvalid_items_id2_subschema1_not_2,343,20,4,16,0,true,true,true,1
draft2019_09_nonvalid_oneOf_id4_subschema1_not_2,345,3,StandardGenerationException,,,,,,
draft2019_09_valid_ref_id23_subschema1_not_2,345,19,3,16,0,true,true,true,1
draft2019_09_valid_properties_id18_subschema1_not_2,347,3,StandardGenerationException,,,,,,
draft2019_09_nonvalid_items_id12_subschema1_not_2,350,3,StandardGenerationException,,,,,,
draft2019_09_nonvalid_type_id21_subschema1_not_2,350,21,4,17,NullPointerException,,,,
draft2019_09_valid_additionalProperties_id8_subschema1_not_2,352,23,5,16,1,true,true,true,1
draft2019_09_valid_patternProperties_id20_subschema1_not_2,354,4,StandardGenerationException,,,,,,
draft2019_09_nonvalid_additionalProperties_id9_subschema1_not_2,357,21,4,17,0,true,true,true,1
draft2019_09_nonvalid_type_id18_subschema1_not_2,364,21,3,16,1,true,true,true,1
draft2019_09_valid_allOf_id11_subschema1_not_2,365,21,4,17,0,true,true,true,1
draft2019_09_valid_not_id9_subschema1_not_2,366,21,4,17,0,true,true,true,1
draft2019_09_valid_oneOf_id3_subschema1_not_2,367,21,4,17,0,true,true,true,1
draft2019_09_valid_const_id6_subschema1_not_2,368,20,3,15,1,true,true,true,1
draft2019_09_nonvalid_patternProperties_id5_subschema1_not_2,369,20,4,16,0,true,true,true,1
draft2019_09_valid_anyOf_id4_subschema1_not_2,369,20,4,16,0,true,true,true,1
draft2019_09_valid_oneOf_id4_subschema1_not_2,369,21,4,17,0,true,true,true,1
draft4_nonvalid_patternProperties_id3_subschema1_not_2,369,30,4,17,0,true,true,false,0
draft4_nonvalid_patternProperties_id4_subschema1_not_2,369,21,4,17,0,true,true,true,1
draft2019_09_nonvalid_patternProperties_id4_subschema1_not_2,372,19,3,15,0,true,true,true,1
draft2019_09_nonvalid_additionalItems_id7_subschema1_not_2,374,19,3,16,0,true,true,true,1
draft2019_09_nonvalid_allOf_id7_subschema1_not_2,375,19,4,15,0,true,true,true,1
draft2019_09_nonvalid_allOf_id8_subschema1_not_2,375,20,3,16,1,true,true,true,1
draft2019_09_valid_const_id9_subschema1_not_2,375,20,3,17,0,true,true,true,1
draft2019_09_nonvalid_properties_id10_subschema1_not_2,376,4,StandardGenerationException,,,,,,
draft2019_09_nonvalid_anyOf_id11_subschema1_not_2,377,19,3,16,0,true,true,true,1
draft2019_09_nonvalid_const_id9_subschema1_not_2,377,19,3,15,0,true,true,true,1
draft2019_09_nonvalid_items_id1_subschema1_not_2,378,20,4,16,0,true,true,true,1
draft2019_09_nonvalid_items_id3_subschema1_not_2,378,20,4,16,0,true,true,true,1
draft2019_09_nonvalid_anyOf_id10_subschema1_not_2,379,19,2,16,0,true,true,true,1
draft2019_09_nonvalid_const_id8_subschema1_not_2,379,19,2,16,0,true,true,true,1
draft2019_09_nonvalid_oneOf_id7_subschema1_not_2,379,19,3,16,0,true,true,true,1
draft2019_09_valid_enum_id4_subschema1_not_2,379,20,4,16,NullPointerException,,,,
draft2019_09_nonvalid_additionalItems_id3_subschema1_not_2,380,20,3,15,1,true,true,false,0
draft2019_09_valid_const_id7_subschema1_not_2,380,20,3,16,1,true,true,true,1
draft2019_09_nonvalid_patternProperties_id11_subschema1_not_2,383,3,StandardGenerationException,,,,,,
draft2019_09_nonvalid_const_id11_subschema1_not_2,387,21,3,16,1,true,true,true,1
draft2019_09_valid_required_id2_subschema1_not_2,387,21,4,16,1,true,true,true,1
draft2019_09_nonvalid_const_id10_subschema1_not_2,389,20,3,17,0,true,true,true,1
draft2019_09_nonvalid_not_id2_subschema1_not_2,389,20,4,15,1,true,true,true,1
draft2019_09_valid_patternProperties_id3_subschema1_not_2,389,20,3,16,0,true,true,true,1
draft2019_09_valid_patternProperties_id4_subschema1_not_2,394,21,4,17,0,true,true,true,1
draft2019_09_nonvalid_type_id20_subschema1_not_2,396,21,3,17,0,true,true,true,1
draft2019_09_valid_anyOf_id5_subschema1_not_2,400,21,4,17,0,true,true,true,1
draft2019_09_valid_oneOf_id5_subschema1_not_2,400,21,4,17,0,true,true,true,1
draft2019_09_nonvalid_type_id17_subschema1_not_2,401,21,3,17,1,true,true,true,1
draft2019_09_valid_ref_id3_subschema1_not_2,402,37,18,18,1,true,true,true,1
draft2019_09_nonvalid_default_id2_subschema1_not_2,404,22,4,17,0,true,true,true,1
draft2019_09_valid_anyOf_id7_subschema1_not_2,404,23,5,17,1,true,true,true,1
draft2019_09_valid_oneOf_id7_subschema1_not_2,404,21,4,17,0,true,true,true,1
draft2019_09_nonvalid_additionalItems_id2_subschema1_not_2,407,22,4,18,0,true,true,true,1
draft2019_09_nonvalid_ref_id11_subschema1_not_2,410,22,4,17,1,true,true,true,1
draft2019_09_nonvalid_patternProperties_id3_subschema1_not_2,412,21,4,17,0,true,true,true,1
draft2019_09_nonvalid_required_id2_subschema1_not_2,412,26,3,21,1,true,true,false,0
draft2019_09_nonvalid_required_id3_subschema1_not_2,412,23,3,19,0,true,true,true,1
draft2019_09_nonvalid_required_id4_subschema1_not_2,412,21,4,17,0,true,true,true,1
draft2019_09_nonvalid_additionalProperties_id6_subschema1_not_2,413,21,4,17,0,true,true,true,1
draft2019_09_valid_allOf_id22_subschema1_not_2,413,20,3,16,0,true,true,true,1
draft2019_09_valid_anyOf_id18_subschema1_not_2,413,23,4,18,1,true,true,true,1
draft2019_09_valid_oneOf_id27_subschema1_not_2,413,23,5,17,1,true,true,true,1
draft2019_09_nonvalid_patternProperties_id1_subschema1_not_2,415,21,3,18,0,true,true,true,1
draft2019_09_nonvalid_additionalItems_id4_subschema1_not_2,419,25,4,19,1,true,true,true,1
draft2019_09_valid_additionalItems_id8_subschema1_not_2,421,22,5,16,1,true,true,true,1
draft2019_09_valid_const_id10_subschema1_not_2,421,21,4,16,1,true,true,true,1
draft2019_09_valid_enum_id5_subschema1_not_2,427,21,3,16,1,true,true,true,1
draft2019_09_nonvalid_not_id5_subschema1_not_2,429,21,4,17,0,true,true,true,1
draft2019_09_valid_additionalItems_id2_subschema1_not_2,432,21,4,17,0,true,true,true,1
draft2019_09_nonvalid_type_id19_subschema1_not_2,433,20,4,16,0,true,true,true,1
draft2019_09_nonvalid_additionalProperties_id10_subschema1_not_2,435,20,3,17,0,true,true,true,1
draft2019_09_valid_items_id6_subschema1_not_2,438,20,3,16,1,true,true,true,1
draft2019_09_nonvalid_allOf_id3_subschema1_not_2,440,23,5,17,1,true,true,true,1
draft2019_09_nonvalid_additionalItems_id5_subschema1_not_2,442,21,3,18,0,true,true,true,1
draft2019_09_nonvalid_additionalItems_id9_subschema1_not_2,442,23,4,18,1,true,true,true,1
draft2019_09_nonvalid_anyOf_id1_subschema1_not_2,442,22,4,18,0,true,true,true,1
draft2019_09_nonvalid_anyOf_id3_subschema1_not_2,442,23,5,18,0,true,true,true,1
draft2019_09_nonvalid_oneOf_id1_subschema1_not_2,442,22,4,18,0,true,true,true,1
draft2019_09_valid_patternProperties_id11_subschema1_not_2,443,25,5,19,1,true,true,true,1
draft2019_09_valid_patternProperties_id12_subschema1_not_2,443,22,4,18,0,true,true,true,1
draft2019_09_nonvalid_anyOf_id2_subschema1_not_2,444,23,5,18,0,true,true,true,1
draft2019_09_nonvalid_oneOf_id2_subschema1_not_2,444,21,3,18,0,true,true,true,1
draft2019_09_valid_additionalItems_id15_subschema1_not_2,445,23,5,18,0,true,true,true,1
draft2019_09_nonvalid_items_id7_subschema1_not_2,447,22,3,18,0,true,true,false,0
draft2019_09_valid_not_id8_subschema1_not_2,448,21,3,18,0,true,true,true,1
draft2019_09_nonvalid_patternProperties_id2_subschema1_not_2,449,24,5,19,0,true,true,true,1
draft2019_09_nonvalid_default_id4_subschema1_not_2,450,61,4,57,0,true,true,true,1
draft2019_09_nonvalid_default_id1_subschema1_not_2,451,23,4,17,1,true,true,true,1
draft2019_09_valid_patternProperties_id17_subschema1_not_2,451,25,4,18,3,true,true,true,1
draft2019_09_valid_patternProperties_id15_subschema1_not_2,453,26,5,18,2,true,true,true,1
draft2019_09_valid_ref_id8_subschema1_not_2,453,23,4,18,1,true,true,true,1
draft2019_09_valid_enum_id7_subschema1_not_2,455,26,5,19,1,true,true,true,1
draft2019_09_nonvalid_enum_id2_subschema1_not_2,456,25,5,20,0,true,true,false,0
draft2019_09_valid_default_id6_subschema1_not_2,457,25,5,19,1,true,true,true,1
draft2019_09_valid_ref_id4_subschema1_not_2,457,27,7,19,1,true,true,true,4
draft2019_09_nonvalid_required_id1_subschema1_not_2,458,26,5,20,1,true,true,true,1
draft2019_09_valid_ref_id6_subschema1_not_2,462,26,5,20,0,true,true,true,1
draft2019_09_nonvalid_additionalItems_id6_subschema1_not_2,465,27,5,20,1,true,true,true,1
draft2019_09_valid_ref_id33_subschema1_not_2,465,26,5,21,0,true,true,true,1
draft2019_09_nonvalid_properties_id3_subschema1_not_2,466,26,6,20,0,true,true,false,0
draft2019_09_nonvalid_properties_id4_subschema1_not_2,466,27,5,21,1,true,true,true,1
draft2019_09_valid_properties_id2_subschema1_not_2,468,25,5,19,0,true,true,true,1
draft2019_09_nonvalid_const_id2_subschema1_not_2,469,21,3,18,0,true,true,true,1
draft2019_09_valid_properties_id3_subschema1_not_2,469,23,4,19,0,true,true,true,1
draft2019_09_nonvalid_not_id3_subschema1_not_2,472,24,4,19,1,true,true,true,1
draft2019_09_nonvalid_ref_id1_subschema1_not_2,472,24,5,19,0,true,true,true,1
draft2019_09_valid_additionalProperties_id11_subschema1_not_2,473,23,4,18,1,true,true,true,1
draft2019_09_nonvalid_additionalProperties_id4_subschema1_not_2,475,25,5,19,1,true,true,true,1
draft4_valid_ref_id36_subschema1_not_2,477,23,3,20,0,true,true,true,1
draft2019_09_valid_patternProperties_id13_subschema1_not_2,477,25,5,19,1,true,true,true,1
draft2019_09_nonvalid_additionalProperties_id7_subschema1_not_2,482,23,3,20,0,true,true,true,1
draft2019_09_nonvalid_additionalProperties_id3_subschema1_not_2,484,23,4,18,0,true,true,true,1
draft2019_09_nonvalid_default_id6_subschema1_not_2,484,25,4,19,2,true,true,true,1
draft2019_09_nonvalid_anyOf_id4_subschema1_not_2,486,23,5,18,0,true,true,true,1
draft2019_09_nonvalid_items_id5_subschema1_not_2,486,23,4,19,0,true,true,true,1
draft2019_09_nonvalid_oneOf_id3_subschema1_not_2,486,23,4,19,0,true,true,true,1
draft2019_09_nonvalid_allOf_id9_subschema1_not_2,493,23,3,20,NullPointerException,,,,
draft2019_09_nonvalid_anyOf_id12_subschema1_not_2,493,22,4,18,NullPointerException,,,,
draft2019_09_nonvalid_oneOf_id12_subschema1_not_2,493,23,4,18,NullPointerException,,,,
draft2019_09_nonvalid_additionalItems_id1_subschema1_not_2,495,22,3,19,0,true,true,true,1
draft2019_09_nonvalid_default_id3_subschema1_not_2,501,20,3,17,0,true,true,true,1
draft2019_09_nonvalid_enum_id3_subschema1_not_2,503,19,3,16,0,true,true,true,1
draft2019_09_valid_ref_id34_subschema1_not_2,503,19,4,15,0,true,true,true,1
draft2019_09_nonvalid_const_id4_subschema1_not_2,505,20,3,15,1,true,true,true,1
draft2019_09_valid_additionalProperties_id2_subschema1_not_2,512,20,3,15,1,true,true,true,1
draft2019_09_nonvalid_items_id4_subschema1_not_2,513,20,4,15,0,true,true,true,1
draft2019_09_nonvalid_properties_id2_subschema1_not_2,514,20,4,16,0,true,true,true,1
draft2019_09_nonvalid_patternProperties_id6_subschema1_not_2,515,19,3,16,0,true,true,true,1
draft6_valid_ref_id39_subschema1_not_2,515,19,3,16,0,true,true,true,1
draft2019_09_nonvalid_patternProperties_id7_subschema1_not_2,518,20,3,16,1,true,true,true,1
draft2019_09_nonvalid_not_id4_subschema1_not_2,519,20,4,16,0,true,true,true,1
draft2019_09_nonvalid_additionalProperties_id1_subschema1_not_2,521,22,3,17,1,true,true,true,1
draft2019_09_nonvalid_patternProperties_id10_subschema1_not_2,526,20,4,16,0,true,true,true,1
draft2019_09_valid_additionalProperties_id15_subschema1_not_2,526,19,3,16,0,true,true,true,1
draft2019_09_nonvalid_ref_id2_subschema1_not_2,527,20,4,16,0,true,true,true,1
draft2019_09_nonvalid_ref_id4_subschema1_not_2,528,20,3,17,0,true,true,true,1
draft6_valid_ref_id35_subschema1_not_2,531,20,3,16,1,true,true,true,1
draft2019_09_nonvalid_default_id5_subschema1_not_2,532,20,3,17,0,true,true,true,1
draft2019_09_nonvalid_patternProperties_id9_subschema1_not_2,532,20,3,16,0,true,true,true,1
draft2019_09_nonvalid_ref_id3_subschema1_not_2,538,21,4,16,1,true,true,true,1
draft2019_09_nonvalid_items_id6_subschema1_not_2,539,21,4,17,0,true,true,true,1
draft2019_09_nonvalid_additionalItems_id11_subschema1_not_2,541,24,4,20,0,true,true,true,1
draft2019_09_valid_allOf_id23_subschema1_not_2,543,21,4,17,0,true,true,true,1
draft2019_09_valid_allOf_id24_subschema1_not_2,543,20,3,17,0,true,true,true,1
draft2019_09_valid_allOf_id25_subschema1_not_2,543,20,3,16,1,true,true,true,1
draft2019_09_valid_allOf_id27_subschema1_not_2,543,20,3,16,1,true,true,true,1
draft2019_09_valid_allOf_id29_subschema1_not_2,543,20,3,16,1,true,true,true,1
draft2019_09_valid_allOf_id26_subschema1_not_2,544,19,2,16,1,true,true,true,1
draft2019_09_valid_allOf_id28_subschema1_not_2,544,20,3,16,1,true,true,true,1
draft2019_09_nonvalid_additionalProperties_id8_subschema1_not_2,546,20,3,17,0,true,true,true,1
draft2019_09_nonvalid_properties_id1_subschema1_not_2,546,20,3,16,1,true,true,true,1
draft2019_09_nonvalid_patternProperties_id8_subschema1_not_2,547,20,2,16,1,true,true,true,1
draft2019_09_nonvalid_additionalProperties_id5_subschema1_not_2,553,21,4,17,0,true,true,true,1
draft2019_09_nonvalid_additionalProperties_id2_subschema1_not_2,560,20,3,17,0,true,true,true,1
draft2019_09_nonvalid_items_id8_subschema1_not_2,566,20,3,17,0,true,true,true,1
draft6_nonvalid_ref_id18_subschema1_not_2,592,19,3,16,0,true,true,true,1
draft2019_09_valid_enum_id16_subschema1_not_2,605,20,3,16,0,true,true,true,1
draft2019_09_valid_oneOf_id18_subschema1_not_2,635,19,3,16,0,true,true,true,1
draft2019_09_nonvalid_allOf_id10_subschema1_not_2,647,20,3,16,1,true,true,true,1
draft2019_09_valid_enum_id15_subschema1_not_2,655,21,4,16,1,true,true,true,1
draft2019_09_nonvalid_additionalItems_id10_subschema1_not_2,665,20,3,15,1,true,true,true,1
draft2019_09_valid_enum_id12_subschema1_not_2,690,21,4,17,0,true,true,true,1
draft2019_09_valid_enum_id13_subschema1_not_2,690,20,3,16,1,true,true,true,1
draft2019_09_valid_oneOf_id21_subschema1_not_2,695,20,3,17,0,true,true,true,1
draft2019_09_valid_properties_id11_subschema1_not_2,720,21,4,16,1,true,true,true,1
draft2019_09_valid_properties_id9_subschema1_not_2,720,20,3,17,0,true,true,true,1
draft2019_09_valid_properties_id14_subschema1_not_2,724,20,3,17,0,true,true,true,1
draft2019_09_nonvalid_enum_id7_subschema1_not_2,762,20,3,17,0,true,true,true,1
draft2019_09_nonvalid_oneOf_id8_subschema1_not_2,768,20,3,16,1,true,true,true,1
draft2019_09_nonvalid_oneOf_id9_subschema1_not_2,768,20,3,16,1,true,true,true,1
draft4_valid_oneOf_id21_subschema1_not_2,785,21,3,17,1,true,true,true,1
draft2019_09_valid_oneOf_id25_subschema1_not_2,791,3,StandardGenerationException,,,,,,
draft2019_09_nonvalid_enum_id6_subschema1_not_2,796,20,2,16,1,true,true,true,1
draft4_valid_oneOf_id20_subschema1_not_2,814,20,3,16,1,true,true,true,1
draft2019_09_valid_additionalItems_id13_subschema1_not_2,819,21,3,16,1,true,true,true,1
draft2019_09_valid_oneOf_id24_subschema1_not_2,820,4,StandardGenerationException,,,,,,
draft2019_09_nonvalid_properties_id7_subschema1_not_2,831,22,4,17,1,true,true,true,1
draft2019_09_nonvalid_properties_id8_subschema1_not_2,831,21,4,17,0,true,true,true,1
draft2019_09_valid_properties_id8_subschema1_not_2,848,21,3,16,1,true,true,true,1
draft2019_09_valid_allOf_id3_subschema1_not_2,898,20,3,16,1,true,true,true,1
draft4_nonvalid_oneOf_id9_subschema1_not_2,899,21,3,17,1,true,true,true,1
draft2019_09_valid_allOf_id2_subschema1_not_2,902,22,4,17,0,true,true,true,1
draft4_nonvalid_oneOf_id10_subschema1_not_2,903,22,3,18,1,true,true,true,1
draft2019_09_nonvalid_oneOf_id10_subschema1_not_2,905,5,StandardGenerationException,,,,,,
draft2019_09_nonvalid_properties_id5_subschema1_not_2,905,21,3,18,0,true,true,true,1
draft2019_09_nonvalid_properties_id6_subschema1_not_2,905,23,5,18,0,true,true,true,1
draft2019_09_nonvalid_oneOf_id11_subschema1_not_2,909,3,StandardGenerationException,,,,,,
draft2019_09_valid_oneOf_id14_subschema1_not_2,932,36,3,32,0,true,true,true,1
draft2019_09_valid_anyOf_id14_subschema1_not_2,933,24,4,19,0,true,true,true,1
draft2019_09_valid_oneOf_id15_subschema1_not_2,933,22,3,19,0,true,true,true,1
draft2019_09_valid_allOf_id4_subschema1_not_2,937,23,5,18,0,true,true,true,1
draft2019_09_nonvalid_anyOf_id7_subschema1_not_2,1029,22,3,18,1,true,true,true,1
draft2019_09_nonvalid_oneOf_id5_subschema1_not_2,1029,22,4,18,0,true,true,true,1
draft2019_09_nonvalid_anyOf_id8_subschema1_not_2,1033,21,3,18,0,true,true,true,1
draft2019_09_nonvalid_oneOf_id6_subschema1_not_2,1033,22,4,18,0,true,true,true,1
draft2019_09_nonvalid_allOf_id1_subschema1_not_2,1063,23,4,19,0,true,true,true,1
draft2019_09_nonvalid_anyOf_id9_subschema1_not_2,1063,23,4,18,1,true,true,true,1
draft2019_09_valid_allOf_id9_subschema1_not_2,1114,23,3,19,0,true,true,true,1
draft2019_09_valid_allOf_id7_subschema1_not_2,1147,22,3,18,0,true,true,true,1
draft2019_09_valid_allOf_id8_subschema1_not_2,1149,23,3,19,1,true,true,true,1
draft2019_09_valid_allOf_id6_subschema1_not_2,1152,23,5,18,0,true,true,true,1
draft2019_09_valid_items_id26_subschema1_not_2,1190,21,3,18,0,true,true,true,1
draft2019_09_nonvalid_allOf_id2_subschema1_not_2,1345,23,5,18,0,true,true,true,1
draft2019_09_valid_items_id25_subschema1_not_2,1420,23,3,18,1,true,true,true,1
draft2019_09_nonvalid_items_id16_subschema1_not_2,1513,22,4,18,0,true,true,true,1
