objectId,inSize,totalTime,generated
sp_208_Normalized,234,254,False
sp_207_Normalized,234,255,False
sp_206_Normalized,234,262,False
sp_69_Normalized,275,249,True
sp_70_Normalized,279,220,True
sp_228_Normalized,285,226,True
sp_229_Normalized,287,217,True
sp_234_Normalized,289,227,True
sp_231_Normalized,291,224,True
sp_239_Normalized,296,211,True
sp_74_Normalized,307,229,True
sp_218_Normalized,333,224,True
sp_214_Normalized,369,228,False
sp_237_Normalized,371,241,True
sp_240_Normalized,378,230,True
sp_147_Normalized,387,252,True
sp_270_Normalized,397,241,True
sp_238_Normalized,400,216,True
sp_176_Normalized,400,234,True
sp_233_Normalized,401,262,True
sp_271_Normalized,402,248,True
sp_382_Normalized,408,264,False
sp_141_Normalized,408,226,True
sp_48_Normalized,428,235,True
sp_174_Normalized,435,239,True
sp_315_Normalized,439,226,True
sp_260_Normalized,455,220,True
sp_256_Normalized,455,224,True
sp_171_Normalized,458,231,True
sp_278_Normalized,464,236,True
sp_60_Normalized,467,240,True
sp_325_Normalized,489,224,True
sp_78_Normalized,495,232,True
sp_327_Normalized,495,226,True
sp_86_Normalized,502,215,True
sp_89_Normalized,506,212,True
sp_146_Normalized,506,226,True
sp_85_Normalized,509,217,True
sp_92_Normalized,510,221,True
sp_405_Normalized,511,225,True
sp_301_Normalized,513,383,True
sp_59_Normalized,514,224,True
sp_414_Normalized,516,199,True
sp_71_Normalized,525,208,True
sp_148_Normalized,531,234,True
sp_40_Normalized,536,252,True
sp_159_Normalized,537,234,True
sp_158_Normalized,539,213,True
sp_67_Normalized,550,212,True
sp_164_Normalized,550,219,True
sp_324_Normalized,552,221,True
sp_318_Normalized,557,220,True
sp_42_Normalized,563,218,True
sp_262_Normalized,572,236,True
sp_248_Normalized,572,235,True
sp_165_Normalized,575,230,True
sp_216_Normalized,580,222,True
sp_44_Normalized,592,213,True
sp_413_Normalized,596,205,True
sp_41_Normalized,599,221,True
sp_57_Normalized,602,212,True
sp_39_Normalized,602,219,True
sp_166_Normalized,610,225,True
sp_320_Normalized,621,234,True
sp_167_Normalized,623,229,True
sp_273_Normalized,626,218,True
sp_282_Normalized,637,214,True
sp_11_Normalized,639,252,True
sp_168_Normalized,642,223,True
sp_272_Normalized,645,223,True
sp_380_Normalized,653,224,True
sp_161_Normalized,656,222,True
sp_33_Normalized,668,233,True
sp_28_Normalized,668,214,True
sp_321_Normalized,677,231,True
sp_290_Normalized,686,217,True
sp_326_Normalized,691,227,True
sp_297_Normalized,692,238,True
sp_242_Normalized,701,217,True
sp_156_Normalized,702,232,True
sp_294_Normalized,703,223,True
sp_62_Normalized,710,235,True
sp_247_Normalized,711,227,False
sp_46_Normalized,725,222,True
sp_250_Normalized,725,216,True
sp_53_Normalized,727,211,True
sp_269_Normalized,727,215,True
sp_221_Normalized,728,217,True
sp_83_Normalized,730,215,True
sp_268_Normalized,733,236,False
sp_314_Normalized,734,221,True
sp_52_Normalized,735,218,True
sp_30_Normalized,738,213,True
sp_220_Normalized,742,233,True
sp_90_Normalized,753,214,True
sp_295_Normalized,771,220,True
sp_175_Normalized,782,242,True
sp_217_Normalized,788,225,True
sp_37_Normalized,822,212,True
sp_61_Normalized,823,219,True
sp_355_Normalized,823,213,True
sp_84_Normalized,831,215,True
sp_227_Normalized,831,219,True
sp_43_Normalized,846,442,True
sp_276_Normalized,851,223,True
sp_31_Normalized,860,227,True
sp_56_Normalized,873,208,True
sp_55_Normalized,881,238,True
sp_219_Normalized,881,217,True
sp_186_Normalized,886,222,True
sp_316_Normalized,887,228,True
sp_196_Normalized,892,218,True
sp_198_Normalized,893,218,True
sp_32_Normalized,897,220,True
sp_38_Normalized,898,231,True
sp_58_Normalized,922,214,True
sp_293_Normalized,931,244,True
sp_140_Normalized,934,234,True
sp_322_Normalized,935,213,True
sp_349_Normalized,937,218,True
sp_109_Normalized,938,261,True
sp_403_Normalized,941,211,True
sp_49_Normalized,945,221,True
sp_358_Normalized,948,213,True
sp_29_Normalized,949,229,True
sp_288_Normalized,950,217,True
sp_110_Normalized,954,217,True
sp_91_Normalized,955,210,True
sp_254_Normalized,962,219,True
sp_317_Normalized,981,221,True
sp_26_Normalized,981,224,True
sp_160_Normalized,989,227,True
sp_155_Normalized,989,207,True
sp_241_Normalized,991,310,True
sp_51_Normalized,992,214,True
sp_274_Normalized,995,229,True
sp_150_Normalized,1005,215,True
sp_45_Normalized,1011,213,True
sp_356_Normalized,1014,231,True
sp_312_Normalized,1014,224,True
sp_362_Normalized,1019,223,True
sp_97_Normalized,1033,230,True
sp_359_Normalized,1035,215,True
sp_253_Normalized,1042,216,True
sp_298_Normalized,1046,223,True
sp_381_Normalized,1066,231,True
sp_144_Normalized,1069,222,True
sp_145_Normalized,1090,256,True
sp_252_Normalized,1105,220,True
sp_363_Normalized,1106,223,True
sp_251_Normalized,1114,233,True
sp_108_Normalized,1115,232,True
sp_190_Normalized,1136,213,True
sp_188_Normalized,1136,238,True
sp_154_Normalized,1148,234,True
sp_149_Normalized,1160,241,True
sp_232_Normalized,1172,235,True
sp_266_Normalized,1205,237,True
sp_283_Normalized,1209,219,True
sp_35_Normalized,1219,226,True
sp_277_Normalized,1245,224,True
sp_399_Normalized,1267,221,True
sp_255_Normalized,1269,229,True
sp_313_Normalized,1270,220,True
sp_47_Normalized,1272,232,True
sp_407_Normalized,1287,222,True
sp_299_Normalized,1295,222,True
sp_386_Normalized,1307,230,True
sp_34_Normalized,1307,216,True
sp_246_Normalized,1313,214,True
sp_392_Normalized,1314,216,True
sp_72_Normalized,1316,229,True
sp_66_Normalized,1317,228,True
sp_230_Normalized,1331,220,True
sp_364_Normalized,1334,312,True
sp_284_Normalized,1343,218,True
sp_289_Normalized,1350,224,True
sp_22_Normalized,1361,230,True
sp_63_Normalized,1366,226,True
sp_36_Normalized,1366,222,True
sp_68_Normalized,1402,246,True
sp_173_Normalized,1420,225,True
sp_365_Normalized,1421,224,True
sp_225_Normalized,1426,219,True
sp_287_Normalized,1433,211,True
sp_194_Normalized,1450,237,True
sp_192_Normalized,1472,225,True
sp_224_Normalized,1474,216,True
sp_215_Normalized,1482,275,True
sp_416_Normalized,1484,232,True
sp_275_Normalized,1489,218,True
sp_151_Normalized,1498,214,True
sp_285_Normalized,1527,237,True
sp_384_Normalized,1532,242,True
sp_354_Normalized,1546,223,True
sp_404_Normalized,1550,230,True
sp_180_Normalized,1560,232,True
sp_139_Normalized,1565,226,True
sp_396_Normalized,1572,217,True
sp_394_Normalized,1574,220,True
sp_383_Normalized,1575,298,True
sp_395_Normalized,1576,226,True
sp_226_Normalized,1581,233,True
sp_387_Normalized,1585,224,True
sp_360_Normalized,1587,219,True
sp_54_Normalized,1597,227,True
sp_368_Normalized,1616,219,True
sp_406_Normalized,1632,225,True
sp_184_Normalized,1656,212,True
sp_107_Normalized,1660,245,True
sp_323_Normalized,1661,208,True
sp_19_Normalized,1661,228,True
sp_65_Normalized,1665,218,True
sp_388_Normalized,1670,327,True
sp_245_Normalized,1690,208,True
sp_182_Normalized,1716,238,True
sp_335_Normalized,1734,225,True
sp_419_Normalized,1746,241,True
sp_397_Normalized,1756,234,True
sp_117_Normalized,1761,235,True
sp_73_Normalized,1763,214,True
sp_178_Normalized,1769,252,True
sp_142_Normalized,1809,240,True
sp_369_Normalized,1812,216,True
sp_77_Normalized,1814,220,True
sp_76_Normalized,1820,214,True
sp_75_Normalized,1820,251,True
sp_389_Normalized,1829,227,True
sp_50_Normalized,1869,218,True
sp_8_Normalized,1876,330,True
sp_267_Normalized,1898,245,True
sp_64_Normalized,1925,216,True
sp_390_Normalized,1939,223,True
sp_1_Normalized,1942,244,True
sp_177_Normalized,2013,242,True
sp_27_Normalized,2017,220,True
sp_157_Normalized,2029,217,True
sp_111_Normalized,2143,236,True
sp_332_Normalized,2174,240,True
sp_296_Normalized,2213,271,True
sp_243_Normalized,2220,219,True
sp_112_Normalized,2220,223,True
sp_263_Normalized,2233,233,True
sp_118_Normalized,2254,225,True
sp_257_Normalized,2259,218,True
sp_106_Normalized,2358,227,True
sp_105_Normalized,2362,250,True
sp_103_Normalized,2364,220,True
sp_100_Normalized,2364,218,True
sp_99_Normalized,2368,222,True
sp_102_Normalized,2368,253,True
sp_116_Normalized,2387,223,True
sp_113_Normalized,2394,220,True
sp_2_Normalized,2412,225,True
sp_265_Normalized,2423,232,True
sp_286_Normalized,2476,227,True
sp_9_Normalized,2479,211,True
sp_258_Normalized,2590,220,True
sp_264_Normalized,2597,225,True
sp_143_Normalized,2628,227,True
sp_104_Normalized,2678,213,True
sp_98_Normalized,2684,221,True
sp_101_Normalized,2684,251,True
sp_344_Normalized,2730,224,True
sp_244_Normalized,2746,252,True
sp_127_Normalized,2766,232,True
sp_135_Normalized,2767,210,True
sp_402_Normalized,2768,221,True
sp_259_Normalized,2776,233,True
sp_3_Normalized,2822,211,True
sp_114_Normalized,2918,239,True
sp_128_Normalized,2934,264,True
sp_136_Normalized,2935,227,True
sp_93_Normalized,2938,223,True
sp_4_Normalized,2941,212,True
sp_202_Normalized,2944,259,True
sp_391_Normalized,2977,232,True
sp_350_Normalized,2983,229,True
sp_412_Normalized,2999,226,True
sp_197_Normalized,3187,239,True
sp_199_Normalized,3188,237,True
sp_401_Normalized,3246,236,True
sp_125_Normalized,3249,259,True
sp_292_Normalized,3273,219,True
sp_187_Normalized,3285,244,True
sp_121_Normalized,3291,248,True
sp_133_Normalized,3305,230,True
sp_393_Normalized,3309,236,True
sp_319_Normalized,3339,217,True
sp_25_Normalized,3408,226,True
sp_126_Normalized,3417,237,True
sp_210_Normalized,3430,227,True
sp_10_Normalized,3456,335,True
sp_357_Normalized,3458,223,True
sp_122_Normalized,3459,225,True
sp_134_Normalized,3473,227,True
sp_132_Normalized,3518,227,True
sp_152_Normalized,3530,262,True
sp_5_Normalized,3553,216,True
sp_131_Normalized,3560,237,True
sp_203_Normalized,3564,222,True
sp_291_Normalized,3613,220,True
sp_201_Normalized,3633,210,True
sp_376_Normalized,3638,232,True
sp_373_Normalized,3677,230,True
sp_6_Normalized,3709,219,True
sp_24_Normalized,3714,221,True
sp_23_Normalized,3721,234,True
sp_211_Normalized,3762,228,True
sp_377_Normalized,3763,227,True
sp_21_Normalized,3829,228,True
sp_300_Normalized,3857,214,True
sp_213_Normalized,3879,228,True
sp_212_Normalized,3879,219,True
sp_337_Normalized,3910,227,True
sp_361_Normalized,3912,217,True
sp_385_Normalized,3928,221,True
sp_191_Normalized,3965,231,True
sp_189_Normalized,3965,310,True
sp_119_Normalized,3976,236,True
sp_115_Normalized,3986,237,True
sp_120_Normalized,3989,226,True
sp_195_Normalized,4008,213,True
sp_7_Normalized,4017,228,True
sp_417_Normalized,4021,235,True
sp_20_Normalized,4022,226,True
sp_204_Normalized,4074,234,True
sp_374_Normalized,4129,212,True
sp_193_Normalized,4132,225,True
sp_163_Normalized,4259,238,True
sp_14_Normalized,4426,231,True
sp_181_Normalized,4444,269,True
sp_185_Normalized,4450,249,True
sp_170_Normalized,4476,234,True
sp_205_Normalized,4511,230,True
sp_415_Normalized,4517,277,True
sp_15_Normalized,4547,225,True
sp_183_Normalized,4606,213,True
sp_366_Normalized,4638,228,True
sp_400_Normalized,4698,237,True
sp_329_Normalized,4778,223,True
sp_179_Normalized,4925,234,True
sp_370_Normalized,5029,224,True
sp_169_Normalized,5186,224,True
sp_16_Normalized,5296,242,True
sp_340_Normalized,5315,261,True
sp_351_Normalized,5515,231,True
sp_308_Normalized,5620,221,True
sp_336_Normalized,5677,226,True
sp_302_Normalized,5721,232,True
sp_303_Normalized,5789,224,True
sp_304_Normalized,5860,229,True
sp_305_Normalized,5998,227,True
sp_306_Normalized,6067,219,True
sp_378_Normalized,6310,253,True
sp_235_Normalized,6325,372,True
sp_172_Normalized,6557,260,True
sp_153_Normalized,6600,251,True
sp_222_Normalized,6693,219,True
sp_379_Normalized,6804,223,True
sp_307_Normalized,7073,245,True
sp_96_Normalized,7133,237,True
sp_408_Normalized,7294,220,True
sp_352_Normalized,7346,259,True
sp_95_Normalized,7448,253,True
sp_94_Normalized,7456,235,True
sp_409_Normalized,7460,224,True
sp_80_Normalized,7461,225,True
sp_81_Normalized,7469,310,True
sp_123_Normalized,7490,284,True
sp_279_Normalized,7607,248,True
sp_82_Normalized,7694,246,True
sp_410_Normalized,7699,229,True
sp_411_Normalized,7700,233,True
sp_13_Normalized,7707,234,True
sp_12_Normalized,7708,256,True
sp_79_Normalized,7912,232,True
sp_375_Normalized,7928,251,True
sp_348_Normalized,7950,239,True
sp_347_Normalized,7950,242,True
sp_124_Normalized,8002,259,True
sp_209_Normalized,8021,249,True
sp_129_Normalized,8435,234,True
sp_87_Normalized,8577,219,True
sp_162_Normalized,8583,241,True
sp_280_Normalized,8607,229,True
sp_88_Normalized,8612,223,True
sp_418_Normalized,8628,231,True
sp_281_Normalized,8805,235,True
sp_130_Normalized,9063,215,True
sp_367_Normalized,9151,230,True
sp_223_Normalized,9502,252,True
sp_311_Normalized,10386,60016,False
sp_200_Normalized,10560,265,True
sp_236_Normalized,10746,228,True
sp_249_Normalized,11099,237,False
sp_353_Normalized,11280,229,True
sp_17_Normalized,11767,474,True
sp_398_Normalized,12342,230,True
sp_18_Normalized,12734,231,True
sp_371_Normalized,12926,257,True
sp_309_Normalized,13207,60019,False
sp_372_Normalized,13230,255,True
sp_328_Normalized,14004,263,True
sp_310_Normalized,15292,60017,False
sp_261_Normalized,18469,269,True
sp_137_Normalized,19957,248,True
sp_138_Normalized,19962,243,True
sp_0_Normalized,22225,229,True
sp_338_Normalized,26255,275,True
sp_346_Normalized,26575,248,True
sp_339_Normalized,27146,240,True
sp_345_Normalized,29488,231,True
sp_341_Normalized,31803,256,True
sp_333_Normalized,34973,271,True
sp_342_Normalized,52538,245,True
sp_343_Normalized,54050,236,True
sp_330_Normalized,54618,233,True
sp_334_Normalized,55072,251,True
sp_331_Normalized,56130,245,True
