{"app_id":"Excepteur","adjust_device_id":null,"adwords_campaign_type":"esse","device_type":null,"fb_campaign_name":null,"mac_sha1":"fugiat qui","impression_time":null,"install_begin_time":null,"fb_account_id":null,"created_at_time":"culpa","store":"minim","is_impression_based":"","partner_parameters":null,"windows_store_naid":null,"ip_address":"officia pariatur sed laboris","is_organic":null,"google_click_id":null,"adgroup_name":null,"adwords_network_type":null,"click_referer":"ea","android_id":null,"sdk_version":null,"adwords_network_subtype":null,"adwords_adgroup_id":null,"adwords_matchtype":null,"city":"Excepteur ut fugiat quis","os_name":null,"event_name":"install","adwords_search_term":null,"gplay_ad_id":null,"gplay_referer":"velit","apple_idfv":null,"adjust_tracker":"labore cillum velit eiusmod","app_version":"sed fugiat dolor","fb_campaign_group_name":null,"apple_ad_conversion_type":"cupidatat","adwords_placement":"eu sit cupidatat","tracking_enabled":null,"connection_type":"amet nisi in in","conversion_duration":null,"cost_type":"Duis ","mac_md5":null,"fingerprint_attribution_window":null,"apple_idfa":null,"attribution_type":null,"fb_campaign_id":"sed aute","language_code":null,"apple_ad_keyword_matchtype":null,"referral_time":null,"campaign_name":null,"creative_name":"in","os_version":"officia magna","adwords_video_id":"et laborum eiusmod Lorem sunt","install_complete_time":"molli","fb_ad_objective_name":"dolore ut"}
