{"groups":[{"name":"mollit sunt dolor sed","id":"est elit ","kind":"ex"},{"name":"dolor consectetur"},{"id":"officia aute","kind":"sunt Ut","name":"adipisicing ullamco do reprehenderit consectetur"}],"visitor":{"kind":"velit aliquip","operatingSystem":"enim","country":"qui pariatur","emailAddress":"eu quis","fullName":"voluptate","organization":"laboris laborum","phoneNumber":"ullamco consectetur","browser":"dolor pariatur nulla","region":"es","ip":"anim dolore Ut","city":"e","countryCode":"sit","id":"in"},"id":"dolore in"}
