{"ts":"dolore reprehenderit mollit","msg":{"subject":"nisi in mollit sed","sender":"aute in veniam","state":"dolor non sint proident dolore","resends":[],"ts":"elit","tags":["ex in","labore","in","nulla est exercitation ut","sunt ut do officia in"],"bounce_description":"laboris","diag":"ut","_id":"est consectetur","bgtools_code":-21686529.491531253,"smtp_events":[{"source_ip":"esse Excepteur sint proident elit","destination_ip":"labore pariatur deserunt veniam","type":"consectetur proident","diag":"officia ea pariatur","ts":"sit tempor","size":16377542},{"size":-70565305,"destination_ip":"ea Duis nulla","diag":"proident voluptate sint","dolore_2":49526098,"ex00":57865702,"esta":97836495,"sed07":true},{"destination_ip":"ad irure id eiusmod ullamco","type":"irure","size":-91308323,"diag":"dolor minim anim sed","ts":"reprehenderit enim exercitation ipsum id","source_ip":"pariatur irure sint"},{"diag":"dolor Duis pariatur proident qui","type":"sed in ullamco","destination_ip":"anim occaecat nostrud","ts":"incididunt proident ad","size":-55778736,"source_ip":"minim elit in ullamco et"},{"size":99794726,"diag":"eiusmod","laboris_17":-54974638.69227315,"magna11":-73960197.38292114,"mollit_b8":true}],"metadata":{"user_id":33205749.077848077,"Duis__1":true,"aliquip0a3":-26532135,"cupidatat_c71":48088399.90187082},"template":null}}
