{"msg":{"_id":"Duis Ut aliquip","_version":"fugiat dolore amet officia","clicks":[{"url":"sint","ts":"do nostrud ut aliquip"},{"ts":"Ut nostrud non laboris","url":"nulla elit Lorem eu sit","non_5b6":"ullamco aliqua aute","commodo81_":false}],"email":"qui sunt incididunt","metadata":{"user_id":-9770392.327102423,"fugiat_e02":-70210973,"non_fa":-67412064},"opens":[{"ts":"eu qui commodo nisi occaecat","dolore_c":-17428780.39239937,"Duis_9":32436894},{"ts":"laboris officia esse consectetur deserunt","ex_0":-89093215.40557298,"aute66_":true,"aliqua45":"sint consequat esse laboris ex","nostrud1c":true,"nisic24":-24892144.132852763},{"ts":"adipisicing est labore exercitation elit","deseruntc":"id eu exercitation Excepteur aute","Duis_d2c":-46594407.775029145,"ad53d":-5750224},{"reprehenderita":"ad velit","mollit4":true},{"voluptate_0":"in id aliqua","in_9_9":true}],"sender":"pariatur nisi sed","state":"eiusmod amet","subaccount":"esse Lorem","subject":"ad culpa"},"_id":"occaecat ea","ts":"id reprehenderit pariatur"}
