{"msg":{"ts":"ullamco reprehenderit adipisicing","sender":"in cupidatat sed","clicks":[],"subject":"aliquip proident","_id":"aliqua","_version":"ut et cillum aliqua culpa","email":"sunt","metadata":{"user_id":-21932418.18036568,"veniam_7aa":-64620064.59338636,"eab7b":true,"tempor_50":false},"opens":[],"resends":[],"smtp_events":[{"destination_ip":"et quis ipsum mollit do","source_ip":"ex cupidatat minim amet in","size":35490399.989528626}],"state":"irure sint ea","subaccount":null,"tags":["commodo ex laboris","consequat ex pariatur anim"],"template":"proident in"},"_id":"eiusmod non","ts":"Duis dolore nostrud"}
