{"user_agent":"dolor commodo irure","_id":"veniam eiusmod deserunt non","ip":"in quis enim","location":{"city":"et","country":"incididunt adipisicing","country_short":"et","latitude":-3085715.77878803,"longitude":-55360810.65718821},"msg":{"metadata":{"user_id":91999709.39282519,"eiusmod_23c":53817394,"ad_06":53551912,"tempord5c":"sint"},"smtp_events":[{"destination_ip":"sed ut","ts":"proident ea enim sint occaecat","type":"eiusmod"},{"size":3927692,"type":"dolore aliqua exercitation qui","ts":"adipisicing dolore laboris","ex86":21718967,"Excepteur_e":"id pariatur ea sit laborum","id_6_":62003606.41843754,"laboris_8":2705939},{"destination_ip":"in quis commodo aute irure","diag":"ex dolore","size":-73412177,"type":"proident et nostrud mollit","source_ip":"eiusmod","ts":"consequat officia enim","nostrud750":-57398022.31896247,"Excepteur_a3f":-59283938.88106181},{"ts":"minim id non magna","size":86532340,"source_ip":"dolore magna elit amet enim","ut60":-21454429,"quib13":28471800}],"opens":[{"ts":"aute veniam cupidatat laboris","ip":"ullamco","location":null},{"Utb55":-6177175,"ad_c":-47552679,"ea_62e":91488593,"elit_87":true}],"subject":"reprehenderit eiusmod","_version":"ipsum id Ut velit Excepteur","clicks":[{"location":null,"ute8":56136165.22503716},{"ts":"labore","ip":"enim dolore eiusmod commodo","location":null,"ua":"consectetur voluptate nulla enim do","url":"veniam","consequate8f":19498446,"pariatur_c":"fugiat aliquip laborum"},{"location":"adipisicing aute officia velit ad","ts":"dolor ut ex","url":"Ut","ip":"amet officia voluptate nisi ipsum","ua":"consectetur et eiusmod mollit quis","sed_d38":44382591.54262844},{"ua":"dolor ipsum","location":"dolore cillum officia","url":"do nulla eiusmod esse reprehenderit","ip":"dolore"},{"location":"Duis ea dolore deserunt amet","ua":"in commodo dolor veniam","ip":"cupidatat dolore nisi","Excepteur8_":"cillum reprehenderit aliquip anim non","ut_0":"occaecat est","laboris1":false,"dolor_2":43419762.14711818}],"state":"Excepteur","template":"esse","ts":"commodo veniam ex velit","sender":"incididunt officia","tags":["in voluptate"],"_id":"commodo do"}}
