{"created_on":"Ut eiusmod","data":{"incident":{"id":"nisi irure mollit aute voluptate","resolved_by_user":{"id":"commodo","name":"eiusmod anim exercitation officia id","email":"in dolor","html_url":"deserunt"},"assigned_to_user":null,"trigger_details_html_url":"id nulla","trigger_type":"dolor mollit","incident_number":-79531180,"assigned_to":[{"object":{"html_url":"nostrud eu","id":"minim Ut"},"at":"enim adipisicing officia est anim"}],"number_of_escalations":14609888,"last_status_change_by":{"name":"sint in cillum","html_url":"eu deserunt non aliquip velit","email":"commodo in dolore"},"pending_actions":[]}},"id":"elit magna","type":"quis Ut qui nisi"}
