{"name":"eiusmod exercita","forward_to_friend_link":"ipsum culpa commodo","datetime":"dolor","step":14125,"program":null,"lead":null,"company":{"site":"ullamco cupidatat labore","account_owner_last_name":"in ut consequat","sic_code":"sint","account_owner_first_name":"nisi id laborum dolore dolor","billing_state":"qui sit","main_phone":"ea minim commodo irure","num_employees":109381062,"notes":"reprehenderit elit ea velit pariatur","website":"mollit dolor irure","billing_city":"non","industry":"consequat cillum","annual_revenue":1904152584.4882936,"billing_postal_code":"ut Ut sunt amet","billing_country":"enim dolore","parent_company_name":"ut aute","billing_address":"et magna amet","name":"proident c","account_owner_email_address":"quis pariatur"},"sp_send_alert_info":null,"unsubscribe_link":null,"social":null,"campaign":{"id":1676709175,"name":"Excepteur aute","description":null},"munchkinId":null,"view_as_webpage_link":null}
