{"datetime":"sit dolor mollit","id":"est laboris minim","trackingnum":"fugiat sed veniam voluptate amet","utm_content":null,"utm_source":null,"first_call":null,"callername":null,"callercountry":"Duis occaecat enim sed mollit","utmv":null,"callercity":"ea Lorem ad","keywords":null,"destinationnum":"qui","referrer":null,"device_type":"enim velit","kissmetrics_id":"commodo dolor","utmz":null,"utmc":"aute Excepteur dolor ut exercitation","recording":null,"ip":"Lorem sit esse exercitation","utm_term":"cupidatat ad laboris fugiat","answered":false,"callerstate":"sed elit id nulla","utmx":"sint exercitation dolor occaecat"}
