{"groups":[{"id":"exercitation","kind":"ea mollit"}],"kind":"deser","visitor":{"ip":"incididunt laboris aliquip commodo","fullName":"sit incididunt irure","city":"laborum mollit cillum nisi","eiusmod_1b":22253033.251131564,"ullamco_b5":-35784158.832656756,"anim_e8":"Duis Excepteur nostrud eiusmod","aliqua__":true,"uta8":60735323.03410062,"nulla5":-98685487.1666774},"tags":["ipsum incididu","ullamco ipsum","non","Lorem et do esse"],"manuallySubmitted":true,"operators":{"].B66":{"nickname":"officia deserunt","emailAddress":"nisi pariatur dolor Lorem enim","kind":"ad est commodo","id":"exercitation","username":"aliqua fugiat qui non reprehenderit"}},"items":[{"visitorNickname":"nulla mollit ut","operatorId":"nulla conse","body":"fugiat Duis sed","kind":"ad in n","nickname":"dolore ut veniam a"},{"nickname":"","kind":"magna aliquip","timestamp":"exercitation id laboris laborum dolor"}]}
