{"ip":"nostrud exercitation","userAgent":"dolore","clientType":"sit id i","city":"ea adipisicing exercitation consectetur nulla","domain":"magna mollit esse laboris","tag":"laborum Excepteur","region":"esse ","messageId":"fugiat","deviceType":"sint","mailingList":"nostrud nisi dolor ullamco magna","signature":"aliqua","clientOs":"Duis elit est","campaignName":"consequat magna nulla nisi ullamco","clientName":"co","token":"ut laborum suntnostrud Loremlaboreconsectetur fugi","country":"","timestamp":"dolore esse","recipient":"nulla adipisicing tempor nostrud sed","campaignId":"dolore enim"}
