{"_id":"adipisicing cillum","msg":{"bounce_description":"aliquip","diag":"deserunt","tags":["do ea sit","in","nisi commodo amet"],"sender":"dolor","smtp_events":[{"type":"do in aliquip reprehenderit aliqua","size":-78367907,"ts":"id","diag":"esse sint sit veniam incididunt","destination_ip":"nisi mollit","source_ip":"tempor consectetur"}],"_version":"officia magna sit nisi commodo","metadata":{"user_id":-96693331.90495206,"nisidc":22626390,"voluptate_7":45960601.51326311,"est53a":779415,"pariatur_9":98793413.3144046},"subaccount":"laboris et officia tempor","email":"magna sit deserunt id","subject":"officia","_id":"officia qui culpa sed ea","ts":"Excepteur nostrud","bgtools_code":15393012.092232719,"template":"id cillum exercitation"},"ts":"commodo incididunt enim"}
