{"user_agent_parsed":{"type":"Excepteur","os_company_url":"occaecat esse non","os_icon":"cupidatat","ua_company":"Lorem ipsum est eiusmod sint","ua_company_url":"in in do deserunt","ua_url":"et","ua_family":"exercitation","mobile":false,"os_company":"mollit eu in","os_family":"tempor aliquip in ex","os_name":"reprehenderit in ut pariatur"},"msg":{"template":"occaecat ad anim dolor exercitation","smtp_events":[{"dolore_b61":false,"non_5b":"eu","ad2d":"dolore","esse_2":-45680446,"cillum12":true,"consectetur_0":true,"dolore_230":"reprehenderit","none4":"sunt est nulla ipsum","qui_0":44073636.97397074},{"size":65352933,"ts":"deserunt amet officia","diag":"incididunt quis minim ad magna","source_ip":"aliqua","type":"nostrud exercitation occaecat","destination_ip":"quis laborum","ipsum_6":true,"proident7":"proident","Lorem_864":"nisi"}],"resends":[],"tags":["sit","in qui veniam","consectetur laboris elit dolore velit","irure fugiat magna","ullamco"],"subject":"non proident","opens":[{"ip":"nulla ut cillum reprehenderit","location":"laborum eu cillum proident","ts":"cupidatat","ua":null},{"ts":"Duis tempor irure eiusmod et","ip":"aute ex reprehenderit","ua":null,"location":null,"Lorem_f":false,"deserunt717":23884697,"Excepteur_9c":false,"minim2e4":false},{"ip":"tempor","ua":null,"location":"nisi dolore occaecat"},{"dolore91":61648435,"tempor_683":79338344.36501858,"aliqua7cc":82299978.69185165}],"state":"officia est reprehenderit","_id":"dolor sint enim","_version":"Lorem dolor velit ipsum","clicks":[{"cupidatat_d":true,"fugiat_ce9":false},{"ts":"quis","ip":"commodo id consectetur","url":"sit nulla dolore magna dolore","ua":null,"location":"eiusmod sit veniam pariatur"},{"ts":"ipsum Ut nulla id sit","location":"dolor Excepteur","ip":"sit mollit commodo reprehenderit adipisicing","ua":null,"url":"cupidatat ipsum","ullamco_d":true},{"nulla_7bf":true,"aliquip_d30":16547809.586734548,"culpa_b2":true,"mollit9":59598027,"Lorem_8":false},{"location":"ut","dolor_659":"magna Excepteur officia","est_01":-59349689.96712881,"fugiat_7":22477901,"quis_":-12584615,"Ut_8":true,"reprehenderit_625":"Excepteur fugiat","deserunt_9a":32415176}],"email":"Excepteur eiusmod consectetur sunt nostrud","metadata":{"user_id":-50364168.839495614,"aliquip_a":-89496684,"enim_77":-7505890.08601588,"culpa1":false},"sender":"mollit","subaccount":null},"_id":"esse ad eu do aliqua","user_agent":"aliquip proident ut","ip":"est cupidatat ex esse labore","ts":"in occaecat","url":"laborum adipisicing tempor anim","location":{"postal_code":"dolore laborum cillum eiusmod","country_short":"in","city":"laboris cillum id est","country":"qui anim id est amet","latitude":58158089.06664857,"longitude":71851087.32525358,"region":"dolore veniam ea est"}}
