{"diag":"laboris Lorem ex incididunt","_id":"in","msg":{"smtp_events":[{"destination_ip":"Ut ex sit id","fugiat_a9c":false},{"diag":"ex enim","destination_ip":"nulla laborum minim","ts":"officia Duis nulla mollit Ut","type":"ea reprehenderit minim","source_ip":"labore adipisicing incididunt enim magna","size":85286830.56088755},{"diag":"Lorem quis veniam","source_ip":"Excepteur","type":"Excepteur ipsum et tempor","ts":"sunt sed","destination_ip":"id reprehenderit","size":-60082388.89663997},{"destination_ip":"ullamco","diag":"laborum ea incididunt deserunt esse","magna_de8":"Lorem ullamco","qui_7e":"dolor","ipsum8":true,"magna_66":-74112308,"labore_7c1":28911199},{"ts":"in minim eiusmod deserunt tempor","size":-5016714.866925791,"type":"tempor voluptate cillum"}],"clicks":[],"sender":"pariatur dolore Ut sint deserunt","ts":"irure velit veniam Ut","_version":"exercitation ad","email":"est dolor nisi eu sed","resends":[],"tags":["nostrud Excepteur","sint velit aliquip dolor et","aliquip aute ad","adipisicing sunt consequat","deserunt magna in dolor laborum"],"_id":"exercitation laboris sint occaecat irure","metadata":{"user_id":-93477740.5031892,"ipsum_a1":"irure ea laboris","proident3":"laboris velit","sed_9f_":true,"minim84":true,"incididunt1":-97956850},"opens":[],"state":"nisi","subject":"aliquip occaecat eiusmod fugiat","template":"magna sunt culpa dolor eiusmod"},"ts":"Ut et voluptate fugiat ullamco"}
