{"ts":"Excepteur dolor exercitation culpa do","_id":"non ad Duis","msg":{"template":null,"smtp_events":[{"size":-98856039,"type":"sit culpa","ts":"non incididunt anim do sunt","auteb":88865120.52953988,"aliquip__":false,"elit982":60333965.44669744,"est_528":true,"consecteture0":-39405001}],"subject":"culpa","metadata":{"user_id":59359620.642757654,"fugiat_21d":-49881650.194637574},"_id":"culpa quis laboris ullamco","_version":"do occaecat qui sunt eu","bgtools_code":12207890.554761171,"bounce_description":"mollit ullamco Lorem sunt","diag":"sunt cupidatat ut aliquip","email":"ut elit"}}
