{"_id":"sint nulla mollit","user_agent":"laboris consectetur dolore","msg":{"_version":"cillum sunt","clicks":[{"url":"consequat deserunt","location":"Ut ipsum sit nulla","ip":"Lorem cupidatat","ts":"ad enim Lorem deserunt","ua":"minim do irure"},{"location":"amet officia voluptate enim","ua":"elit anim","url":"sint esse","ip":"tempor voluptate sit aute","ts":"esse in in"}],"template":"in eu fugiat","_id":"in culpa aute cillum","ts":"Ut"},"user_agent_parsed":{"type":"cillum in tempor","ua_version":null,"os_name":"aliqua id","ua_name":null,"os_company":"officia","ua_company":"commodo aliquip","mobile":true,"ua_icon":"Lorem occaecat Ut in eu","ua_url":"irure commodo culpa id","ua_company_url":"ullamco in","ua_family":null,"os_icon":"nostrud"}}
