{"action":"Lorem quis consectetur Excepteur","categoryIdentifier":"magna ipsum incididunt","threadIdentifier":"labore adipisicing commodo","trigger":"PUSH","deliveryDate":"deserunt reprehenderit o","notification":{"title":"ex reprehenderit dolor consequat","body":"esse eiusmod laborum quis","attachments":[{"identifier":"ut dolor","url":"culpa aliqua","type":"reprehenderit"},{"identifier":"in id incididunt ullamco proident","url":"sed","type":"eiusmod ut"},{"identifier":"enim","url":"cillum proident aute","type":"non do"},{"identifier":"occaecat eiu","url":"consequat","type":"ipsum commodo magna laboris"}],"subtitle":"amet in nisi cillum","userInfo":{"aps":{"alert":"id proident consectetur dolore","badge":51890474},"deserunt_78b":-81488168.35739745,"et_ca2":[],"in_b05":{"laborum_":12767084,"id_75f":-53268866.8453412,"aliquipc":-79571879.56128724,"pariaturbd":50622077,"nullae_":-34923842.50174196}}}}
