{"ts":"minim mollit consectetur","_id":"in laboris veniam et Lorem","msg":{"state":"veniam","subject":"ut aute","_version":"laborum fugiat Duis consectetur","_id":"eu adipisicing","metadata":{"user_id":-1606420.1516144276},"email":"ea ut","ts":"ut","subaccount":null,"tags":["anim Ut ut in pariatur"],"sender":"elit","clicks":[{"sint_b2":16230317,"et420":81381516.46782273},{"url":"et","ts":"ea proident adipisicing mollit"},{"ts":"ad exercitation reprehenderit veniam","ada":46981924,"Excepteurf6":"in proident est sunt","do_2a":93216982,"aliqua7":85182841.13295919},{"ts":"consectetur minim cupidatat Lorem deserunt","url":"nisi labore laboris commodo"},{"ts":"nisi sint","url":"Ut voluptate ea consectetur laborum","adipisicing_6":false}]}}
