objectId,exceptionName,message
oneof6,StandardGenerationException,"{valid=false, keywordLocation=http://json-schema.org/draft-04/schema, absoluteKeywordLocation=http://json-schema.org/draft-04/schema, instanceLocation=, errors=[{valid=false, error=All anyOf failed: [[false at #/oneOf/1/dependencies/x failed against http://json-schema.org/draft-04/schema with ""Expected: [object] Found: [boolean]""], [false at #/oneOf/1/dependencies/x failed against http://json-schema.org/draft-04/schema#/definitions/stringArray with ""Expected: [array] Found: [boolean]""]], keywordLocation=http://json-schema.org/draft-04/schema#/properties/dependencies/additionalProperties, absoluteKeywordLocation=http://json-schema.org/draft-04/schema#/properties/dependencies/additionalProperties, instanceLocation=#/oneOf/1/dependencies/x}]}"
oneof12,StandardGenerationException,"{valid=false, keywordLocation=http://json-schema.org/draft-04/schema, absoluteKeywordLocation=http://json-schema.org/draft-04/schema, instanceLocation=, errors=[{valid=false, error=Expected: [object] Found: [boolean], keywordLocation=http://json-schema.org/draft-04/schema, absoluteKeywordLocation=http://json-schema.org/draft-04/schema, instanceLocation=#/oneOf/1/properties/error}]}"
num0,StandardGenerationException,"{valid=false, keywordLocation=http://json-schema.org/draft-04/schema, absoluteKeywordLocation=http://json-schema.org/draft-04/schema, instanceLocation=, errors=[{valid=false, error=Expected: [boolean] Found: [number, integer], keywordLocation=http://json-schema.org/draft-04/schema#/properties/exclusiveMinimum, absoluteKeywordLocation=http://json-schema.org/draft-04/schema#/properties/exclusiveMinimum, instanceLocation=#/exclusiveMinimum}, {valid=false, error=Expected: [boolean] Found: [number, integer], keywordLocation=http://json-schema.org/draft-04/schema#/properties/exclusiveMaximum, absoluteKeywordLocation=http://json-schema.org/draft-04/schema#/properties/exclusiveMaximum, instanceLocation=#/exclusiveMaximum}]}"
allOfPProp2,StandardGenerationException,"{valid=false, keywordLocation=http://json-schema.org/draft-04/schema, absoluteKeywordLocation=http://json-schema.org/draft-04/schema, instanceLocation=, errors=[{valid=false, error=Expected: [object] Found: [boolean], keywordLocation=http://json-schema.org/draft-04/schema, absoluteKeywordLocation=http://json-schema.org/draft-04/schema, instanceLocation=#/allOf/0/patternProperties/%5E.%7B1%2C3%7D$}, {valid=false, error=Expected: [object] Found: [boolean], keywordLocation=http://json-schema.org/draft-04/schema, absoluteKeywordLocation=http://json-schema.org/draft-04/schema, instanceLocation=#/allOf/1/patternProperties/a}, {valid=false, error=Expected: [object] Found: [boolean], keywordLocation=http://json-schema.org/draft-04/schema, absoluteKeywordLocation=http://json-schema.org/draft-04/schema, instanceLocation=#/not/patternProperties/b}]}"
oneOf8,StandardGenerationException,"{valid=false, keywordLocation=http://json-schema.org/draft-04/schema, absoluteKeywordLocation=http://json-schema.org/draft-04/schema, instanceLocation=, errors=[{valid=false, error=All anyOf failed: [[[true,{""enum"":[1,3,7]}] at #/definitions/x1/items failed against http://json-schema.org/draft-04/schema with ""Expected: [object] Found: [array]""], [true at #/definitions/x1/items/0 failed against http://json-schema.org/draft-04/schema with ""Expected: [object] Found: [boolean]""]], keywordLocation=http://json-schema.org/draft-04/schema#/properties/items, absoluteKeywordLocation=http://json-schema.org/draft-04/schema#/properties/items, instanceLocation=#/definitions/x1/items}, {valid=false, error=All anyOf failed: [[[true,{""enum"":[1,3,5,6,7]}] at #/definitions/x2/items failed against http://json-schema.org/draft-04/schema with ""Expected: [object] Found: [array]""], [true at #/definitions/x2/items/0 failed against http://json-schema.org/draft-04/schema with ""Expected: [object] Found: [boolean]""]], keywordLocation=http://json-schema.org/draft-04/schema#/properties/items, absoluteKeywordLocation=http://json-schema.org/draft-04/schema#/properties/items, instanceLocation=#/definitions/x2/items}, {valid=false, error=All anyOf failed: [[[true,{""enum"":[5,7]}] at #/definitions/x3/items failed against http://json-schema.org/draft-04/schema with ""Expected: [object] Found: [array]""], [true at #/definitions/x3/items/0 failed against http://json-schema.org/draft-04/schema with ""Expected: [object] Found: [boolean]""]], keywordLocation=http://json-schema.org/draft-04/schema#/properties/items, absoluteKeywordLocation=http://json-schema.org/draft-04/schema#/properties/items, instanceLocation=#/definitions/x3/items}]}"
allOfPProp1,StandardGenerationException,"{valid=false, keywordLocation=http://json-schema.org/draft-04/schema, absoluteKeywordLocation=http://json-schema.org/draft-04/schema, instanceLocation=, errors=[{valid=false, error=Expected: [object] Found: [boolean], keywordLocation=http://json-schema.org/draft-04/schema, absoluteKeywordLocation=http://json-schema.org/draft-04/schema, instanceLocation=#/allOf/0/patternProperties/%5E.%7B1%2C3%7D$}, {valid=false, error=Expected: [object] Found: [boolean], keywordLocation=http://json-schema.org/draft-04/schema, absoluteKeywordLocation=http://json-schema.org/draft-04/schema, instanceLocation=#/allOf/1/patternProperties/a}, {valid=false, error=Expected: [object] Found: [boolean], keywordLocation=http://json-schema.org/draft-04/schema, absoluteKeywordLocation=http://json-schema.org/draft-04/schema, instanceLocation=#/allOf/2/patternProperties/b}]}"
oneOf7,StandardGenerationException,"{valid=false, keywordLocation=http://json-schema.org/draft-04/schema, absoluteKeywordLocation=http://json-schema.org/draft-04/schema, instanceLocation=, errors=[{valid=false, error=All anyOf failed: [[[true,{""pattern"":""a"",""minLength"":5}] at #/definitions/x1/items failed against http://json-schema.org/draft-04/schema with ""Expected: [object] Found: [array]""], [true at #/definitions/x1/items/0 failed against http://json-schema.org/draft-04/schema with ""Expected: [object] Found: [boolean]""]], keywordLocation=http://json-schema.org/draft-04/schema#/properties/items, absoluteKeywordLocation=http://json-schema.org/draft-04/schema#/properties/items, instanceLocation=#/definitions/x1/items}, {valid=false, error=All anyOf failed: [[[true,{""pattern"":""b"",""minLength"":5}] at #/definitions/x2/items failed against http://json-schema.org/draft-04/schema with ""Expected: [object] Found: [array]""], [true at #/definitions/x2/items/0 failed against http://json-schema.org/draft-04/schema with ""Expected: [object] Found: [boolean]""]], keywordLocation=http://json-schema.org/draft-04/schema#/properties/items, absoluteKeywordLocation=http://json-schema.org/draft-04/schema#/properties/items, instanceLocation=#/definitions/x2/items}, {valid=false, error=All anyOf failed: [[[true,{""pattern"":""b"",""minLength"":8}] at #/definitions/x3/items failed against http://json-schema.org/draft-04/schema with ""Expected: [object] Found: [array]""], [true at #/definitions/x3/items/0 failed against http://json-schema.org/draft-04/schema with ""Expected: [object] Found: [boolean]""]], keywordLocation=http://json-schema.org/draft-04/schema#/properties/items, absoluteKeywordLocation=http://json-schema.org/draft-04/schema#/properties/items, instanceLocation=#/definitions/x3/items}]}"
oneOf6,StandardGenerationException,"{valid=false, keywordLocation=http://json-schema.org/draft-04/schema, absoluteKeywordLocation=http://json-schema.org/draft-04/schema, instanceLocation=, errors=[{valid=false, error=All anyOf failed: [[[true,{""multipleOf"":10,""maximum"":20}] at #/definitions/x1/items failed against http://json-schema.org/draft-04/schema with ""Expected: [object] Found: [array]""], [true at #/definitions/x1/items/0 failed against http://json-schema.org/draft-04/schema with ""Expected: [object] Found: [boolean]""]], keywordLocation=http://json-schema.org/draft-04/schema#/properties/items, absoluteKeywordLocation=http://json-schema.org/draft-04/schema#/properties/items, instanceLocation=#/definitions/x1/items}, {valid=false, error=All anyOf failed: [[[true,{""multipleOf"":5,""maximum"":80}] at #/definitions/x2/items failed against http://json-schema.org/draft-04/schema with ""Expected: [object] Found: [array]""], [true at #/definitions/x2/items/0 failed against http://json-schema.org/draft-04/schema with ""Expected: [object] Found: [boolean]""]], keywordLocation=http://json-schema.org/draft-04/schema#/properties/items, absoluteKeywordLocation=http://json-schema.org/draft-04/schema#/properties/items, instanceLocation=#/definitions/x2/items}, {valid=false, error=All anyOf failed: [[[true,{""multipleOf"":5,""maximum"":60}] at #/definitions/x3/items failed against http://json-schema.org/draft-04/schema with ""Expected: [object] Found: [array]""], [true at #/definitions/x3/items/0 failed against http://json-schema.org/draft-04/schema with ""Expected: [object] Found: [boolean]""]], keywordLocation=http://json-schema.org/draft-04/schema#/properties/items, absoluteKeywordLocation=http://json-schema.org/draft-04/schema#/properties/items, instanceLocation=#/definitions/x3/items}]}"
itemscontains1,JsonGeneratorException,"Can't fix [] at root failed against file:/home/lamsade/lattouche/expdataset/handwritten/sat/itemscontains1.json#/allOf/1 with ""Too few elements in the array matched contains"""
dep4,StandardGenerationException,"{valid=false, keywordLocation=http://json-schema.org/draft-04/schema, absoluteKeywordLocation=http://json-schema.org/draft-04/schema, instanceLocation=, errors=[{valid=false, error=Expected: [object] Found: [boolean], keywordLocation=http://json-schema.org/draft-04/schema, absoluteKeywordLocation=http://json-schema.org/draft-04/schema, instanceLocation=#/patternProperties/%5E%5Ba-e%5D$}]}"
dep5,StandardGenerationException,"{valid=false, keywordLocation=http://json-schema.org/draft-04/schema, absoluteKeywordLocation=http://json-schema.org/draft-04/schema, instanceLocation=, errors=[{valid=false, error=Expected: [object] Found: [boolean], keywordLocation=http://json-schema.org/draft-04/schema, absoluteKeywordLocation=http://json-schema.org/draft-04/schema, instanceLocation=#/patternProperties/%5E%5Ba-d%5D$}]}"
allOfPProp3,StandardGenerationException,"{valid=false, keywordLocation=http://json-schema.org/draft-04/schema, absoluteKeywordLocation=http://json-schema.org/draft-04/schema, instanceLocation=, errors=[{valid=false, error=Expected: [object] Found: [boolean], keywordLocation=http://json-schema.org/draft-04/schema, absoluteKeywordLocation=http://json-schema.org/draft-04/schema, instanceLocation=#/allOf/0/patternProperties/%5E.%7B1%2C3%7D$}, {valid=false, error=Expected: [object] Found: [boolean], keywordLocation=http://json-schema.org/draft-04/schema, absoluteKeywordLocation=http://json-schema.org/draft-04/schema, instanceLocation=#/allOf/1/patternProperties/a}, {valid=false, error=Expected: [object] Found: [boolean], keywordLocation=http://json-schema.org/draft-04/schema, absoluteKeywordLocation=http://json-schema.org/draft-04/schema, instanceLocation=#/allOf/2/patternProperties/b}, {valid=false, error=Expected: [object] Found: [boolean], keywordLocation=http://json-schema.org/draft-04/schema, absoluteKeywordLocation=http://json-schema.org/draft-04/schema, instanceLocation=#/not/patternProperties/c}]}"
num1,StandardGenerationException,"{valid=false, keywordLocation=http://json-schema.org/draft-04/schema, absoluteKeywordLocation=http://json-schema.org/draft-04/schema, instanceLocation=, errors=[{valid=false, error=Expected: [boolean] Found: [number, integer], keywordLocation=http://json-schema.org/draft-04/schema#/properties/exclusiveMinimum, absoluteKeywordLocation=http://json-schema.org/draft-04/schema#/properties/exclusiveMinimum, instanceLocation=#/exclusiveMinimum}]}"
oneOf9,StandardGenerationException,"{valid=false, keywordLocation=http://json-schema.org/draft-04/schema, absoluteKeywordLocation=http://json-schema.org/draft-04/schema, instanceLocation=, errors=[{valid=false, error=All anyOf failed: [[[true,{""multipleOf"":2,""minimum"":1,""exclusiveMaximum"":20}] at #/definitions/x1/items failed against http://json-schema.org/draft-04/schema with ""Expected: [object] Found: [array]""], [true at #/definitions/x1/items/0 failed against http://json-schema.org/draft-04/schema with ""Expected: [object] Found: [boolean]"", 20 at #/definitions/x1/items/1/exclusiveMaximum failed against http://json-schema.org/draft-04/schema#/properties/exclusiveMaximum with ""Expected: [boolean] Found: [number, integer]"", {""multipleOf"":2,""minimum"":1,""exclusiveMaximum"":20} at #/definitions/x1/items/1 failed against http://json-schema.org/draft-04/schema with ""Missing dependency exclusiveMaximum -> maximum""]], keywordLocation=http://json-schema.org/draft-04/schema#/properties/items, absoluteKeywordLocation=http://json-schema.org/draft-04/schema#/properties/items, instanceLocation=#/definitions/x1/items}, {valid=false, error=All anyOf failed: [[[true,{""multipleOf"":4,""minimum"":1,""exclusiveMaximum"":20}] at #/definitions/x2/items failed against http://json-schema.org/draft-04/schema with ""Expected: [object] Found: [array]""], [true at #/definitions/x2/items/0 failed against http://json-schema.org/draft-04/schema with ""Expected: [object] Found: [boolean]"", 20 at #/definitions/x2/items/1/exclusiveMaximum failed against http://json-schema.org/draft-04/schema#/properties/exclusiveMaximum with ""Expected: [boolean] Found: [number, integer]"", {""multipleOf"":4,""minimum"":1,""exclusiveMaximum"":20} at #/definitions/x2/items/1 failed against http://json-schema.org/draft-04/schema with ""Missing dependency exclusiveMaximum -> maximum""]], keywordLocation=http://json-schema.org/draft-04/schema#/properties/items, absoluteKeywordLocation=http://json-schema.org/draft-04/schema#/properties/items, instanceLocation=#/definitions/x2/items}, {valid=false, error=All anyOf failed: [[[true,{""enum"":[2,6,10,18]}] at #/definitions/x3/items failed against http://json-schema.org/draft-04/schema with ""Expected: [object] Found: [array]""], [true at #/definitions/x3/items/0 failed against http://json-schema.org/draft-04/schema with ""Expected: [object] Found: [boolean]""]], keywordLocation=http://json-schema.org/draft-04/schema#/properties/items, absoluteKeywordLocation=http://json-schema.org/draft-04/schema#/properties/items, instanceLocation=#/definitions/x3/items}]}"
arr1,StandardGenerationException,"{valid=false, keywordLocation=http://json-schema.org/draft-04/schema, absoluteKeywordLocation=http://json-schema.org/draft-04/schema, instanceLocation=, errors=[{valid=false, error=All anyOf failed: [[[{""const"":4},{""const"":5},{""const"":6},true,{""enum"":[true,n... at #/allOf/3/not/items failed against http://json-schema.org/draft-04/schema with ""Expected: [object] Found: [array]""], [true at #/allOf/3/not/items/3 failed against http://json-schema.org/draft-04/schema with ""Expected: [object] Found: [boolean]""]], keywordLocation=http://json-schema.org/draft-04/schema#/properties/items, absoluteKeywordLocation=http://json-schema.org/draft-04/schema#/properties/items, instanceLocation=#/allOf/3/not/items}, {valid=false, error=All anyOf failed: [[[true,true,true,true,{""enum"":[true,false,null]}] at #/allOf/4/not/items failed against http://json-schema.org/draft-04/schema with ""Expected: [object] Found: [array]""], [true at #/allOf/4/not/items/0 failed against http://json-schema.org/draft-04/schema with ""Expected: [object] Found: [boolean]"", true at #/allOf/4/not/items/1 failed against http://json-schema.org/draft-04/schema with ""Expected: [object] Found: [boolean]"", true at #/allOf/4/not/items/2 failed against http://json-schema.org/draft-04/schema with ""Expected: [object] Found: [boolean]"", true at #/allOf/4/not/items/3 failed against http://json-schema.org/draft-04/schema with ""Expected: [object] Found: [boolean]""]], keywordLocation=http://json-schema.org/draft-04/schema#/properties/items, absoluteKeywordLocation=http://json-schema.org/draft-04/schema#/properties/items, instanceLocation=#/allOf/4/not/items}]}"
oneof3,StandardGenerationException,"{valid=false, keywordLocation=http://json-schema.org/draft-04/schema, absoluteKeywordLocation=http://json-schema.org/draft-04/schema, instanceLocation=, errors=[{valid=false, error=All anyOf failed: [[[{""type"":""integer"",""exclusiveMaximum"":0},{""type"":""integer... at #/oneOf/1/anyOf/0/items failed against http://json-schema.org/draft-04/schema with ""Expected: [object] Found: [array]""], [0 at #/oneOf/1/anyOf/0/items/0/exclusiveMaximum failed against http://json-schema.org/draft-04/schema#/properties/exclusiveMaximum with ""Expected: [boolean] Found: [number, integer]"", {""type"":""integer"",""exclusiveMaximum"":0} at #/oneOf/1/anyOf/0/items/0 failed against http://json-schema.org/draft-04/schema with ""Missing dependency exclusiveMaximum -> maximum""]], keywordLocation=http://json-schema.org/draft-04/schema#/properties/items, absoluteKeywordLocation=http://json-schema.org/draft-04/schema#/properties/items, instanceLocation=#/oneOf/1/anyOf/0/items}, {valid=false, error=All anyOf failed: [[[{""type"":""integer"",""minimum"":0},{""type"":""integer"",""exclus... at #/oneOf/1/anyOf/1/items failed against http://json-schema.org/draft-04/schema with ""Expected: [object] Found: [array]""], [0 at #/oneOf/1/anyOf/1/items/1/exclusiveMaximum failed against http://json-schema.org/draft-04/schema#/properties/exclusiveMaximum with ""Expected: [boolean] Found: [number, integer]"", {""type"":""integer"",""exclusiveMaximum"":0} at #/oneOf/1/anyOf/1/items/1 failed against http://json-schema.org/draft-04/schema with ""Missing dependency exclusiveMaximum -> maximum""]], keywordLocation=http://json-schema.org/draft-04/schema#/properties/items, absoluteKeywordLocation=http://json-schema.org/draft-04/schema#/properties/items, instanceLocation=#/oneOf/1/anyOf/1/items}]}"
allIt1,StandardGenerationException,"{valid=false, keywordLocation=http://json-schema.org/draft-04/schema, absoluteKeywordLocation=http://json-schema.org/draft-04/schema, instanceLocation=, errors=[{valid=false, error=All anyOf failed: [[[{""type"":""object"",""minProperties"":1,""patternProperties"":{... at #/allOf/0/items failed against http://json-schema.org/draft-04/schema with ""Expected: [object] Found: [array]""], [false at #/allOf/0/items/0/patternProperties/%5E.%7B1%2C3%7D$ failed against http://json-schema.org/draft-04/schema with ""Expected: [object] Found: [boolean]""]], keywordLocation=http://json-schema.org/draft-04/schema#/properties/items, absoluteKeywordLocation=http://json-schema.org/draft-04/schema#/properties/items, instanceLocation=#/allOf/0/items}, {valid=false, error=All anyOf failed: [[[{""patternProperties"":{""a"":true},""additionalProperties"":f... at #/allOf/1/items failed against http://json-schema.org/draft-04/schema with ""Expected: [object] Found: [array]""], [true at #/allOf/1/items/0/patternProperties/a failed against http://json-schema.org/draft-04/schema with ""Expected: [object] Found: [boolean]""]], keywordLocation=http://json-schema.org/draft-04/schema#/properties/items, absoluteKeywordLocation=http://json-schema.org/draft-04/schema#/properties/items, instanceLocation=#/allOf/1/items}, {valid=false, error=All anyOf failed: [[[{""patternProperties"":{""b"":true},""additionalProperties"":f... at #/allOf/2/items failed against http://json-schema.org/draft-04/schema with ""Expected: [object] Found: [array]""], [true at #/allOf/2/items/0/patternProperties/b failed against http://json-schema.org/draft-04/schema with ""Expected: [object] Found: [boolean]""]], keywordLocation=http://json-schema.org/draft-04/schema#/properties/items, absoluteKeywordLocation=http://json-schema.org/draft-04/schema#/properties/items, instanceLocation=#/allOf/2/items}]}"
dep6,StandardGenerationException,"{valid=false, keywordLocation=http://json-schema.org/draft-04/schema, absoluteKeywordLocation=http://json-schema.org/draft-04/schema, instanceLocation=, errors=[{valid=false, error=Expected: [object] Found: [boolean], keywordLocation=http://json-schema.org/draft-04/schema, absoluteKeywordLocation=http://json-schema.org/draft-04/schema, instanceLocation=#/patternProperties/%5E%5Ba-e%5D$}]}"
dep7,StandardGenerationException,"{valid=false, keywordLocation=http://json-schema.org/draft-04/schema, absoluteKeywordLocation=http://json-schema.org/draft-04/schema, instanceLocation=, errors=[{valid=false, error=Expected: [object] Found: [boolean], keywordLocation=http://json-schema.org/draft-04/schema, absoluteKeywordLocation=http://json-schema.org/draft-04/schema, instanceLocation=#/patternProperties/%5E%5Ba-e%5D$}]}"
allOfPProp4,StandardGenerationException,"{valid=false, keywordLocation=http://json-schema.org/draft-04/schema, absoluteKeywordLocation=http://json-schema.org/draft-04/schema, instanceLocation=, errors=[{valid=false, error=Expected: [object] Found: [boolean], keywordLocation=http://json-schema.org/draft-04/schema, absoluteKeywordLocation=http://json-schema.org/draft-04/schema, instanceLocation=#/allOf/0/patternProperties/%5E.%7B1%2C3%7D$}, {valid=false, error=Expected: [object] Found: [boolean], keywordLocation=http://json-schema.org/draft-04/schema, absoluteKeywordLocation=http://json-schema.org/draft-04/schema, instanceLocation=#/allOf/1/patternProperties/a}, {valid=false, error=Expected: [object] Found: [boolean], keywordLocation=http://json-schema.org/draft-04/schema, absoluteKeywordLocation=http://json-schema.org/draft-04/schema, instanceLocation=#/allOf/2/patternProperties/b}, {valid=false, error=Expected: [object] Found: [boolean], keywordLocation=http://json-schema.org/draft-04/schema, absoluteKeywordLocation=http://json-schema.org/draft-04/schema, instanceLocation=#/allOf/3/not/patternProperties/c}, {valid=false, error=Expected: [object] Found: [boolean], keywordLocation=http://json-schema.org/draft-04/schema, absoluteKeywordLocation=http://json-schema.org/draft-04/schema, instanceLocation=#/allOf/4/not/patternProperties/d}, {valid=false, error=Expected: [object] Found: [boolean], keywordLocation=http://json-schema.org/draft-04/schema, absoluteKeywordLocation=http://json-schema.org/draft-04/schema, instanceLocation=#/allOf/5/not/patternProperties/f}]}"
allIt2,StandardGenerationException,"{valid=false, keywordLocation=http://json-schema.org/draft-04/schema, absoluteKeywordLocation=http://json-schema.org/draft-04/schema, instanceLocation=, errors=[{valid=false, error=All anyOf failed: [[[{""type"":""object"",""minProperties"":1,""patternProperties"":{... at #/allOf/0/items failed against http://json-schema.org/draft-04/schema with ""Expected: [object] Found: [array]""], [false at #/allOf/0/items/0/patternProperties/%5E.%7B1%2C3%7D$ failed against http://json-schema.org/draft-04/schema with ""Expected: [object] Found: [boolean]""]], keywordLocation=http://json-schema.org/draft-04/schema#/properties/items, absoluteKeywordLocation=http://json-schema.org/draft-04/schema#/properties/items, instanceLocation=#/allOf/0/items}, {valid=false, error=All anyOf failed: [[[{""patternProperties"":{""a"":true},""additionalProperties"":f... at #/allOf/1/items failed against http://json-schema.org/draft-04/schema with ""Expected: [object] Found: [array]""], [true at #/allOf/1/items/0/patternProperties/a failed against http://json-schema.org/draft-04/schema with ""Expected: [object] Found: [boolean]""]], keywordLocation=http://json-schema.org/draft-04/schema#/properties/items, absoluteKeywordLocation=http://json-schema.org/draft-04/schema#/properties/items, instanceLocation=#/allOf/1/items}, {valid=false, error=All anyOf failed: [[[{""patternProperties"":{""b"":true},""additionalProperties"":f... at #/allOf/2/items failed against http://json-schema.org/draft-04/schema with ""Expected: [object] Found: [array]""], [true at #/allOf/2/items/0/patternProperties/b failed against http://json-schema.org/draft-04/schema with ""Expected: [object] Found: [boolean]""]], keywordLocation=http://json-schema.org/draft-04/schema#/properties/items, absoluteKeywordLocation=http://json-schema.org/draft-04/schema#/properties/items, instanceLocation=#/allOf/2/items}, {valid=false, error=All anyOf failed: [[[{""patternProperties"":{""ab"":true},""additionalProperties"":... at #/not/items failed against http://json-schema.org/draft-04/schema with ""Expected: [object] Found: [array]""], [true at #/not/items/0/patternProperties/ab failed against http://json-schema.org/draft-04/schema with ""Expected: [object] Found: [boolean]""]], keywordLocation=http://json-schema.org/draft-04/schema#/properties/items, absoluteKeywordLocation=http://json-schema.org/draft-04/schema#/properties/items, instanceLocation=#/not/items}]}"
pnmp8,StandardGenerationException,"{valid=false, keywordLocation=http://json-schema.org/draft-04/schema, absoluteKeywordLocation=http://json-schema.org/draft-04/schema, instanceLocation=, errors=[{valid=false, error=Expected: [object] Found: [boolean], keywordLocation=http://json-schema.org/draft-04/schema, absoluteKeywordLocation=http://json-schema.org/draft-04/schema, instanceLocation=#/not/anyOf/0/patternProperties/%5E%281%7C3%7C4%29$}, {valid=false, error=Expected: [object] Found: [boolean], keywordLocation=http://json-schema.org/draft-04/schema, absoluteKeywordLocation=http://json-schema.org/draft-04/schema, instanceLocation=#/not/anyOf/1/patternProperties/%5E%282%7C5%7C11%29$}, {valid=false, error=Expected: [object] Found: [boolean], keywordLocation=http://json-schema.org/draft-04/schema, absoluteKeywordLocation=http://json-schema.org/draft-04/schema, instanceLocation=#/not/anyOf/2/patternProperties/%5E%282%7C4%7C5%29$}, {valid=false, error=Expected: [object] Found: [boolean], keywordLocation=http://json-schema.org/draft-04/schema, absoluteKeywordLocation=http://json-schema.org/draft-04/schema, instanceLocation=#/not/anyOf/3/patternProperties/%5E%281%7C2%29$}]}"
pnmp9,StandardGenerationException,"{valid=false, keywordLocation=http://json-schema.org/draft-04/schema, absoluteKeywordLocation=http://json-schema.org/draft-04/schema, instanceLocation=, errors=[{valid=false, error=Expected: [object] Found: [boolean], keywordLocation=http://json-schema.org/draft-04/schema, absoluteKeywordLocation=http://json-schema.org/draft-04/schema, instanceLocation=#/not/anyOf/0/patternProperties/%5E%281%7C3%7C4%29$}, {valid=false, error=Expected: [object] Found: [boolean], keywordLocation=http://json-schema.org/draft-04/schema, absoluteKeywordLocation=http://json-schema.org/draft-04/schema, instanceLocation=#/not/anyOf/1/patternProperties/%5E%282%7C5%7C11%29$}, {valid=false, error=Expected: [object] Found: [boolean], keywordLocation=http://json-schema.org/draft-04/schema, absoluteKeywordLocation=http://json-schema.org/draft-04/schema, instanceLocation=#/not/anyOf/2/patternProperties/%5E%282%7C4%7C5%29$}, {valid=false, error=Expected: [object] Found: [boolean], keywordLocation=http://json-schema.org/draft-04/schema, absoluteKeywordLocation=http://json-schema.org/draft-04/schema, instanceLocation=#/not/anyOf/3/patternProperties/%5E%281%7C2%29$}]}"
pp3,StandardGenerationException,"{valid=false, keywordLocation=http://json-schema.org/draft-04/schema, absoluteKeywordLocation=http://json-schema.org/draft-04/schema, instanceLocation=, errors=[{valid=false, error=Expected: [object] Found: [boolean], keywordLocation=http://json-schema.org/draft-04/schema, absoluteKeywordLocation=http://json-schema.org/draft-04/schema, instanceLocation=#/allOf/2/patternProperties/additionalProperties}]}"
pnmp7,StandardGenerationException,"{valid=false, keywordLocation=http://json-schema.org/draft-04/schema, absoluteKeywordLocation=http://json-schema.org/draft-04/schema, instanceLocation=, errors=[{valid=false, error=Expected: [object] Found: [boolean], keywordLocation=http://json-schema.org/draft-04/schema, absoluteKeywordLocation=http://json-schema.org/draft-04/schema, instanceLocation=#/not/anyOf/0/patternProperties/%5E%281%7C4%29$}, {valid=false, error=Expected: [object] Found: [boolean], keywordLocation=http://json-schema.org/draft-04/schema, absoluteKeywordLocation=http://json-schema.org/draft-04/schema, instanceLocation=#/not/anyOf/1/patternProperties/%5E%282%7C11%29$}, {valid=false, error=Expected: [object] Found: [boolean], keywordLocation=http://json-schema.org/draft-04/schema, absoluteKeywordLocation=http://json-schema.org/draft-04/schema, instanceLocation=#/not/anyOf/2/patternProperties/%5E%282%7C4%7C5%29$}, {valid=false, error=Expected: [object] Found: [boolean], keywordLocation=http://json-schema.org/draft-04/schema, absoluteKeywordLocation=http://json-schema.org/draft-04/schema, instanceLocation=#/not/anyOf/3/patternProperties/%5E%281%7C2%7C5%29$}]}"
dep8,StandardGenerationException,"{valid=false, keywordLocation=http://json-schema.org/draft-04/schema, absoluteKeywordLocation=http://json-schema.org/draft-04/schema, instanceLocation=, errors=[{valid=false, error=Expected: [object] Found: [boolean], keywordLocation=http://json-schema.org/draft-04/schema, absoluteKeywordLocation=http://json-schema.org/draft-04/schema, instanceLocation=#/patternProperties/%5E%5Ba-e%5D$}]}"
arr2,StandardGenerationException,"{valid=false, keywordLocation=http://json-schema.org/draft-04/schema, absoluteKeywordLocation=http://json-schema.org/draft-04/schema, instanceLocation=, errors=[{valid=false, error=All anyOf failed: [[[true,true,{""not"":{""enum"":[30]}}] at #/allOf/4/not/items failed against http://json-schema.org/draft-04/schema with ""Expected: [object] Found: [array]""], [true at #/allOf/4/not/items/0 failed against http://json-schema.org/draft-04/schema with ""Expected: [object] Found: [boolean]"", true at #/allOf/4/not/items/1 failed against http://json-schema.org/draft-04/schema with ""Expected: [object] Found: [boolean]""]], keywordLocation=http://json-schema.org/draft-04/schema#/properties/items, absoluteKeywordLocation=http://json-schema.org/draft-04/schema#/properties/items, instanceLocation=#/allOf/4/not/items}, {valid=false, error=All anyOf failed: [[[true,true,true,true,{""not"":{""enum"":[50]}}] at #/allOf/5/not/items failed against http://json-schema.org/draft-04/schema with ""Expected: [object] Found: [array]""], [true at #/allOf/5/not/items/0 failed against http://json-schema.org/draft-04/schema with ""Expected: [object] Found: [boolean]"", true at #/allOf/5/not/items/1 failed against http://json-schema.org/draft-04/schema with ""Expected: [object] Found: [boolean]"", true at #/allOf/5/not/items/2 failed against http://json-schema.org/draft-04/schema with ""Expected: [object] Found: [boolean]"", true at #/allOf/5/not/items/3 failed against http://json-schema.org/draft-04/schema with ""Expected: [object] Found: [boolean]""]], keywordLocation=http://json-schema.org/draft-04/schema#/properties/items, absoluteKeywordLocation=http://json-schema.org/draft-04/schema#/properties/items, instanceLocation=#/allOf/5/not/items}, {valid=false, error=All anyOf failed: [[[true,true,true,{""const"":""a""}] at #/allOf/6/items failed against http://json-schema.org/draft-04/schema with ""Expected: [object] Found: [array]""], [true at #/allOf/6/items/0 failed against http://json-schema.org/draft-04/schema with ""Expected: [object] Found: [boolean]"", true at #/allOf/6/items/1 failed against http://json-schema.org/draft-04/schema with ""Expected: [object] Found: [boolean]"", true at #/allOf/6/items/2 failed against http://json-schema.org/draft-04/schema with ""Expected: [object] Found: [boolean]""]], keywordLocation=http://json-schema.org/draft-04/schema#/properties/items, absoluteKeywordLocation=http://json-schema.org/draft-04/schema#/properties/items, instanceLocation=#/allOf/6/items}]}"
allOfPProp5,StandardGenerationException,"{valid=false, keywordLocation=http://json-schema.org/draft-04/schema, absoluteKeywordLocation=http://json-schema.org/draft-04/schema, instanceLocation=, errors=[{valid=false, error=Expected: [object] Found: [boolean], keywordLocation=http://json-schema.org/draft-04/schema, absoluteKeywordLocation=http://json-schema.org/draft-04/schema, instanceLocation=#/allOf/0/anyOf/0/patternProperties/%5E.%7B1%2C2%7D$}, {valid=false, error=Expected: [object] Found: [boolean], keywordLocation=http://json-schema.org/draft-04/schema, absoluteKeywordLocation=http://json-schema.org/draft-04/schema, instanceLocation=#/allOf/0/anyOf/1/patternProperties/%5Ea}, {valid=false, error=Expected: [object] Found: [boolean], keywordLocation=http://json-schema.org/draft-04/schema, absoluteKeywordLocation=http://json-schema.org/draft-04/schema, instanceLocation=#/allOf/0/anyOf/2/patternProperties/b$}, {valid=false, error=Expected: [object] Found: [boolean], keywordLocation=http://json-schema.org/draft-04/schema, absoluteKeywordLocation=http://json-schema.org/draft-04/schema, instanceLocation=#/allOf/1/anyOf/0/not/patternProperties/%5Ecde}, {valid=false, error=Expected: [object] Found: [boolean], keywordLocation=http://json-schema.org/draft-04/schema, absoluteKeywordLocation=http://json-schema.org/draft-04/schema, instanceLocation=#/allOf/1/anyOf/1/not/patternProperties/111$}, {valid=false, error=Expected: [object] Found: [boolean], keywordLocation=http://json-schema.org/draft-04/schema, absoluteKeywordLocation=http://json-schema.org/draft-04/schema, instanceLocation=#/allOf/1/anyOf/2/not/patternProperties/%5E2345}]}"
allIt10,StandardGenerationException,"{valid=false, keywordLocation=http://json-schema.org/draft-04/schema, absoluteKeywordLocation=http://json-schema.org/draft-04/schema, instanceLocation=, errors=[{valid=false, error=All anyOf failed: [[[true,true,{""items"":{""multipleOf"":22}}] at #/allOf/1/items failed against http://json-schema.org/draft-04/schema with ""Expected: [object] Found: [array]""], [true at #/allOf/1/items/0 failed against http://json-schema.org/draft-04/schema with ""Expected: [object] Found: [boolean]"", true at #/allOf/1/items/1 failed against http://json-schema.org/draft-04/schema with ""Expected: [object] Found: [boolean]""]], keywordLocation=http://json-schema.org/draft-04/schema#/properties/items, absoluteKeywordLocation=http://json-schema.org/draft-04/schema#/properties/items, instanceLocation=#/allOf/1/items}, {valid=false, error=All anyOf failed: [[[true] at #/allOf/2/items failed against http://json-schema.org/draft-04/schema with ""Expected: [object] Found: [array]""], [true at #/allOf/2/items/0 failed against http://json-schema.org/draft-04/schema with ""Expected: [object] Found: [boolean]""]], keywordLocation=http://json-schema.org/draft-04/schema#/properties/items, absoluteKeywordLocation=http://json-schema.org/draft-04/schema#/properties/items, instanceLocation=#/allOf/2/items}]}"
allOfPProp6,StandardGenerationException,"{valid=false, keywordLocation=http://json-schema.org/draft-04/schema, absoluteKeywordLocation=http://json-schema.org/draft-04/schema, instanceLocation=, errors=[{valid=false, error=Expected: [object] Found: [boolean], keywordLocation=http://json-schema.org/draft-04/schema, absoluteKeywordLocation=http://json-schema.org/draft-04/schema, instanceLocation=#/allOf/0/anyOf/0/patternProperties/%5E.%7B1%2C2%7D$}, {valid=false, error=Expected: [object] Found: [boolean], keywordLocation=http://json-schema.org/draft-04/schema, absoluteKeywordLocation=http://json-schema.org/draft-04/schema, instanceLocation=#/allOf/0/anyOf/2/patternProperties/%5Eb}, {valid=false, error=Expected: [object] Found: [boolean], keywordLocation=http://json-schema.org/draft-04/schema, absoluteKeywordLocation=http://json-schema.org/draft-04/schema, instanceLocation=#/allOf/1/anyOf/0/not/patternProperties/%5Ecde}, {valid=false, error=Expected: [object] Found: [boolean], keywordLocation=http://json-schema.org/draft-04/schema, absoluteKeywordLocation=http://json-schema.org/draft-04/schema, instanceLocation=#/allOf/1/anyOf/1/not/patternProperties/%5E111$}, {valid=false, error=Expected: [object] Found: [boolean], keywordLocation=http://json-schema.org/draft-04/schema, absoluteKeywordLocation=http://json-schema.org/draft-04/schema, instanceLocation=#/allOf/1/anyOf/2/not/patternProperties/%5E2345}]}"
allIt9,StandardGenerationException,"{valid=false, keywordLocation=http://json-schema.org/draft-04/schema, absoluteKeywordLocation=http://json-schema.org/draft-04/schema, instanceLocation=, errors=[{valid=false, error=All anyOf failed: [[[true,{""items"":{""multipleOf"":22}}] at #/allOf/1/items failed against http://json-schema.org/draft-04/schema with ""Expected: [object] Found: [array]""], [true at #/allOf/1/items/0 failed against http://json-schema.org/draft-04/schema with ""Expected: [object] Found: [boolean]""]], keywordLocation=http://json-schema.org/draft-04/schema#/properties/items, absoluteKeywordLocation=http://json-schema.org/draft-04/schema#/properties/items, instanceLocation=#/allOf/1/items}, {valid=false, error=All anyOf failed: [[[true] at #/allOf/2/items failed against http://json-schema.org/draft-04/schema with ""Expected: [object] Found: [array]""], [true at #/allOf/2/items/0 failed against http://json-schema.org/draft-04/schema with ""Expected: [object] Found: [boolean]""]], keywordLocation=http://json-schema.org/draft-04/schema#/properties/items, absoluteKeywordLocation=http://json-schema.org/draft-04/schema#/properties/items, instanceLocation=#/allOf/2/items}]}"
oneofitc2,StandardGenerationException,"{valid=false, keywordLocation=http://json-schema.org/draft-04/schema, absoluteKeywordLocation=http://json-schema.org/draft-04/schema, instanceLocation=, errors=[{valid=false, error=All anyOf failed: [[[true,{""$ref"":""#/definitions/inside1""}] at #/oneOf/0/allOf/0/items failed against http://json-schema.org/draft-04/schema with ""Expected: [object] Found: [array]""], [true at #/oneOf/0/allOf/0/items/0 failed against http://json-schema.org/draft-04/schema with ""Expected: [object] Found: [boolean]""]], keywordLocation=http://json-schema.org/draft-04/schema#/properties/items, absoluteKeywordLocation=http://json-schema.org/draft-04/schema#/properties/items, instanceLocation=#/oneOf/0/allOf/0/items}, {valid=false, error=All anyOf failed: [[[true,{""not"":{""$ref"":""#/definitions/inside1""}}] at #/oneOf/0/allOf/1/not/items failed against http://json-schema.org/draft-04/schema with ""Expected: [object] Found: [array]""], [true at #/oneOf/0/allOf/1/not/items/0 failed against http://json-schema.org/draft-04/schema with ""Expected: [object] Found: [boolean]""]], keywordLocation=http://json-schema.org/draft-04/schema#/properties/items, absoluteKeywordLocation=http://json-schema.org/draft-04/schema#/properties/items, instanceLocation=#/oneOf/0/allOf/1/not/items}, {valid=false, error=All anyOf failed: [[[true,{""$ref"":""#/definitions/inside2""}] at #/oneOf/1/allOf/0/items failed against http://json-schema.org/draft-04/schema with ""Expected: [object] Found: [array]""], [true at #/oneOf/1/allOf/0/items/0 failed against http://json-schema.org/draft-04/schema with ""Expected: [object] Found: [boolean]""]], keywordLocation=http://json-schema.org/draft-04/schema#/properties/items, absoluteKeywordLocation=http://json-schema.org/draft-04/schema#/properties/items, instanceLocation=#/oneOf/1/allOf/0/items}, {valid=false, error=All anyOf failed: [[[true,{""not"":{""$ref"":""#/definitions/inside1""}}] at #/oneOf/1/allOf/1/not/items failed against http://json-schema.org/draft-04/schema with ""Expected: [object] Found: [array]""], [true at #/oneOf/1/allOf/1/not/items/0 failed against http://json-schema.org/draft-04/schema with ""Expected: [object] Found: [boolean]""]], keywordLocation=http://json-schema.org/draft-04/schema#/properties/items, absoluteKeywordLocation=http://json-schema.org/draft-04/schema#/properties/items, instanceLocation=#/oneOf/1/allOf/1/not/items}, {valid=false, error=All anyOf failed: [[[true,{""not"":{""type"":""number"",""multipleOf"":11,""minimum"":1... at #/definitions/inside1/not/items failed against http://json-schema.org/draft-04/schema with ""Expected: [object] Found: [array]""], [true at #/definitions/inside1/not/items/0 failed against http://json-schema.org/draft-04/schema with ""Expected: [object] Found: [boolean]""]], keywordLocation=http://json-schema.org/draft-04/schema#/properties/items, absoluteKeywordLocation=http://json-schema.org/draft-04/schema#/properties/items, instanceLocation=#/definitions/inside1/not/items}, {valid=false, error=All anyOf failed: [[[true,{""type"":""number"",""multipleOf"":4}] at #/definitions/inside2/items failed against http://json-schema.org/draft-04/schema with ""Expected: [object] Found: [array]""], [true at #/definitions/inside2/items/0 failed against http://json-schema.org/draft-04/schema with ""Expected: [object] Found: [boolean]""]], keywordLocation=http://json-schema.org/draft-04/schema#/properties/items, absoluteKeywordLocation=http://json-schema.org/draft-04/schema#/properties/items, instanceLocation=#/definitions/inside2/items}]}"
allIt6,StandardGenerationException,"{valid=false, keywordLocation=http://json-schema.org/draft-04/schema, absoluteKeywordLocation=http://json-schema.org/draft-04/schema, instanceLocation=, errors=[{valid=false, error=All anyOf failed: [[[true,{""patternProperties"":{""a"":true},""additionalProperti... at #/allOf/1/items failed against http://json-schema.org/draft-04/schema with ""Expected: [object] Found: [array]""], [true at #/allOf/1/items/0 failed against http://json-schema.org/draft-04/schema with ""Expected: [object] Found: [boolean]"", true at #/allOf/1/items/1/patternProperties/a failed against http://json-schema.org/draft-04/schema with ""Expected: [object] Found: [boolean]""]], keywordLocation=http://json-schema.org/draft-04/schema#/properties/items, absoluteKeywordLocation=http://json-schema.org/draft-04/schema#/properties/items, instanceLocation=#/allOf/1/items}, {valid=false, error=All anyOf failed: [[[true,{""patternProperties"":{""b"":true,""kz"":false},""additio... at #/allOf/2/items failed against http://json-schema.org/draft-04/schema with ""Expected: [object] Found: [array]""], [true at #/allOf/2/items/0 failed against http://json-schema.org/draft-04/schema with ""Expected: [object] Found: [boolean]"", true at #/allOf/2/items/1/patternProperties/b failed against http://json-schema.org/draft-04/schema with ""Expected: [object] Found: [boolean]"", false at #/allOf/2/items/1/patternProperties/kz failed against http://json-schema.org/draft-04/schema with ""Expected: [object] Found: [boolean]""]], keywordLocation=http://json-schema.org/draft-04/schema#/properties/items, absoluteKeywordLocation=http://json-schema.org/draft-04/schema#/properties/items, instanceLocation=#/allOf/2/items}, {valid=false, error=All anyOf failed: [[false at #/allOf/3/not/items/patternProperties/ab failed against http://json-schema.org/draft-04/schema with ""Expected: [object] Found: [boolean]""], [{""patternProperties"":{""ab"":false},""additionalProperties"":... at #/allOf/3/not/items failed against http://json-schema.org/draft-04/schema#/definitions/schemaArray with ""Expected: [array] Found: [object]""]], keywordLocation=http://json-schema.org/draft-04/schema#/properties/items, absoluteKeywordLocation=http://json-schema.org/draft-04/schema#/properties/items, instanceLocation=#/allOf/3/not/items}, {valid=false, error=All anyOf failed: [[false at #/allOf/4/not/items/patternProperties/cd failed against http://json-schema.org/draft-04/schema with ""Expected: [object] Found: [boolean]""], [{""patternProperties"":{""cd"":false},""additionalProperties"":... at #/allOf/4/not/items failed against http://json-schema.org/draft-04/schema#/definitions/schemaArray with ""Expected: [array] Found: [object]""]], keywordLocation=http://json-schema.org/draft-04/schema#/properties/items, absoluteKeywordLocation=http://json-schema.org/draft-04/schema#/properties/items, instanceLocation=#/allOf/4/not/items}]}"
oneofitc4,StandardGenerationException,"{valid=false, keywordLocation=http://json-schema.org/draft-04/schema, absoluteKeywordLocation=http://json-schema.org/draft-04/schema, instanceLocation=, errors=[{valid=false, error=All anyOf failed: [[[true,{""$ref"":""#/definitions/inside1""}] at #/oneOf/0/allOf/0/items failed against http://json-schema.org/draft-04/schema with ""Expected: [object] Found: [array]""], [true at #/oneOf/0/allOf/0/items/0 failed against http://json-schema.org/draft-04/schema with ""Expected: [object] Found: [boolean]""]], keywordLocation=http://json-schema.org/draft-04/schema#/properties/items, absoluteKeywordLocation=http://json-schema.org/draft-04/schema#/properties/items, instanceLocation=#/oneOf/0/allOf/0/items}, {valid=false, error=All anyOf failed: [[[true,{""not"":{""$ref"":""#/definitions/inside1""}}] at #/oneOf/0/allOf/1/not/items failed against http://json-schema.org/draft-04/schema with ""Expected: [object] Found: [array]""], [true at #/oneOf/0/allOf/1/not/items/0 failed against http://json-schema.org/draft-04/schema with ""Expected: [object] Found: [boolean]""]], keywordLocation=http://json-schema.org/draft-04/schema#/properties/items, absoluteKeywordLocation=http://json-schema.org/draft-04/schema#/properties/items, instanceLocation=#/oneOf/0/allOf/1/not/items}, {valid=false, error=All anyOf failed: [[[true,{""$ref"":""#/definitions/inside2""}] at #/oneOf/1/allOf/0/items failed against http://json-schema.org/draft-04/schema with ""Expected: [object] Found: [array]""], [true at #/oneOf/1/allOf/0/items/0 failed against http://json-schema.org/draft-04/schema with ""Expected: [object] Found: [boolean]""]], keywordLocation=http://json-schema.org/draft-04/schema#/properties/items, absoluteKeywordLocation=http://json-schema.org/draft-04/schema#/properties/items, instanceLocation=#/oneOf/1/allOf/0/items}, {valid=false, error=All anyOf failed: [[[true,{""not"":{""$ref"":""#/definitions/inside2""}}] at #/oneOf/1/allOf/1/not/items failed against http://json-schema.org/draft-04/schema with ""Expected: [object] Found: [array]""], [true at #/oneOf/1/allOf/1/not/items/0 failed against http://json-schema.org/draft-04/schema with ""Expected: [object] Found: [boolean]""]], keywordLocation=http://json-schema.org/draft-04/schema#/properties/items, absoluteKeywordLocation=http://json-schema.org/draft-04/schema#/properties/items, instanceLocation=#/oneOf/1/allOf/1/not/items}, {valid=false, error=All anyOf failed: [[[true,{""not"":{""type"":""number"",""multipleOf"":11,""minimum"":1... at #/definitions/inside1/not/items failed against http://json-schema.org/draft-04/schema with ""Expected: [object] Found: [array]""], [true at #/definitions/inside1/not/items/0 failed against http://json-schema.org/draft-04/schema with ""Expected: [object] Found: [boolean]""]], keywordLocation=http://json-schema.org/draft-04/schema#/properties/items, absoluteKeywordLocation=http://json-schema.org/draft-04/schema#/properties/items, instanceLocation=#/definitions/inside1/not/items}, {valid=false, error=All anyOf failed: [[[true,{""type"":""number"",""multipleOf"":11,""minimum"":100}] at #/definitions/inside2/items failed against http://json-schema.org/draft-04/schema with ""Expected: [object] Found: [array]""], [true at #/definitions/inside2/items/0 failed against http://json-schema.org/draft-04/schema with ""Expected: [object] Found: [boolean]""]], keywordLocation=http://json-schema.org/draft-04/schema#/properties/items, absoluteKeywordLocation=http://json-schema.org/draft-04/schema#/properties/items, instanceLocation=#/definitions/inside2/items}]}"
allIt8,StandardGenerationException,"{valid=false, keywordLocation=http://json-schema.org/draft-04/schema, absoluteKeywordLocation=http://json-schema.org/draft-04/schema, instanceLocation=, errors=[{valid=false, error=All anyOf failed: [[[true,{""patternProperties"":{""a"":true},""additionalProperti... at #/allOf/1/items failed against http://json-schema.org/draft-04/schema with ""Expected: [object] Found: [array]""], [true at #/allOf/1/items/0 failed against http://json-schema.org/draft-04/schema with ""Expected: [object] Found: [boolean]"", true at #/allOf/1/items/1/patternProperties/a failed against http://json-schema.org/draft-04/schema with ""Expected: [object] Found: [boolean]""]], keywordLocation=http://json-schema.org/draft-04/schema#/properties/items, absoluteKeywordLocation=http://json-schema.org/draft-04/schema#/properties/items, instanceLocation=#/allOf/1/items}, {valid=false, error=All anyOf failed: [[[true] at #/allOf/2/items failed against http://json-schema.org/draft-04/schema with ""Expected: [object] Found: [array]""], [true at #/allOf/2/items/0 failed against http://json-schema.org/draft-04/schema with ""Expected: [object] Found: [boolean]""]], keywordLocation=http://json-schema.org/draft-04/schema#/properties/items, absoluteKeywordLocation=http://json-schema.org/draft-04/schema#/properties/items, instanceLocation=#/allOf/2/items}, {valid=false, error=All anyOf failed: [[{""properties"":{""abcd"":true},""additionalProperties"":false} at #/allOf/2/additionalItems failed against http://json-schema.org/draft-04/schema#/properties/additionalItems/anyOf/0 with ""Expected: [boolean] Found: [object]""], [true at #/allOf/2/additionalItems/properties/abcd failed against http://json-schema.org/draft-04/schema with ""Expected: [object] Found: [boolean]""]], keywordLocation=http://json-schema.org/draft-04/schema#/properties/additionalItems, absoluteKeywordLocation=http://json-schema.org/draft-04/schema#/properties/additionalItems, instanceLocation=#/allOf/2/additionalItems}, {valid=false, error=All anyOf failed: [[false at #/allOf/3/not/items/patternProperties/%5Ea000 failed against http://json-schema.org/draft-04/schema with ""Expected: [object] Found: [boolean]""], [{""patternProperties"":{""^a000"":false}} at #/allOf/3/not/items failed against http://json-schema.org/draft-04/schema#/definitions/schemaArray with ""Expected: [array] Found: [object]""]], keywordLocation=http://json-schema.org/draft-04/schema#/properties/items, absoluteKeywordLocation=http://json-schema.org/draft-04/schema#/properties/items, instanceLocation=#/allOf/3/not/items}]}"
allOfPProp7,StandardGenerationException,"{valid=false, keywordLocation=http://json-schema.org/draft-04/schema, absoluteKeywordLocation=http://json-schema.org/draft-04/schema, instanceLocation=, errors=[{valid=false, error=Expected: [object] Found: [boolean], keywordLocation=http://json-schema.org/draft-04/schema, absoluteKeywordLocation=http://json-schema.org/draft-04/schema, instanceLocation=#/allOf/0/anyOf/0/patternProperties/%5E.%7B1%2C2%7D$}, {valid=false, error=Expected: [object] Found: [boolean], keywordLocation=http://json-schema.org/draft-04/schema, absoluteKeywordLocation=http://json-schema.org/draft-04/schema, instanceLocation=#/allOf/0/anyOf/2/patternProperties/%5Eb}, {valid=false, error=Expected: [object] Found: [boolean], keywordLocation=http://json-schema.org/draft-04/schema, absoluteKeywordLocation=http://json-schema.org/draft-04/schema, instanceLocation=#/allOf/1/anyOf/0/not/patternProperties/%5Ecde}, {valid=false, error=Expected: [object] Found: [boolean], keywordLocation=http://json-schema.org/draft-04/schema, absoluteKeywordLocation=http://json-schema.org/draft-04/schema, instanceLocation=#/allOf/1/anyOf/1/not/patternProperties/%5E111$}, {valid=false, error=Expected: [object] Found: [boolean], keywordLocation=http://json-schema.org/draft-04/schema, absoluteKeywordLocation=http://json-schema.org/draft-04/schema, instanceLocation=#/allOf/1/anyOf/2/not/patternProperties/%5E2345}]}"
allOfPProp8,StandardGenerationException,"{valid=false, keywordLocation=http://json-schema.org/draft-04/schema, absoluteKeywordLocation=http://json-schema.org/draft-04/schema, instanceLocation=, errors=[{valid=false, error=Expected: [object] Found: [boolean], keywordLocation=http://json-schema.org/draft-04/schema, absoluteKeywordLocation=http://json-schema.org/draft-04/schema, instanceLocation=#/allOf/0/anyOf/0/patternProperties/%5E.%7B1%2C1%7D$}, {valid=false, error=Expected: [object] Found: [boolean], keywordLocation=http://json-schema.org/draft-04/schema, absoluteKeywordLocation=http://json-schema.org/draft-04/schema, instanceLocation=#/allOf/0/anyOf/2/patternProperties/%5Eb}, {valid=false, error=Expected: [object] Found: [boolean], keywordLocation=http://json-schema.org/draft-04/schema, absoluteKeywordLocation=http://json-schema.org/draft-04/schema, instanceLocation=#/allOf/1/anyOf/0/not/patternProperties/%5Ecdeb}, {valid=false, error=Expected: [object] Found: [boolean], keywordLocation=http://json-schema.org/draft-04/schema, absoluteKeywordLocation=http://json-schema.org/draft-04/schema, instanceLocation=#/allOf/1/anyOf/2/not/patternProperties/%5E2345}]}"
allOfPProp10,StandardGenerationException,"{valid=false, keywordLocation=http://json-schema.org/draft-04/schema, absoluteKeywordLocation=http://json-schema.org/draft-04/schema, instanceLocation=, errors=[{valid=false, error=Expected: [object] Found: [boolean], keywordLocation=http://json-schema.org/draft-04/schema, absoluteKeywordLocation=http://json-schema.org/draft-04/schema, instanceLocation=#/allOf/0/anyOf/0/patternProperties/%5E.%7B1%2C2%7D$}, {valid=false, error=Expected: [object] Found: [boolean], keywordLocation=http://json-schema.org/draft-04/schema, absoluteKeywordLocation=http://json-schema.org/draft-04/schema, instanceLocation=#/allOf/1/anyOf/0/not/patternProperties/%5Ecdeb}, {valid=false, error=Expected: [object] Found: [boolean], keywordLocation=http://json-schema.org/draft-04/schema, absoluteKeywordLocation=http://json-schema.org/draft-04/schema, instanceLocation=#/allOf/2/anyOf/0/not/patternProperties/%5Ekwjh}]}"
pp2,StandardGenerationException,"{valid=false, keywordLocation=http://json-schema.org/draft-04/schema, absoluteKeywordLocation=http://json-schema.org/draft-04/schema, instanceLocation=, errors=[{valid=false, error=Expected: [object] Found: [boolean], keywordLocation=http://json-schema.org/draft-04/schema, absoluteKeywordLocation=http://json-schema.org/draft-04/schema, instanceLocation=#/allOf/1/patternProperties/additionalProperties}, {valid=false, error=Expected: [object] Found: [boolean], keywordLocation=http://json-schema.org/draft-04/schema, absoluteKeywordLocation=http://json-schema.org/draft-04/schema, instanceLocation=#/allOf/3/patternProperties/additionalProperties}]}"
num5,StandardGenerationException,"{valid=false, keywordLocation=http://json-schema.org/draft-04/schema, absoluteKeywordLocation=http://json-schema.org/draft-04/schema, instanceLocation=, errors=[{valid=false, error=Expected: [boolean] Found: [number, integer], keywordLocation=http://json-schema.org/draft-04/schema#/properties/exclusiveMinimum, absoluteKeywordLocation=http://json-schema.org/draft-04/schema#/properties/exclusiveMinimum, instanceLocation=#/patternProperties/c/exclusiveMinimum}, {valid=false, error=Missing dependency exclusiveMinimum -> minimum, keywordLocation=http://json-schema.org/draft-04/schema, absoluteKeywordLocation=http://json-schema.org/draft-04/schema, instanceLocation=#/patternProperties/c}, {valid=false, error=Expected: [boolean] Found: [number, integer], keywordLocation=http://json-schema.org/draft-04/schema#/properties/exclusiveMaximum, absoluteKeywordLocation=http://json-schema.org/draft-04/schema#/properties/exclusiveMaximum, instanceLocation=#/patternProperties/d/exclusiveMaximum}, {valid=false, error=Missing dependency exclusiveMaximum -> maximum, keywordLocation=http://json-schema.org/draft-04/schema, absoluteKeywordLocation=http://json-schema.org/draft-04/schema, instanceLocation=#/patternProperties/d}]}"
pp1,StandardGenerationException,"{valid=false, keywordLocation=http://json-schema.org/draft-04/schema, absoluteKeywordLocation=http://json-schema.org/draft-04/schema, instanceLocation=, errors=[{valid=false, error=Expected: [object] Found: [boolean], keywordLocation=http://json-schema.org/draft-04/schema, absoluteKeywordLocation=http://json-schema.org/draft-04/schema, instanceLocation=#/allOf/1/patternProperties/additionalProperties}, {valid=false, error=Expected: [object] Found: [boolean], keywordLocation=http://json-schema.org/draft-04/schema, absoluteKeywordLocation=http://json-schema.org/draft-04/schema, instanceLocation=#/allOf/2/patternProperties/additionalProperties}, {valid=false, error=Expected: [object] Found: [boolean], keywordLocation=http://json-schema.org/draft-04/schema, absoluteKeywordLocation=http://json-schema.org/draft-04/schema, instanceLocation=#/allOf/3/patternProperties/additionalProperties}]}"
allIt3,StandardGenerationException,"{valid=false, keywordLocation=http://json-schema.org/draft-04/schema, absoluteKeywordLocation=http://json-schema.org/draft-04/schema, instanceLocation=, errors=[{valid=false, error=All anyOf failed: [[[{""type"":""object"",""minProperties"":1,""patternProperties"":{... at #/allOf/0/items failed against http://json-schema.org/draft-04/schema with ""Expected: [object] Found: [array]""], [false at #/allOf/0/items/0/patternProperties/%5E.%7B1%2C3%7D$ failed against http://json-schema.org/draft-04/schema with ""Expected: [object] Found: [boolean]"", false at #/allOf/0/items/1/patternProperties/%5E.%7B1%2C3%7D$ failed against http://json-schema.org/draft-04/schema with ""Expected: [object] Found: [boolean]""]], keywordLocation=http://json-schema.org/draft-04/schema#/properties/items, absoluteKeywordLocation=http://json-schema.org/draft-04/schema#/properties/items, instanceLocation=#/allOf/0/items}, {valid=false, error=All anyOf failed: [[[true,{""patternProperties"":{""a"":true},""additionalProperti... at #/allOf/1/items failed against http://json-schema.org/draft-04/schema with ""Expected: [object] Found: [array]""], [true at #/allOf/1/items/0 failed against http://json-schema.org/draft-04/schema with ""Expected: [object] Found: [boolean]"", true at #/allOf/1/items/1/patternProperties/a failed against http://json-schema.org/draft-04/schema with ""Expected: [object] Found: [boolean]""]], keywordLocation=http://json-schema.org/draft-04/schema#/properties/items, absoluteKeywordLocation=http://json-schema.org/draft-04/schema#/properties/items, instanceLocation=#/allOf/1/items}, {valid=false, error=All anyOf failed: [[[true,{""patternProperties"":{""b"":true},""additionalProperti... at #/allOf/2/items failed against http://json-schema.org/draft-04/schema with ""Expected: [object] Found: [array]""], [true at #/allOf/2/items/0 failed against http://json-schema.org/draft-04/schema with ""Expected: [object] Found: [boolean]"", true at #/allOf/2/items/1/patternProperties/b failed against http://json-schema.org/draft-04/schema with ""Expected: [object] Found: [boolean]""]], keywordLocation=http://json-schema.org/draft-04/schema#/properties/items, absoluteKeywordLocation=http://json-schema.org/draft-04/schema#/properties/items, instanceLocation=#/allOf/2/items}, {valid=false, error=All anyOf failed: [[true at #/not/items/patternProperties/ab failed against http://json-schema.org/draft-04/schema with ""Expected: [object] Found: [boolean]""], [{""patternProperties"":{""ab"":true},""additionalProperties"":f... at #/not/items failed against http://json-schema.org/draft-04/schema#/definitions/schemaArray with ""Expected: [array] Found: [object]""]], keywordLocation=http://json-schema.org/draft-04/schema#/properties/items, absoluteKeywordLocation=http://json-schema.org/draft-04/schema#/properties/items, instanceLocation=#/not/items}]}"
object7,StandardGenerationException,"{valid=false, keywordLocation=http://json-schema.org/draft-04/schema, absoluteKeywordLocation=http://json-schema.org/draft-04/schema, instanceLocation=, errors=[{valid=false, error=Expected: [object] Found: [boolean], keywordLocation=http://json-schema.org/draft-04/schema, absoluteKeywordLocation=http://json-schema.org/draft-04/schema, instanceLocation=#/allOf/7/patternProperties/bc}]}"
allOfPProp9,StandardGenerationException,"{valid=false, keywordLocation=http://json-schema.org/draft-04/schema, absoluteKeywordLocation=http://json-schema.org/draft-04/schema, instanceLocation=, errors=[{valid=false, error=Expected: [object] Found: [boolean], keywordLocation=http://json-schema.org/draft-04/schema, absoluteKeywordLocation=http://json-schema.org/draft-04/schema, instanceLocation=#/allOf/0/anyOf/0/patternProperties/%5E.%7B1%2C2%7D$}, {valid=false, error=Expected: [object] Found: [boolean], keywordLocation=http://json-schema.org/draft-04/schema, absoluteKeywordLocation=http://json-schema.org/draft-04/schema, instanceLocation=#/allOf/1/anyOf/0/not/patternProperties/%5Ecdeb}, {valid=false, error=Expected: [object] Found: [boolean], keywordLocation=http://json-schema.org/draft-04/schema, absoluteKeywordLocation=http://json-schema.org/draft-04/schema, instanceLocation=#/allOf/2/anyOf/0/not/patternProperties/%5Ekwjh}]}"
allIt4,StandardGenerationException,"{valid=false, keywordLocation=http://json-schema.org/draft-04/schema, absoluteKeywordLocation=http://json-schema.org/draft-04/schema, instanceLocation=, errors=[{valid=false, error=All anyOf failed: [[false at #/allOf/0/not/items/patternProperties/ab failed against http://json-schema.org/draft-04/schema with ""Expected: [object] Found: [boolean]""], [{""patternProperties"":{""ab"":false},""additionalProperties"":... at #/allOf/0/not/items failed against http://json-schema.org/draft-04/schema#/definitions/schemaArray with ""Expected: [array] Found: [object]""]], keywordLocation=http://json-schema.org/draft-04/schema#/properties/items, absoluteKeywordLocation=http://json-schema.org/draft-04/schema#/properties/items, instanceLocation=#/allOf/0/not/items}, {valid=false, error=All anyOf failed: [[false at #/allOf/1/not/items/patternProperties/cd failed against http://json-schema.org/draft-04/schema with ""Expected: [object] Found: [boolean]""], [{""patternProperties"":{""cd"":false},""additionalProperties"":... at #/allOf/1/not/items failed against http://json-schema.org/draft-04/schema#/definitions/schemaArray with ""Expected: [array] Found: [object]""]], keywordLocation=http://json-schema.org/draft-04/schema#/properties/items, absoluteKeywordLocation=http://json-schema.org/draft-04/schema#/properties/items, instanceLocation=#/allOf/1/not/items}]}"
object8,StandardGenerationException,"{valid=false, keywordLocation=http://json-schema.org/draft-04/schema, absoluteKeywordLocation=http://json-schema.org/draft-04/schema, instanceLocation=, errors=[{valid=false, error=Expected: [object] Found: [boolean], keywordLocation=http://json-schema.org/draft-04/schema, absoluteKeywordLocation=http://json-schema.org/draft-04/schema, instanceLocation=#/allOf/7/patternProperties/%28b%7Cc%29%7B2%2C2%7D}]}"
allIt7,StandardGenerationException,"{valid=false, keywordLocation=http://json-schema.org/draft-04/schema, absoluteKeywordLocation=http://json-schema.org/draft-04/schema, instanceLocation=, errors=[{valid=false, error=All anyOf failed: [[[true,{""patternProperties"":{""a"":true},""additionalProperti... at #/allOf/1/items failed against http://json-schema.org/draft-04/schema with ""Expected: [object] Found: [array]""], [true at #/allOf/1/items/0 failed against http://json-schema.org/draft-04/schema with ""Expected: [object] Found: [boolean]"", true at #/allOf/1/items/1/patternProperties/a failed against http://json-schema.org/draft-04/schema with ""Expected: [object] Found: [boolean]""]], keywordLocation=http://json-schema.org/draft-04/schema#/properties/items, absoluteKeywordLocation=http://json-schema.org/draft-04/schema#/properties/items, instanceLocation=#/allOf/1/items}, {valid=false, error=All anyOf failed: [[[true] at #/allOf/2/items failed against http://json-schema.org/draft-04/schema with ""Expected: [object] Found: [array]""], [true at #/allOf/2/items/0 failed against http://json-schema.org/draft-04/schema with ""Expected: [object] Found: [boolean]""]], keywordLocation=http://json-schema.org/draft-04/schema#/properties/items, absoluteKeywordLocation=http://json-schema.org/draft-04/schema#/properties/items, instanceLocation=#/allOf/2/items}, {valid=false, error=All anyOf failed: [[{""patternProperties"":{""b"":true,""kz"":false},""additionalPro... at #/allOf/2/additionalItems failed against http://json-schema.org/draft-04/schema#/properties/additionalItems/anyOf/0 with ""Expected: [boolean] Found: [object]""], [true at #/allOf/2/additionalItems/patternProperties/b failed against http://json-schema.org/draft-04/schema with ""Expected: [object] Found: [boolean]"", false at #/allOf/2/additionalItems/patternProperties/kz failed against http://json-schema.org/draft-04/schema with ""Expected: [object] Found: [boolean]""]], keywordLocation=http://json-schema.org/draft-04/schema#/properties/additionalItems, absoluteKeywordLocation=http://json-schema.org/draft-04/schema#/properties/additionalItems, instanceLocation=#/allOf/2/additionalItems}, {valid=false, error=All anyOf failed: [[false at #/allOf/3/not/items/patternProperties/ab failed against http://json-schema.org/draft-04/schema with ""Expected: [object] Found: [boolean]""], [{""patternProperties"":{""ab"":false},""additionalProperties"":... at #/allOf/3/not/items failed against http://json-schema.org/draft-04/schema#/definitions/schemaArray with ""Expected: [array] Found: [object]""]], keywordLocation=http://json-schema.org/draft-04/schema#/properties/items, absoluteKeywordLocation=http://json-schema.org/draft-04/schema#/properties/items, instanceLocation=#/allOf/3/not/items}, {valid=false, error=All anyOf failed: [[false at #/allOf/4/not/items/patternProperties/cd failed against http://json-schema.org/draft-04/schema with ""Expected: [object] Found: [boolean]""], [{""patternProperties"":{""cd"":false},""additionalProperties"":... at #/allOf/4/not/items failed against http://json-schema.org/draft-04/schema#/definitions/schemaArray with ""Expected: [array] Found: [object]""]], keywordLocation=http://json-schema.org/draft-04/schema#/properties/items, absoluteKeywordLocation=http://json-schema.org/draft-04/schema#/properties/items, instanceLocation=#/allOf/4/not/items}]}"
allIt5,StandardGenerationException,"{valid=false, keywordLocation=http://json-schema.org/draft-04/schema, absoluteKeywordLocation=http://json-schema.org/draft-04/schema, instanceLocation=, errors=[{valid=false, error=All anyOf failed: [[[{""type"":""object"",""minProperties"":1,""patternProperties"":{... at #/allOf/0/items failed against http://json-schema.org/draft-04/schema with ""Expected: [object] Found: [array]""], [false at #/allOf/0/items/0/patternProperties/%5E.%7B1%2C3%7D$ failed against http://json-schema.org/draft-04/schema with ""Expected: [object] Found: [boolean]"", false at #/allOf/0/items/1/patternProperties/%5E.%7B1%2C3%7D$ failed against http://json-schema.org/draft-04/schema with ""Expected: [object] Found: [boolean]""]], keywordLocation=http://json-schema.org/draft-04/schema#/properties/items, absoluteKeywordLocation=http://json-schema.org/draft-04/schema#/properties/items, instanceLocation=#/allOf/0/items}, {valid=false, error=All anyOf failed: [[[true,{""patternProperties"":{""a"":true},""additionalProperti... at #/allOf/1/items failed against http://json-schema.org/draft-04/schema with ""Expected: [object] Found: [array]""], [true at #/allOf/1/items/0 failed against http://json-schema.org/draft-04/schema with ""Expected: [object] Found: [boolean]"", true at #/allOf/1/items/1/patternProperties/a failed against http://json-schema.org/draft-04/schema with ""Expected: [object] Found: [boolean]""]], keywordLocation=http://json-schema.org/draft-04/schema#/properties/items, absoluteKeywordLocation=http://json-schema.org/draft-04/schema#/properties/items, instanceLocation=#/allOf/1/items}, {valid=false, error=All anyOf failed: [[[true,{""patternProperties"":{""b"":true,""kz"":false},""additio... at #/allOf/2/items failed against http://json-schema.org/draft-04/schema with ""Expected: [object] Found: [array]""], [true at #/allOf/2/items/0 failed against http://json-schema.org/draft-04/schema with ""Expected: [object] Found: [boolean]"", true at #/allOf/2/items/1/patternProperties/b failed against http://json-schema.org/draft-04/schema with ""Expected: [object] Found: [boolean]"", false at #/allOf/2/items/1/patternProperties/kz failed against http://json-schema.org/draft-04/schema with ""Expected: [object] Found: [boolean]""]], keywordLocation=http://json-schema.org/draft-04/schema#/properties/items, absoluteKeywordLocation=http://json-schema.org/draft-04/schema#/properties/items, instanceLocation=#/allOf/2/items}, {valid=false, error=All anyOf failed: [[false at #/allOf/3/not/items/patternProperties/ab failed against http://json-schema.org/draft-04/schema with ""Expected: [object] Found: [boolean]""], [{""patternProperties"":{""ab"":false},""additionalProperties"":... at #/allOf/3/not/items failed against http://json-schema.org/draft-04/schema#/definitions/schemaArray with ""Expected: [array] Found: [object]""]], keywordLocation=http://json-schema.org/draft-04/schema#/properties/items, absoluteKeywordLocation=http://json-schema.org/draft-04/schema#/properties/items, instanceLocation=#/allOf/3/not/items}, {valid=false, error=All anyOf failed: [[false at #/allOf/4/not/items/patternProperties/cd failed against http://json-schema.org/draft-04/schema with ""Expected: [object] Found: [boolean]""], [{""patternProperties"":{""cd"":false},""additionalProperties"":... at #/allOf/4/not/items failed against http://json-schema.org/draft-04/schema#/definitions/schemaArray with ""Expected: [array] Found: [object]""]], keywordLocation=http://json-schema.org/draft-04/schema#/properties/items, absoluteKeywordLocation=http://json-schema.org/draft-04/schema#/properties/items, instanceLocation=#/allOf/4/not/items}]}"
oneofpr7,StandardGenerationException,"{valid=false, keywordLocation=http://json-schema.org/draft-04/schema, absoluteKeywordLocation=http://json-schema.org/draft-04/schema, instanceLocation=, errors=[{valid=false, error=All anyOf failed: [[[true,{""$ref"":""#/definitions/inside11""}] at #/definitions/inside1/items failed against http://json-schema.org/draft-04/schema with ""Expected: [object] Found: [array]""], [true at #/definitions/inside1/items/0 failed against http://json-schema.org/draft-04/schema with ""Expected: [object] Found: [boolean]""]], keywordLocation=http://json-schema.org/draft-04/schema#/properties/items, absoluteKeywordLocation=http://json-schema.org/draft-04/schema#/properties/items, instanceLocation=#/definitions/inside1/items}, {valid=false, error=All anyOf failed: [[[true,{""not"":{""$ref"":""#/definitions/inside22""}}] at #/definitions/inside2/not/items failed against http://json-schema.org/draft-04/schema with ""Expected: [object] Found: [array]""], [true at #/definitions/inside2/not/items/0 failed against http://json-schema.org/draft-04/schema with ""Expected: [object] Found: [boolean]""]], keywordLocation=http://json-schema.org/draft-04/schema#/properties/items, absoluteKeywordLocation=http://json-schema.org/draft-04/schema#/properties/items, instanceLocation=#/definitions/inside2/not/items}]}"
oneofpr8,StandardGenerationException,"{valid=false, keywordLocation=http://json-schema.org/draft-04/schema, absoluteKeywordLocation=http://json-schema.org/draft-04/schema, instanceLocation=, errors=[{valid=false, error=All anyOf failed: [[[true,{""not"":{""$ref"":""#/definitions/inside11""}}] at #/definitions/inside1/not/items failed against http://json-schema.org/draft-04/schema with ""Expected: [object] Found: [array]""], [true at #/definitions/inside1/not/items/0 failed against http://json-schema.org/draft-04/schema with ""Expected: [object] Found: [boolean]""]], keywordLocation=http://json-schema.org/draft-04/schema#/properties/items, absoluteKeywordLocation=http://json-schema.org/draft-04/schema#/properties/items, instanceLocation=#/definitions/inside1/not/items}, {valid=false, error=All anyOf failed: [[[true,{""$ref"":""#/definitions/inside22""}] at #/definitions/inside2/items failed against http://json-schema.org/draft-04/schema with ""Expected: [object] Found: [array]""], [true at #/definitions/inside2/items/0 failed against http://json-schema.org/draft-04/schema with ""Expected: [object] Found: [boolean]""]], keywordLocation=http://json-schema.org/draft-04/schema#/properties/items, absoluteKeywordLocation=http://json-schema.org/draft-04/schema#/properties/items, instanceLocation=#/definitions/inside2/items}]}"
oneofpr6,StandardGenerationException,"{valid=false, keywordLocation=http://json-schema.org/draft-04/schema, absoluteKeywordLocation=http://json-schema.org/draft-04/schema, instanceLocation=, errors=[{valid=false, error=All anyOf failed: [[[true,{""not"":{""$ref"":""#/definitions/inside11""}}] at #/definitions/inside1/not/items failed against http://json-schema.org/draft-04/schema with ""Expected: [object] Found: [array]""], [true at #/definitions/inside1/not/items/0 failed against http://json-schema.org/draft-04/schema with ""Expected: [object] Found: [boolean]""]], keywordLocation=http://json-schema.org/draft-04/schema#/properties/items, absoluteKeywordLocation=http://json-schema.org/draft-04/schema#/properties/items, instanceLocation=#/definitions/inside1/not/items}, {valid=false, error=All anyOf failed: [[[true,{""not"":{""$ref"":""#/definitions/inside22""}}] at #/definitions/inside2/not/items failed against http://json-schema.org/draft-04/schema with ""Expected: [object] Found: [array]""], [true at #/definitions/inside2/not/items/0 failed against http://json-schema.org/draft-04/schema with ""Expected: [object] Found: [boolean]""]], keywordLocation=http://json-schema.org/draft-04/schema#/properties/items, absoluteKeywordLocation=http://json-schema.org/draft-04/schema#/properties/items, instanceLocation=#/definitions/inside2/not/items}]}"
allany9,StandardGenerationException,"{valid=false, keywordLocation=http://json-schema.org/draft-04/schema, absoluteKeywordLocation=http://json-schema.org/draft-04/schema, instanceLocation=, errors=[{valid=false, error=Expected: [boolean] Found: [number, integer], keywordLocation=http://json-schema.org/draft-04/schema#/properties/exclusiveMaximum, absoluteKeywordLocation=http://json-schema.org/draft-04/schema#/properties/exclusiveMaximum, instanceLocation=#/allOf/4/exclusiveMaximum}, {valid=false, error=Missing dependency exclusiveMaximum -> maximum, keywordLocation=http://json-schema.org/draft-04/schema, absoluteKeywordLocation=http://json-schema.org/draft-04/schema, instanceLocation=#/allOf/4}]}"
pp4,StandardGenerationException,"{valid=false, keywordLocation=http://json-schema.org/draft-04/schema, absoluteKeywordLocation=http://json-schema.org/draft-04/schema, instanceLocation=, errors=[{valid=false, error=Expected: [object] Found: [boolean], keywordLocation=http://json-schema.org/draft-04/schema, absoluteKeywordLocation=http://json-schema.org/draft-04/schema, instanceLocation=#/definitions/x/allOf/1/patternProperties/additionalProperties}, {valid=false, error=Expected: [object] Found: [boolean], keywordLocation=http://json-schema.org/draft-04/schema, absoluteKeywordLocation=http://json-schema.org/draft-04/schema, instanceLocation=#/definitions/x/allOf/3/patternProperties/additionalProperties}, {valid=false, error=Expected: [object] Found: [boolean], keywordLocation=http://json-schema.org/draft-04/schema, absoluteKeywordLocation=http://json-schema.org/draft-04/schema, instanceLocation=#/definitions/y/allOf/1/patternProperties/additionalProperties}]}"
object9,StandardGenerationException,"{valid=false, keywordLocation=http://json-schema.org/draft-04/schema, absoluteKeywordLocation=http://json-schema.org/draft-04/schema, instanceLocation=, errors=[{valid=false, error=Expected: [object] Found: [boolean], keywordLocation=http://json-schema.org/draft-04/schema, absoluteKeywordLocation=http://json-schema.org/draft-04/schema, instanceLocation=#/allOf/7/patternProperties/a/patternProperties/%28b%7Cc%29%7B2%2C2%7D}]}"
mod307,StandardGenerationException,"{valid=false, keywordLocation=http://json-schema.org/draft-04/schema, absoluteKeywordLocation=http://json-schema.org/draft-04/schema, instanceLocation=, errors=[{valid=false, error=All anyOf failed: [[[{""type"":""integer"",""exclusiveMinimum"":0},{""$ref"":""#/defin... at #/definitions/word/items failed against http://json-schema.org/draft-04/schema with ""Expected: [object] Found: [array]""], [0 at #/definitions/word/items/0/exclusiveMinimum failed against http://json-schema.org/draft-04/schema#/properties/exclusiveMinimum with ""Expected: [boolean] Found: [number, integer]"", {""type"":""integer"",""exclusiveMinimum"":0} at #/definitions/word/items/0 failed against http://json-schema.org/draft-04/schema with ""Missing dependency exclusiveMinimum -> minimum""]], keywordLocation=http://json-schema.org/draft-04/schema#/properties/items, absoluteKeywordLocation=http://json-schema.org/draft-04/schema#/properties/items, instanceLocation=#/definitions/word/items}]}"
mod3010,StandardGenerationException,"{valid=false, keywordLocation=http://json-schema.org/draft-04/schema, absoluteKeywordLocation=http://json-schema.org/draft-04/schema, instanceLocation=, errors=[{valid=false, error=All anyOf failed: [[[{""type"":""integer"",""exclusiveMinimum"":0},{""$ref"":""#/defin... at #/definitions/word/items failed against http://json-schema.org/draft-04/schema with ""Expected: [object] Found: [array]""], [0 at #/definitions/word/items/0/exclusiveMinimum failed against http://json-schema.org/draft-04/schema#/properties/exclusiveMinimum with ""Expected: [boolean] Found: [number, integer]"", {""type"":""integer"",""exclusiveMinimum"":0} at #/definitions/word/items/0 failed against http://json-schema.org/draft-04/schema with ""Missing dependency exclusiveMinimum -> minimum""]], keywordLocation=http://json-schema.org/draft-04/schema#/properties/items, absoluteKeywordLocation=http://json-schema.org/draft-04/schema#/properties/items, instanceLocation=#/definitions/word/items}]}"
allany11,StandardGenerationException,"{valid=false, keywordLocation=http://json-schema.org/draft-04/schema, absoluteKeywordLocation=http://json-schema.org/draft-04/schema, instanceLocation=, errors=[{valid=false, error=Expected: [boolean] Found: [number, integer], keywordLocation=http://json-schema.org/draft-04/schema#/properties/exclusiveMinimum, absoluteKeywordLocation=http://json-schema.org/draft-04/schema#/properties/exclusiveMinimum, instanceLocation=#/allOf/3/exclusiveMinimum}, {valid=false, error=Missing dependency exclusiveMinimum -> minimum, keywordLocation=http://json-schema.org/draft-04/schema, absoluteKeywordLocation=http://json-schema.org/draft-04/schema, instanceLocation=#/allOf/3}, {valid=false, error=Expected: [boolean] Found: [number, integer], keywordLocation=http://json-schema.org/draft-04/schema#/properties/exclusiveMaximum, absoluteKeywordLocation=http://json-schema.org/draft-04/schema#/properties/exclusiveMaximum, instanceLocation=#/allOf/4/exclusiveMaximum}, {valid=false, error=Missing dependency exclusiveMaximum -> maximum, keywordLocation=http://json-schema.org/draft-04/schema, absoluteKeywordLocation=http://json-schema.org/draft-04/schema, instanceLocation=#/allOf/4}]}"
mod305,StandardGenerationException,"{valid=false, keywordLocation=http://json-schema.org/draft-04/schema, absoluteKeywordLocation=http://json-schema.org/draft-04/schema, instanceLocation=, errors=[{valid=false, error=Expected: [boolean] Found: [number, integer], keywordLocation=http://json-schema.org/draft-04/schema#/properties/exclusiveMinimum, absoluteKeywordLocation=http://json-schema.org/draft-04/schema#/properties/exclusiveMinimum, instanceLocation=#/definitions/word/properties/b/exclusiveMinimum}, {valid=false, error=Missing dependency exclusiveMinimum -> minimum, keywordLocation=http://json-schema.org/draft-04/schema, absoluteKeywordLocation=http://json-schema.org/draft-04/schema, instanceLocation=#/definitions/word/properties/b}]}"
mod308,StandardGenerationException,"{valid=false, keywordLocation=http://json-schema.org/draft-04/schema, absoluteKeywordLocation=http://json-schema.org/draft-04/schema, instanceLocation=, errors=[{valid=false, error=All anyOf failed: [[[{""type"":""integer"",""exclusiveMinimum"":0},{""$ref"":""#/defin... at #/definitions/word/items failed against http://json-schema.org/draft-04/schema with ""Expected: [object] Found: [array]""], [0 at #/definitions/word/items/0/exclusiveMinimum failed against http://json-schema.org/draft-04/schema#/properties/exclusiveMinimum with ""Expected: [boolean] Found: [number, integer]"", {""type"":""integer"",""exclusiveMinimum"":0} at #/definitions/word/items/0 failed against http://json-schema.org/draft-04/schema with ""Missing dependency exclusiveMinimum -> minimum""]], keywordLocation=http://json-schema.org/draft-04/schema#/properties/items, absoluteKeywordLocation=http://json-schema.org/draft-04/schema#/properties/items, instanceLocation=#/definitions/word/items}]}"
mod309,StandardGenerationException,"{valid=false, keywordLocation=http://json-schema.org/draft-04/schema, absoluteKeywordLocation=http://json-schema.org/draft-04/schema, instanceLocation=, errors=[{valid=false, error=Expected: [boolean] Found: [number, integer], keywordLocation=http://json-schema.org/draft-04/schema#/properties/exclusiveMinimum, absoluteKeywordLocation=http://json-schema.org/draft-04/schema#/properties/exclusiveMinimum, instanceLocation=#/definitions/word/properties/b/exclusiveMinimum}, {valid=false, error=Missing dependency exclusiveMinimum -> minimum, keywordLocation=http://json-schema.org/draft-04/schema, absoluteKeywordLocation=http://json-schema.org/draft-04/schema, instanceLocation=#/definitions/word/properties/b}]}"
mod306,StandardGenerationException,"{valid=false, keywordLocation=http://json-schema.org/draft-04/schema, absoluteKeywordLocation=http://json-schema.org/draft-04/schema, instanceLocation=, errors=[{valid=false, error=Expected: [boolean] Found: [number, integer], keywordLocation=http://json-schema.org/draft-04/schema#/properties/exclusiveMinimum, absoluteKeywordLocation=http://json-schema.org/draft-04/schema#/properties/exclusiveMinimum, instanceLocation=#/definitions/word/properties/b/exclusiveMinimum}, {valid=false, error=Missing dependency exclusiveMinimum -> minimum, keywordLocation=http://json-schema.org/draft-04/schema, absoluteKeywordLocation=http://json-schema.org/draft-04/schema, instanceLocation=#/definitions/word/properties/b}]}"
