objectId,inSize,totalTime,loadSchema,initGenerator,generation,genSuccess,valid,fixed,nbAttempts
pNameFalse,63,346,91,215,10,true,false,true,3
string1,81,282,64,95,122,true,false,true,9
existsName1,85,84,10,72,1,true,false,true,3
oneof6,88,8,StandardGenerationException,,,,,,
oneof12,96,6,StandardGenerationException,,,,,,
test,104,2341,8,39,2294,true,false,true,1000
notnames1,142,72,27,43,1,true,false,true,3
num0,150,5,StandardGenerationException,,,,,,
dep1,156,34,6,27,1,true,true,true,4
oneof10,172,35,6,27,2,true,true,false,0
oneOf1,179,36,6,29,1,true,false,true,3
oneOf2,180,38,6,31,1,true,false,true,3
string2,180,184,7,29,147,true,false,true,9
key1,206,37,5,28,4,true,false,true,7
key2,226,35,5,29,1,true,true,true,2
dep2,229,38,7,30,1,true,true,true,6
oneof5,235,36,6,30,0,true,true,false,0
oneof11,236,34,5,28,0,true,true,false,0
oneof13,244,32,5,26,1,true,false,true,3
test.NoType,248,47,4,41,2,true,true,true,2
oneOf3,250,28,4,22,1,true,false,true,3
dep3,254,28,3,23,1,true,false,true,5
pnmp1,257,28,4,24,0,true,false,true,3
pnmp10,257,27,4,22,0,true,false,true,3
key3,261,26,4,21,0,true,false,true,5
oneof9,272,26,4,21,1,true,false,true,3
allOfPProp2,277,6,StandardGenerationException,,,,,,
oneOf10,284,28,6,22,0,true,false,true,2
oneOf8,291,8,StandardGenerationException,,,,,,
notnames2,295,46,20,26,0,true,false,false,0
allOfPProp1,313,6,StandardGenerationException,,,,,,
oneOf5,317,32,5,25,1,true,false,true,2
num2,324,36,8,25,1,true,false,false,0
oneOf7,331,7,StandardGenerationException,,,,,,
oneOf6,332,8,StandardGenerationException,,,,,,
oneof8,332,84,6,77,0,true,true,false,0
itemscontains1,358,44,5,29,JsonGeneratorException,,,,
itemscontains2,358,35,6,29,0,true,true,false,0
dep4,364,5,StandardGenerationException,,,,,,
dep5,364,5,StandardGenerationException,,,,,,
allOfPProp3,365,5,StandardGenerationException,,,,,,
num1,365,5,StandardGenerationException,,,,,,
pnmp2,368,35,5,29,1,true,false,true,3
key5,369,29,5,23,0,true,true,true,1
oneof1,369,24,4,19,1,true,false,true,2
oneOf9,375,6,StandardGenerationException,,,,,,
num3,382,25,5,19,1,true,false,false,0
eqmulok1,390,39,5,28,6,true,false,true,3
oneof2,400,29,6,22,1,true,false,true,2
key8,403,34,5,27,1,true,false,true,2
arr1,404,7,StandardGenerationException,,,,,,
key7,409,1116,4,27,1084,true,false,true,1000
length,409,27,6,20,1,true,true,true,5
string3,409,101,6,19,76,true,false,true,9
object4,414,37,5,31,1,true,false,true,3
key6,416,24,4,20,0,true,true,true,1
oneof3,423,5,StandardGenerationException,,,,,,
allIt1,426,6,StandardGenerationException,,,,,,
oneOf4,432,34,5,29,0,true,false,true,3
pnmp3,439,38,6,31,1,true,false,true,3
key4,453,28,6,22,0,true,false,true,5
string4,455,26,6,19,0,true,false,true,3
dep6,456,5,StandardGenerationException,,,,,,
dep7,456,7,StandardGenerationException,,,,,,
allOfPProp4,459,4,StandardGenerationException,,,,,,
key10,459,24,4,18,1,true,false,true,2
allIt2,463,6,StandardGenerationException,,,,,,
pnmp8,466,4,StandardGenerationException,,,,,,
key9,473,23,3,19,0,true,false,true,2
object1,476,26,6,19,0,true,false,true,3
object3,476,26,5,20,1,true,false,true,3
object2,477,24,4,18,1,true,false,true,3
notnames4,499,27,8,19,0,true,false,false,0
pnmp9,500,5,StandardGenerationException,,,,,,
oneofanyofitc1,501,23,4,19,0,true,false,true,3
oneofanyofitc2,501,24,4,19,0,true,false,true,3
oneofitemscontains1,501,24,5,19,0,true,false,true,3
oneofitemscontains2,501,25,4,19,1,true,false,true,3
pnmp6,502,25,4,20,0,true,false,true,3
pp3,503,4,StandardGenerationException,,,,,,
string5,503,26,6,18,1,true,false,true,3
notnames5,506,24,6,18,0,true,false,false,0
pnmp7,506,5,StandardGenerationException,,,,,,
dep8,508,5,StandardGenerationException,,,,,,
pnmp4,511,23,4,19,0,true,false,true,3
dep10,513,49,4,18,26,true,false,true,4
arr2,515,5,StandardGenerationException,,,,,,
num4,517,25,4,20,1,true,false,false,0
oneofanyofitc3,519,23,4,17,1,true,false,true,3
oneofanyofitc4,519,23,3,18,1,true,false,true,3
oneofitemscontains3,519,23,4,19,0,true,false,true,3
oneofitemscontains4,519,32,6,26,0,true,false,true,3
object5,539,26,5,20,0,true,false,true,3
dep9,540,37,5,19,13,true,false,true,5
notnames6,542,23,5,18,0,true,false,false,0
allOfPProp5,551,4,StandardGenerationException,,,,,,
pnmp5,551,25,3,21,0,true,false,true,3
allIt10,553,5,StandardGenerationException,,,,,,
allOfPProp6,560,4,StandardGenerationException,,,,,,
allIt9,589,3,StandardGenerationException,,,,,,
eqmulok2,598,27,4,20,3,true,false,true,3
oneofitc2,609,6,StandardGenerationException,,,,,,
allIt6,621,5,StandardGenerationException,,,,,,
oneofitc4,627,5,StandardGenerationException,,,,,,
allIt8,654,5,StandardGenerationException,,,,,,
allOfPProp7,658,4,StandardGenerationException,,,,,,
object6,658,25,5,20,0,true,false,true,3
oneofpr1,659,23,4,18,0,true,false,true,4
oneofpr4,659,24,4,20,0,true,false,true,4
allOfPProp8,671,4,StandardGenerationException,,,,,,
oneofpr2,673,24,4,19,1,true,false,true,4
oneofanyofitc5,684,25,5,20,0,true,false,true,3
oneofitemscontains5,684,23,4,19,0,true,false,true,3
oneofanyofitc8,686,23,4,19,0,true,false,true,3
oneofitemscontains8,686,23,4,18,1,true,false,true,3
oneofanyofitc7,687,22,4,17,0,true,false,true,3
oneofitemscontains7,687,22,4,17,0,true,false,true,3
oneofanyofitc6,690,23,4,19,0,true,false,true,3
oneofitemscontains6,690,22,4,18,0,true,false,true,3
allOfPProp10,695,5,StandardGenerationException,,,,,,
pp2,697,4,StandardGenerationException,,,,,,
num5,700,3,StandardGenerationException,,,,,,
pp1,721,4,StandardGenerationException,,,,,,
allIt3,723,5,StandardGenerationException,,,,,,
object7,729,5,StandardGenerationException,,,,,,
allOfPProp9,735,4,StandardGenerationException,,,,,,
allany1,736,25,4,19,2,true,false,true,4
allone1,736,25,4,19,2,true,false,true,4
oneofpr3,749,26,4,21,1,true,false,true,4
allIt4,756,4,StandardGenerationException,,,,,,
object8,773,5,StandardGenerationException,,,,,,
notnames7,778,25,5,19,0,true,false,false,0
allIt7,810,5,StandardGenerationException,,,,,,
allIt5,835,5,StandardGenerationException,,,,,,
oneofpr5,854,23,4,19,0,true,false,true,4
oneofpr7,864,5,StandardGenerationException,,,,,,
oneofpr8,864,4,StandardGenerationException,,,,,,
oneofpr6,885,5,StandardGenerationException,,,,,,
allany7,920,72,3,67,2,true,false,true,3
allany8,920,25,4,18,2,true,false,true,3
allany2,946,25,4,18,3,true,false,true,4
allone2,946,23,3,17,2,true,false,true,4
allany9,970,4,StandardGenerationException,,,,,,
eqnmn1,970,22,2,17,2,true,false,true,3
allany4,1016,29,5,19,5,true,false,true,4
allone4,1016,24,3,18,2,true,false,true,4
mod3011,1034,1145,4,17,1124,true,false,true,1000
allany21,1035,45,25,18,2,true,false,true,4
iiok4,1087,23,4,18,1,true,true,false,0
allany6,1090,23,4,18,1,true,false,true,5
pp4,1108,4,StandardGenerationException,,,,,,
object9,1140,4,StandardGenerationException,,,,,,
object10,1163,21,3,17,0,true,false,true,3
imax4.2,1184,27,4,19,4,true,false,true,6
mini4.2,1184,26,6,18,2,true,false,true,3
imax4.1,1185,23,5,17,1,true,true,false,0
mini4.1,1185,23,4,18,1,true,false,true,3
emini4.1,1194,23,4,17,2,true,false,true,3
emini4.2,1194,24,5,17,2,true,false,true,3
iemax4.1,1194,25,5,18,1,true,true,false,0
iemax4.2,1194,25,4,17,4,true,false,true,6
mod307,1197,6,StandardGenerationException,,,,,,
mm4.2,1203,24,4,18,2,true,false,true,3
mod3010,1204,4,StandardGenerationException,,,,,,
mm4.1,1205,22,4,16,2,true,false,true,3
emm4.2,1212,20,3,16,1,true,false,true,3
mem4.2,1212,21,3,17,1,true,false,true,3
emm4.1,1214,22,4,16,2,true,false,true,3
mem4.1,1214,21,4,16,1,true,false,true,3
emem4.2,1221,22,4,17,1,true,false,true,3
emem4.1,1223,22,3,18,1,true,false,true,3
eqnmn4,1239,21,3,17,1,true,false,true,3
allany11,1382,3,StandardGenerationException,,,,,,
allany12,1428,38,4,17,17,true,false,true,10
mod302,1442,24,4,17,3,true,false,true,3
allany13,1471,65,6,16,43,true,false,true,8
mod303,1529,21,3,16,1,true,false,true,3
notnames9,1700,21,3,17,0,true,false,true,3
mod305,1775,3,StandardGenerationException,,,,,,
mod308,1777,5,StandardGenerationException,,,,,,
notnames10,1789,24,4,17,3,true,true,false,0
mod309,1810,5,StandardGenerationException,,,,,,
mod306,1834,6,StandardGenerationException,,,,,,
mod30,1901,28,6,20,2,true,false,true,3
mod301,1901,25,5,19,1,true,false,true,3
format1,1990,1053,7,18,1028,true,false,true,1000
mod304,2121,25,6,17,1,true,false,true,3
allany15,2161,25,5,18,1,true,false,true,4
allany19,2165,39,5,18,16,true,true,true,5
allany16,2207,25,6,17,1,true,false,true,4
allany14,2212,23,5,16,1,true,false,true,4
allany22,2280,37,4,17,16,true,true,true,5
allany17,2342,22,4,16,1,true,false,true,4
allany20,2367,43,5,16,22,true,false,true,6
allany23,2379,44,5,17,22,true,false,true,6
testwp9,83694,88,61,18,1,true,true,true,10
testwp98,111978,65,42,18,1,true,true,false,0
