objectId,inSize,totalTime,loadSchema,initGenerator,generation,genSuccess,valid
wp_10_Normalized,1721,994,269,516,156,true,true
wp_57_Normalized,3211,323,69,232,18,true,true
wp_103_Normalized,3621,275,57,198,18,true,true
wp_11_Normalized,5304,414,207,183,23,true,true
wp_12_Normalized,5757,235,68,144,22,true,true
wp_16_Normalized,5990,212,53,141,16,true,true
wp_2_Normalized,8902,214,56,139,18,true,true
wp_1_Normalized,104992,484,320,133,12,true,true
wp_9_Normalized,105788,357,180,143,14,true,true
wp_5_Normalized,108152,373,215,137,12,true,true
wp_0_Normalized,109060,355,199,125,25,true,true
wp_7_Normalized,116261,334,185,107,11,true,true
wp_124_Normalized,120959,289,177,97,9,true,true
