{"timestamp":7470938,"totalAttempts":14,"previousAttempts":[{"ListErrors":[{"typeError":"MissingPropertyError","messageError":"Missing property organization_id","path":"","doc":"{}","value":"{}"},{"typeError":"MissingPropertyError","messageError":"Missing property id","path":"","doc":"{organization_id=0}","value":"{organization_id=0}"},{"typeError":"MissingPropertyError","messageError":"Missing property published","path":"","doc":"{organization_id=0, id=0}","value":"{organization_id=0, id=0}"},{"typeError":"MissingPropertyError","messageError":"Missing property type","path":"","doc":"{organization_id=0, id=0, published=0}","value":"{organization_id=0, id=0, published=0}"},{"typeError":"MissingPropertyError","messageError":"Missing property operation","path":"","doc":"{organization_id=0, id=0, published=0, type=0}","value":"{organization_id=0, id=0, published=0, type=0}"},{"typeError":"MissingPropertyError","messageError":"Missing property branch","path":"","doc":"{organization_id=0, id=0, published=0, type=0, operation=0}","value":"{organization_id=0, id=0, published=0, type=0, operation=0}"},{"typeError":"TypeError","messageError":"Expected: [string] Found: [number, integer]","path":"#/organization_id","doc":"0","value":"{organization_id=0, id=0, published=0, type=0, operation=0, branch=0}"},{"typeError":"TypeError","messageError":"Expected: [string] Found: [number, integer]","path":"#/id","doc":"0","value":"{organization_id=, id=0, published=0, type=0, operation=0, branch=0}"},{"typeError":"TypeError","messageError":"Expected: [boolean] Found: [number, integer]","path":"#/published","doc":"0","value":"{organization_id=, id=, published=0, type=0, operation=0, branch=0}"},{"typeError":"TypeError","messageError":"Expected: [string] Found: [number, integer]","path":"#/type","doc":"0","value":"{organization_id=, id=, published=false, type=0, operation=0, branch=0}"},{"typeError":"EnumError","messageError":"Object not in enums: [clavis-operation]","path":"#/type","doc":"","value":"{organization_id=, id=, published=false, type=, operation=0, branch=0}"},{"typeError":"TypeError","messageError":"Expected: [string] Found: [number, integer]","path":"#/operation","doc":"0","value":"{organization_id=, id=, published=false, type=clavis-operation, operation=0, branch=0}"},{"typeError":"EnumError","messageError":"Object not in enums: [update]","path":"#/operation","doc":"","value":"{organization_id=, id=, published=false, type=clavis-operation, operation=, branch=0}"},{"typeError":"TypeError","messageError":"Expected: [string] Found: [number, integer]","path":"#/branch","doc":"0","value":"{organization_id=, id=, published=false, type=clavis-operation, operation=update, branch=0}"}],"attempt":"1","value":"{organization_id=0}"},{"ListErrors":[{"typeError":"MissingPropertyError","messageError":"Missing property organization_id","path":"","doc":"{}","value":"{}"},{"typeError":"MissingPropertyError","messageError":"Missing property id","path":"","doc":"{organization_id=0}","value":"{organization_id=0}"},{"typeError":"MissingPropertyError","messageError":"Missing property published","path":"","doc":"{organization_id=0, id=0}","value":"{organization_id=0, id=0}"},{"typeError":"MissingPropertyError","messageError":"Missing property type","path":"","doc":"{organization_id=0, id=0, published=0}","value":"{organization_id=0, id=0, published=0}"},{"typeError":"MissingPropertyError","messageError":"Missing property operation","path":"","doc":"{organization_id=0, id=0, published=0, type=0}","value":"{organization_id=0, id=0, published=0, type=0}"},{"typeError":"MissingPropertyError","messageError":"Missing property branch","path":"","doc":"{organization_id=0, id=0, published=0, type=0, operation=0}","value":"{organization_id=0, id=0, published=0, type=0, operation=0}"},{"typeError":"TypeError","messageError":"Expected: [string] Found: [number, integer]","path":"#/organization_id","doc":"0","value":"{organization_id=0, id=0, published=0, type=0, operation=0, branch=0}"},{"typeError":"TypeError","messageError":"Expected: [string] Found: [number, integer]","path":"#/id","doc":"0","value":"{organization_id=, id=0, published=0, type=0, operation=0, branch=0}"},{"typeError":"TypeError","messageError":"Expected: [boolean] Found: [number, integer]","path":"#/published","doc":"0","value":"{organization_id=, id=, published=0, type=0, operation=0, branch=0}"},{"typeError":"TypeError","messageError":"Expected: [string] Found: [number, integer]","path":"#/type","doc":"0","value":"{organization_id=, id=, published=false, type=0, operation=0, branch=0}"},{"typeError":"EnumError","messageError":"Object not in enums: [clavis-operation]","path":"#/type","doc":"","value":"{organization_id=, id=, published=false, type=, operation=0, branch=0}"},{"typeError":"TypeError","messageError":"Expected: [string] Found: [number, integer]","path":"#/operation","doc":"0","value":"{organization_id=, id=, published=false, type=clavis-operation, operation=0, branch=0}"},{"typeError":"EnumError","messageError":"Object not in enums: [update]","path":"#/operation","doc":"","value":"{organization_id=, id=, published=false, type=clavis-operation, operation=, branch=0}"},{"typeError":"TypeError","messageError":"Expected: [string] Found: [number, integer]","path":"#/branch","doc":"0","value":"{organization_id=, id=, published=false, type=clavis-operation, operation=update, branch=0}"}],"attempt":"2","value":"{organization_id=0, id=0}"},{"ListErrors":[{"typeError":"MissingPropertyError","messageError":"Missing property organization_id","path":"","doc":"{}","value":"{}"},{"typeError":"MissingPropertyError","messageError":"Missing property id","path":"","doc":"{organization_id=0}","value":"{organization_id=0}"},{"typeError":"MissingPropertyError","messageError":"Missing property published","path":"","doc":"{organization_id=0, id=0}","value":"{organization_id=0, id=0}"},{"typeError":"MissingPropertyError","messageError":"Missing property type","path":"","doc":"{organization_id=0, id=0, published=0}","value":"{organization_id=0, id=0, published=0}"},{"typeError":"MissingPropertyError","messageError":"Missing property operation","path":"","doc":"{organization_id=0, id=0, published=0, type=0}","value":"{organization_id=0, id=0, published=0, type=0}"},{"typeError":"MissingPropertyError","messageError":"Missing property branch","path":"","doc":"{organization_id=0, id=0, published=0, type=0, operation=0}","value":"{organization_id=0, id=0, published=0, type=0, operation=0}"},{"typeError":"TypeError","messageError":"Expected: [string] Found: [number, integer]","path":"#/organization_id","doc":"0","value":"{organization_id=0, id=0, published=0, type=0, operation=0, branch=0}"},{"typeError":"TypeError","messageError":"Expected: [string] Found: [number, integer]","path":"#/id","doc":"0","value":"{organization_id=, id=0, published=0, type=0, operation=0, branch=0}"},{"typeError":"TypeError","messageError":"Expected: [boolean] Found: [number, integer]","path":"#/published","doc":"0","value":"{organization_id=, id=, published=0, type=0, operation=0, branch=0}"},{"typeError":"TypeError","messageError":"Expected: [string] Found: [number, integer]","path":"#/type","doc":"0","value":"{organization_id=, id=, published=false, type=0, operation=0, branch=0}"},{"typeError":"EnumError","messageError":"Object not in enums: [clavis-operation]","path":"#/type","doc":"","value":"{organization_id=, id=, published=false, type=, operation=0, branch=0}"},{"typeError":"TypeError","messageError":"Expected: [string] Found: [number, integer]","path":"#/operation","doc":"0","value":"{organization_id=, id=, published=false, type=clavis-operation, operation=0, branch=0}"},{"typeError":"EnumError","messageError":"Object not in enums: [update]","path":"#/operation","doc":"","value":"{organization_id=, id=, published=false, type=clavis-operation, operation=, branch=0}"},{"typeError":"TypeError","messageError":"Expected: [string] Found: [number, integer]","path":"#/branch","doc":"0","value":"{organization_id=, id=, published=false, type=clavis-operation, operation=update, branch=0}"}],"attempt":"3","value":"{organization_id=0, id=0, published=0}"},{"ListErrors":[{"typeError":"MissingPropertyError","messageError":"Missing property organization_id","path":"","doc":"{}","value":"{}"},{"typeError":"MissingPropertyError","messageError":"Missing property id","path":"","doc":"{organization_id=0}","value":"{organization_id=0}"},{"typeError":"MissingPropertyError","messageError":"Missing property published","path":"","doc":"{organization_id=0, id=0}","value":"{organization_id=0, id=0}"},{"typeError":"MissingPropertyError","messageError":"Missing property type","path":"","doc":"{organization_id=0, id=0, published=0}","value":"{organization_id=0, id=0, published=0}"},{"typeError":"MissingPropertyError","messageError":"Missing property operation","path":"","doc":"{organization_id=0, id=0, published=0, type=0}","value":"{organization_id=0, id=0, published=0, type=0}"},{"typeError":"MissingPropertyError","messageError":"Missing property branch","path":"","doc":"{organization_id=0, id=0, published=0, type=0, operation=0}","value":"{organization_id=0, id=0, published=0, type=0, operation=0}"},{"typeError":"TypeError","messageError":"Expected: [string] Found: [number, integer]","path":"#/organization_id","doc":"0","value":"{organization_id=0, id=0, published=0, type=0, operation=0, branch=0}"},{"typeError":"TypeError","messageError":"Expected: [string] Found: [number, integer]","path":"#/id","doc":"0","value":"{organization_id=, id=0, published=0, type=0, operation=0, branch=0}"},{"typeError":"TypeError","messageError":"Expected: [boolean] Found: [number, integer]","path":"#/published","doc":"0","value":"{organization_id=, id=, published=0, type=0, operation=0, branch=0}"},{"typeError":"TypeError","messageError":"Expected: [string] Found: [number, integer]","path":"#/type","doc":"0","value":"{organization_id=, id=, published=false, type=0, operation=0, branch=0}"},{"typeError":"EnumError","messageError":"Object not in enums: [clavis-operation]","path":"#/type","doc":"","value":"{organization_id=, id=, published=false, type=, operation=0, branch=0}"},{"typeError":"TypeError","messageError":"Expected: [string] Found: [number, integer]","path":"#/operation","doc":"0","value":"{organization_id=, id=, published=false, type=clavis-operation, operation=0, branch=0}"},{"typeError":"EnumError","messageError":"Object not in enums: [update]","path":"#/operation","doc":"","value":"{organization_id=, id=, published=false, type=clavis-operation, operation=, branch=0}"},{"typeError":"TypeError","messageError":"Expected: [string] Found: [number, integer]","path":"#/branch","doc":"0","value":"{organization_id=, id=, published=false, type=clavis-operation, operation=update, branch=0}"}],"attempt":"4","value":"{organization_id=0, id=0, published=0, type=0}"},{"ListErrors":[{"typeError":"MissingPropertyError","messageError":"Missing property organization_id","path":"","doc":"{}","value":"{}"},{"typeError":"MissingPropertyError","messageError":"Missing property id","path":"","doc":"{organization_id=0}","value":"{organization_id=0}"},{"typeError":"MissingPropertyError","messageError":"Missing property published","path":"","doc":"{organization_id=0, id=0}","value":"{organization_id=0, id=0}"},{"typeError":"MissingPropertyError","messageError":"Missing property type","path":"","doc":"{organization_id=0, id=0, published=0}","value":"{organization_id=0, id=0, published=0}"},{"typeError":"MissingPropertyError","messageError":"Missing property operation","path":"","doc":"{organization_id=0, id=0, published=0, type=0}","value":"{organization_id=0, id=0, published=0, type=0}"},{"typeError":"MissingPropertyError","messageError":"Missing property branch","path":"","doc":"{organization_id=0, id=0, published=0, type=0, operation=0}","value":"{organization_id=0, id=0, published=0, type=0, operation=0}"},{"typeError":"TypeError","messageError":"Expected: [string] Found: [number, integer]","path":"#/organization_id","doc":"0","value":"{organization_id=0, id=0, published=0, type=0, operation=0, branch=0}"},{"typeError":"TypeError","messageError":"Expected: [string] Found: [number, integer]","path":"#/id","doc":"0","value":"{organization_id=, id=0, published=0, type=0, operation=0, branch=0}"},{"typeError":"TypeError","messageError":"Expected: [boolean] Found: [number, integer]","path":"#/published","doc":"0","value":"{organization_id=, id=, published=0, type=0, operation=0, branch=0}"},{"typeError":"TypeError","messageError":"Expected: [string] Found: [number, integer]","path":"#/type","doc":"0","value":"{organization_id=, id=, published=false, type=0, operation=0, branch=0}"},{"typeError":"EnumError","messageError":"Object not in enums: [clavis-operation]","path":"#/type","doc":"","value":"{organization_id=, id=, published=false, type=, operation=0, branch=0}"},{"typeError":"TypeError","messageError":"Expected: [string] Found: [number, integer]","path":"#/operation","doc":"0","value":"{organization_id=, id=, published=false, type=clavis-operation, operation=0, branch=0}"},{"typeError":"EnumError","messageError":"Object not in enums: [update]","path":"#/operation","doc":"","value":"{organization_id=, id=, published=false, type=clavis-operation, operation=, branch=0}"},{"typeError":"TypeError","messageError":"Expected: [string] Found: [number, integer]","path":"#/branch","doc":"0","value":"{organization_id=, id=, published=false, type=clavis-operation, operation=update, branch=0}"}],"attempt":"5","value":"{organization_id=0, id=0, published=0, type=0, operation=0}"},{"ListErrors":[{"typeError":"MissingPropertyError","messageError":"Missing property organization_id","path":"","doc":"{}","value":"{}"},{"typeError":"MissingPropertyError","messageError":"Missing property id","path":"","doc":"{organization_id=0}","value":"{organization_id=0}"},{"typeError":"MissingPropertyError","messageError":"Missing property published","path":"","doc":"{organization_id=0, id=0}","value":"{organization_id=0, id=0}"},{"typeError":"MissingPropertyError","messageError":"Missing property type","path":"","doc":"{organization_id=0, id=0, published=0}","value":"{organization_id=0, id=0, published=0}"},{"typeError":"MissingPropertyError","messageError":"Missing property operation","path":"","doc":"{organization_id=0, id=0, published=0, type=0}","value":"{organization_id=0, id=0, published=0, type=0}"},{"typeError":"MissingPropertyError","messageError":"Missing property branch","path":"","doc":"{organization_id=0, id=0, published=0, type=0, operation=0}","value":"{organization_id=0, id=0, published=0, type=0, operation=0}"},{"typeError":"TypeError","messageError":"Expected: [string] Found: [number, integer]","path":"#/organization_id","doc":"0","value":"{organization_id=0, id=0, published=0, type=0, operation=0, branch=0}"},{"typeError":"TypeError","messageError":"Expected: [string] Found: [number, integer]","path":"#/id","doc":"0","value":"{organization_id=, id=0, published=0, type=0, operation=0, branch=0}"},{"typeError":"TypeError","messageError":"Expected: [boolean] Found: [number, integer]","path":"#/published","doc":"0","value":"{organization_id=, id=, published=0, type=0, operation=0, branch=0}"},{"typeError":"TypeError","messageError":"Expected: [string] Found: [number, integer]","path":"#/type","doc":"0","value":"{organization_id=, id=, published=false, type=0, operation=0, branch=0}"},{"typeError":"EnumError","messageError":"Object not in enums: [clavis-operation]","path":"#/type","doc":"","value":"{organization_id=, id=, published=false, type=, operation=0, branch=0}"},{"typeError":"TypeError","messageError":"Expected: [string] Found: [number, integer]","path":"#/operation","doc":"0","value":"{organization_id=, id=, published=false, type=clavis-operation, operation=0, branch=0}"},{"typeError":"EnumError","messageError":"Object not in enums: [update]","path":"#/operation","doc":"","value":"{organization_id=, id=, published=false, type=clavis-operation, operation=, branch=0}"},{"typeError":"TypeError","messageError":"Expected: [string] Found: [number, integer]","path":"#/branch","doc":"0","value":"{organization_id=, id=, published=false, type=clavis-operation, operation=update, branch=0}"}],"attempt":"6","value":"{organization_id=0, id=0, published=0, type=0, operation=0, branch=0}"},{"ListErrors":[{"typeError":"MissingPropertyError","messageError":"Missing property organization_id","path":"","doc":"{}","value":"{}"},{"typeError":"MissingPropertyError","messageError":"Missing property id","path":"","doc":"{organization_id=0}","value":"{organization_id=0}"},{"typeError":"MissingPropertyError","messageError":"Missing property published","path":"","doc":"{organization_id=0, id=0}","value":"{organization_id=0, id=0}"},{"typeError":"MissingPropertyError","messageError":"Missing property type","path":"","doc":"{organization_id=0, id=0, published=0}","value":"{organization_id=0, id=0, published=0}"},{"typeError":"MissingPropertyError","messageError":"Missing property operation","path":"","doc":"{organization_id=0, id=0, published=0, type=0}","value":"{organization_id=0, id=0, published=0, type=0}"},{"typeError":"MissingPropertyError","messageError":"Missing property branch","path":"","doc":"{organization_id=0, id=0, published=0, type=0, operation=0}","value":"{organization_id=0, id=0, published=0, type=0, operation=0}"},{"typeError":"TypeError","messageError":"Expected: [string] Found: [number, integer]","path":"#/organization_id","doc":"0","value":"{organization_id=0, id=0, published=0, type=0, operation=0, branch=0}"},{"typeError":"TypeError","messageError":"Expected: [string] Found: [number, integer]","path":"#/id","doc":"0","value":"{organization_id=, id=0, published=0, type=0, operation=0, branch=0}"},{"typeError":"TypeError","messageError":"Expected: [boolean] Found: [number, integer]","path":"#/published","doc":"0","value":"{organization_id=, id=, published=0, type=0, operation=0, branch=0}"},{"typeError":"TypeError","messageError":"Expected: [string] Found: [number, integer]","path":"#/type","doc":"0","value":"{organization_id=, id=, published=false, type=0, operation=0, branch=0}"},{"typeError":"EnumError","messageError":"Object not in enums: [clavis-operation]","path":"#/type","doc":"","value":"{organization_id=, id=, published=false, type=, operation=0, branch=0}"},{"typeError":"TypeError","messageError":"Expected: [string] Found: [number, integer]","path":"#/operation","doc":"0","value":"{organization_id=, id=, published=false, type=clavis-operation, operation=0, branch=0}"},{"typeError":"EnumError","messageError":"Object not in enums: [update]","path":"#/operation","doc":"","value":"{organization_id=, id=, published=false, type=clavis-operation, operation=, branch=0}"},{"typeError":"TypeError","messageError":"Expected: [string] Found: [number, integer]","path":"#/branch","doc":"0","value":"{organization_id=, id=, published=false, type=clavis-operation, operation=update, branch=0}"}],"attempt":"7","value":"{organization_id=, id=0, published=0, type=0, operation=0, branch=0}"},{"ListErrors":[{"typeError":"MissingPropertyError","messageError":"Missing property organization_id","path":"","doc":"{}","value":"{}"},{"typeError":"MissingPropertyError","messageError":"Missing property id","path":"","doc":"{organization_id=0}","value":"{organization_id=0}"},{"typeError":"MissingPropertyError","messageError":"Missing property published","path":"","doc":"{organization_id=0, id=0}","value":"{organization_id=0, id=0}"},{"typeError":"MissingPropertyError","messageError":"Missing property type","path":"","doc":"{organization_id=0, id=0, published=0}","value":"{organization_id=0, id=0, published=0}"},{"typeError":"MissingPropertyError","messageError":"Missing property operation","path":"","doc":"{organization_id=0, id=0, published=0, type=0}","value":"{organization_id=0, id=0, published=0, type=0}"},{"typeError":"MissingPropertyError","messageError":"Missing property branch","path":"","doc":"{organization_id=0, id=0, published=0, type=0, operation=0}","value":"{organization_id=0, id=0, published=0, type=0, operation=0}"},{"typeError":"TypeError","messageError":"Expected: [string] Found: [number, integer]","path":"#/organization_id","doc":"0","value":"{organization_id=0, id=0, published=0, type=0, operation=0, branch=0}"},{"typeError":"TypeError","messageError":"Expected: [string] Found: [number, integer]","path":"#/id","doc":"0","value":"{organization_id=, id=0, published=0, type=0, operation=0, branch=0}"},{"typeError":"TypeError","messageError":"Expected: [boolean] Found: [number, integer]","path":"#/published","doc":"0","value":"{organization_id=, id=, published=0, type=0, operation=0, branch=0}"},{"typeError":"TypeError","messageError":"Expected: [string] Found: [number, integer]","path":"#/type","doc":"0","value":"{organization_id=, id=, published=false, type=0, operation=0, branch=0}"},{"typeError":"EnumError","messageError":"Object not in enums: [clavis-operation]","path":"#/type","doc":"","value":"{organization_id=, id=, published=false, type=, operation=0, branch=0}"},{"typeError":"TypeError","messageError":"Expected: [string] Found: [number, integer]","path":"#/operation","doc":"0","value":"{organization_id=, id=, published=false, type=clavis-operation, operation=0, branch=0}"},{"typeError":"EnumError","messageError":"Object not in enums: [update]","path":"#/operation","doc":"","value":"{organization_id=, id=, published=false, type=clavis-operation, operation=, branch=0}"},{"typeError":"TypeError","messageError":"Expected: [string] Found: [number, integer]","path":"#/branch","doc":"0","value":"{organization_id=, id=, published=false, type=clavis-operation, operation=update, branch=0}"}],"attempt":"8","value":"{organization_id=, id=, published=0, type=0, operation=0, branch=0}"},{"ListErrors":[{"typeError":"MissingPropertyError","messageError":"Missing property organization_id","path":"","doc":"{}","value":"{}"},{"typeError":"MissingPropertyError","messageError":"Missing property id","path":"","doc":"{organization_id=0}","value":"{organization_id=0}"},{"typeError":"MissingPropertyError","messageError":"Missing property published","path":"","doc":"{organization_id=0, id=0}","value":"{organization_id=0, id=0}"},{"typeError":"MissingPropertyError","messageError":"Missing property type","path":"","doc":"{organization_id=0, id=0, published=0}","value":"{organization_id=0, id=0, published=0}"},{"typeError":"MissingPropertyError","messageError":"Missing property operation","path":"","doc":"{organization_id=0, id=0, published=0, type=0}","value":"{organization_id=0, id=0, published=0, type=0}"},{"typeError":"MissingPropertyError","messageError":"Missing property branch","path":"","doc":"{organization_id=0, id=0, published=0, type=0, operation=0}","value":"{organization_id=0, id=0, published=0, type=0, operation=0}"},{"typeError":"TypeError","messageError":"Expected: [string] Found: [number, integer]","path":"#/organization_id","doc":"0","value":"{organization_id=0, id=0, published=0, type=0, operation=0, branch=0}"},{"typeError":"TypeError","messageError":"Expected: [string] Found: [number, integer]","path":"#/id","doc":"0","value":"{organization_id=, id=0, published=0, type=0, operation=0, branch=0}"},{"typeError":"TypeError","messageError":"Expected: [boolean] Found: [number, integer]","path":"#/published","doc":"0","value":"{organization_id=, id=, published=0, type=0, operation=0, branch=0}"},{"typeError":"TypeError","messageError":"Expected: [string] Found: [number, integer]","path":"#/type","doc":"0","value":"{organization_id=, id=, published=false, type=0, operation=0, branch=0}"},{"typeError":"EnumError","messageError":"Object not in enums: [clavis-operation]","path":"#/type","doc":"","value":"{organization_id=, id=, published=false, type=, operation=0, branch=0}"},{"typeError":"TypeError","messageError":"Expected: [string] Found: [number, integer]","path":"#/operation","doc":"0","value":"{organization_id=, id=, published=false, type=clavis-operation, operation=0, branch=0}"},{"typeError":"EnumError","messageError":"Object not in enums: [update]","path":"#/operation","doc":"","value":"{organization_id=, id=, published=false, type=clavis-operation, operation=, branch=0}"},{"typeError":"TypeError","messageError":"Expected: [string] Found: [number, integer]","path":"#/branch","doc":"0","value":"{organization_id=, id=, published=false, type=clavis-operation, operation=update, branch=0}"}],"attempt":"9","value":"{organization_id=, id=, published=false, type=0, operation=0, branch=0}"},{"ListErrors":[{"typeError":"MissingPropertyError","messageError":"Missing property organization_id","path":"","doc":"{}","value":"{}"},{"typeError":"MissingPropertyError","messageError":"Missing property id","path":"","doc":"{organization_id=0}","value":"{organization_id=0}"},{"typeError":"MissingPropertyError","messageError":"Missing property published","path":"","doc":"{organization_id=0, id=0}","value":"{organization_id=0, id=0}"},{"typeError":"MissingPropertyError","messageError":"Missing property type","path":"","doc":"{organization_id=0, id=0, published=0}","value":"{organization_id=0, id=0, published=0}"},{"typeError":"MissingPropertyError","messageError":"Missing property operation","path":"","doc":"{organization_id=0, id=0, published=0, type=0}","value":"{organization_id=0, id=0, published=0, type=0}"},{"typeError":"MissingPropertyError","messageError":"Missing property branch","path":"","doc":"{organization_id=0, id=0, published=0, type=0, operation=0}","value":"{organization_id=0, id=0, published=0, type=0, operation=0}"},{"typeError":"TypeError","messageError":"Expected: [string] Found: [number, integer]","path":"#/organization_id","doc":"0","value":"{organization_id=0, id=0, published=0, type=0, operation=0, branch=0}"},{"typeError":"TypeError","messageError":"Expected: [string] Found: [number, integer]","path":"#/id","doc":"0","value":"{organization_id=, id=0, published=0, type=0, operation=0, branch=0}"},{"typeError":"TypeError","messageError":"Expected: [boolean] Found: [number, integer]","path":"#/published","doc":"0","value":"{organization_id=, id=, published=0, type=0, operation=0, branch=0}"},{"typeError":"TypeError","messageError":"Expected: [string] Found: [number, integer]","path":"#/type","doc":"0","value":"{organization_id=, id=, published=false, type=0, operation=0, branch=0}"},{"typeError":"EnumError","messageError":"Object not in enums: [clavis-operation]","path":"#/type","doc":"","value":"{organization_id=, id=, published=false, type=, operation=0, branch=0}"},{"typeError":"TypeError","messageError":"Expected: [string] Found: [number, integer]","path":"#/operation","doc":"0","value":"{organization_id=, id=, published=false, type=clavis-operation, operation=0, branch=0}"},{"typeError":"EnumError","messageError":"Object not in enums: [update]","path":"#/operation","doc":"","value":"{organization_id=, id=, published=false, type=clavis-operation, operation=, branch=0}"},{"typeError":"TypeError","messageError":"Expected: [string] Found: [number, integer]","path":"#/branch","doc":"0","value":"{organization_id=, id=, published=false, type=clavis-operation, operation=update, branch=0}"}],"attempt":"10","value":"{organization_id=, id=, published=false, type=, operation=0, branch=0}"},{"ListErrors":[{"typeError":"MissingPropertyError","messageError":"Missing property organization_id","path":"","doc":"{}","value":"{}"},{"typeError":"MissingPropertyError","messageError":"Missing property id","path":"","doc":"{organization_id=0}","value":"{organization_id=0}"},{"typeError":"MissingPropertyError","messageError":"Missing property published","path":"","doc":"{organization_id=0, id=0}","value":"{organization_id=0, id=0}"},{"typeError":"MissingPropertyError","messageError":"Missing property type","path":"","doc":"{organization_id=0, id=0, published=0}","value":"{organization_id=0, id=0, published=0}"},{"typeError":"MissingPropertyError","messageError":"Missing property operation","path":"","doc":"{organization_id=0, id=0, published=0, type=0}","value":"{organization_id=0, id=0, published=0, type=0}"},{"typeError":"MissingPropertyError","messageError":"Missing property branch","path":"","doc":"{organization_id=0, id=0, published=0, type=0, operation=0}","value":"{organization_id=0, id=0, published=0, type=0, operation=0}"},{"typeError":"TypeError","messageError":"Expected: [string] Found: [number, integer]","path":"#/organization_id","doc":"0","value":"{organization_id=0, id=0, published=0, type=0, operation=0, branch=0}"},{"typeError":"TypeError","messageError":"Expected: [string] Found: [number, integer]","path":"#/id","doc":"0","value":"{organization_id=, id=0, published=0, type=0, operation=0, branch=0}"},{"typeError":"TypeError","messageError":"Expected: [boolean] Found: [number, integer]","path":"#/published","doc":"0","value":"{organization_id=, id=, published=0, type=0, operation=0, branch=0}"},{"typeError":"TypeError","messageError":"Expected: [string] Found: [number, integer]","path":"#/type","doc":"0","value":"{organization_id=, id=, published=false, type=0, operation=0, branch=0}"},{"typeError":"EnumError","messageError":"Object not in enums: [clavis-operation]","path":"#/type","doc":"","value":"{organization_id=, id=, published=false, type=, operation=0, branch=0}"},{"typeError":"TypeError","messageError":"Expected: [string] Found: [number, integer]","path":"#/operation","doc":"0","value":"{organization_id=, id=, published=false, type=clavis-operation, operation=0, branch=0}"},{"typeError":"EnumError","messageError":"Object not in enums: [update]","path":"#/operation","doc":"","value":"{organization_id=, id=, published=false, type=clavis-operation, operation=, branch=0}"},{"typeError":"TypeError","messageError":"Expected: [string] Found: [number, integer]","path":"#/branch","doc":"0","value":"{organization_id=, id=, published=false, type=clavis-operation, operation=update, branch=0}"}],"attempt":"11","value":"{organization_id=, id=, published=false, type=clavis-operation, operation=0, branch=0}"},{"ListErrors":[{"typeError":"MissingPropertyError","messageError":"Missing property organization_id","path":"","doc":"{}","value":"{}"},{"typeError":"MissingPropertyError","messageError":"Missing property id","path":"","doc":"{organization_id=0}","value":"{organization_id=0}"},{"typeError":"MissingPropertyError","messageError":"Missing property published","path":"","doc":"{organization_id=0, id=0}","value":"{organization_id=0, id=0}"},{"typeError":"MissingPropertyError","messageError":"Missing property type","path":"","doc":"{organization_id=0, id=0, published=0}","value":"{organization_id=0, id=0, published=0}"},{"typeError":"MissingPropertyError","messageError":"Missing property operation","path":"","doc":"{organization_id=0, id=0, published=0, type=0}","value":"{organization_id=0, id=0, published=0, type=0}"},{"typeError":"MissingPropertyError","messageError":"Missing property branch","path":"","doc":"{organization_id=0, id=0, published=0, type=0, operation=0}","value":"{organization_id=0, id=0, published=0, type=0, operation=0}"},{"typeError":"TypeError","messageError":"Expected: [string] Found: [number, integer]","path":"#/organization_id","doc":"0","value":"{organization_id=0, id=0, published=0, type=0, operation=0, branch=0}"},{"typeError":"TypeError","messageError":"Expected: [string] Found: [number, integer]","path":"#/id","doc":"0","value":"{organization_id=, id=0, published=0, type=0, operation=0, branch=0}"},{"typeError":"TypeError","messageError":"Expected: [boolean] Found: [number, integer]","path":"#/published","doc":"0","value":"{organization_id=, id=, published=0, type=0, operation=0, branch=0}"},{"typeError":"TypeError","messageError":"Expected: [string] Found: [number, integer]","path":"#/type","doc":"0","value":"{organization_id=, id=, published=false, type=0, operation=0, branch=0}"},{"typeError":"EnumError","messageError":"Object not in enums: [clavis-operation]","path":"#/type","doc":"","value":"{organization_id=, id=, published=false, type=, operation=0, branch=0}"},{"typeError":"TypeError","messageError":"Expected: [string] Found: [number, integer]","path":"#/operation","doc":"0","value":"{organization_id=, id=, published=false, type=clavis-operation, operation=0, branch=0}"},{"typeError":"EnumError","messageError":"Object not in enums: [update]","path":"#/operation","doc":"","value":"{organization_id=, id=, published=false, type=clavis-operation, operation=, branch=0}"},{"typeError":"TypeError","messageError":"Expected: [string] Found: [number, integer]","path":"#/branch","doc":"0","value":"{organization_id=, id=, published=false, type=clavis-operation, operation=update, branch=0}"}],"attempt":"12","value":"{organization_id=, id=, published=false, type=clavis-operation, operation=, branch=0}"},{"ListErrors":[{"typeError":"MissingPropertyError","messageError":"Missing property organization_id","path":"","doc":"{}","value":"{}"},{"typeError":"MissingPropertyError","messageError":"Missing property id","path":"","doc":"{organization_id=0}","value":"{organization_id=0}"},{"typeError":"MissingPropertyError","messageError":"Missing property published","path":"","doc":"{organization_id=0, id=0}","value":"{organization_id=0, id=0}"},{"typeError":"MissingPropertyError","messageError":"Missing property type","path":"","doc":"{organization_id=0, id=0, published=0}","value":"{organization_id=0, id=0, published=0}"},{"typeError":"MissingPropertyError","messageError":"Missing property operation","path":"","doc":"{organization_id=0, id=0, published=0, type=0}","value":"{organization_id=0, id=0, published=0, type=0}"},{"typeError":"MissingPropertyError","messageError":"Missing property branch","path":"","doc":"{organization_id=0, id=0, published=0, type=0, operation=0}","value":"{organization_id=0, id=0, published=0, type=0, operation=0}"},{"typeError":"TypeError","messageError":"Expected: [string] Found: [number, integer]","path":"#/organization_id","doc":"0","value":"{organization_id=0, id=0, published=0, type=0, operation=0, branch=0}"},{"typeError":"TypeError","messageError":"Expected: [string] Found: [number, integer]","path":"#/id","doc":"0","value":"{organization_id=, id=0, published=0, type=0, operation=0, branch=0}"},{"typeError":"TypeError","messageError":"Expected: [boolean] Found: [number, integer]","path":"#/published","doc":"0","value":"{organization_id=, id=, published=0, type=0, operation=0, branch=0}"},{"typeError":"TypeError","messageError":"Expected: [string] Found: [number, integer]","path":"#/type","doc":"0","value":"{organization_id=, id=, published=false, type=0, operation=0, branch=0}"},{"typeError":"EnumError","messageError":"Object not in enums: [clavis-operation]","path":"#/type","doc":"","value":"{organization_id=, id=, published=false, type=, operation=0, branch=0}"},{"typeError":"TypeError","messageError":"Expected: [string] Found: [number, integer]","path":"#/operation","doc":"0","value":"{organization_id=, id=, published=false, type=clavis-operation, operation=0, branch=0}"},{"typeError":"EnumError","messageError":"Object not in enums: [update]","path":"#/operation","doc":"","value":"{organization_id=, id=, published=false, type=clavis-operation, operation=, branch=0}"},{"typeError":"TypeError","messageError":"Expected: [string] Found: [number, integer]","path":"#/branch","doc":"0","value":"{organization_id=, id=, published=false, type=clavis-operation, operation=update, branch=0}"}],"attempt":"13","value":"{organization_id=, id=, published=false, type=clavis-operation, operation=update, branch=0}"},{"ListErrors":[{"typeError":"MissingPropertyError","messageError":"Missing property organization_id","path":"","doc":"{}","value":"{}"},{"typeError":"MissingPropertyError","messageError":"Missing property id","path":"","doc":"{organization_id=0}","value":"{organization_id=0}"},{"typeError":"MissingPropertyError","messageError":"Missing property published","path":"","doc":"{organization_id=0, id=0}","value":"{organization_id=0, id=0}"},{"typeError":"MissingPropertyError","messageError":"Missing property type","path":"","doc":"{organization_id=0, id=0, published=0}","value":"{organization_id=0, id=0, published=0}"},{"typeError":"MissingPropertyError","messageError":"Missing property operation","path":"","doc":"{organization_id=0, id=0, published=0, type=0}","value":"{organization_id=0, id=0, published=0, type=0}"},{"typeError":"MissingPropertyError","messageError":"Missing property branch","path":"","doc":"{organization_id=0, id=0, published=0, type=0, operation=0}","value":"{organization_id=0, id=0, published=0, type=0, operation=0}"},{"typeError":"TypeError","messageError":"Expected: [string] Found: [number, integer]","path":"#/organization_id","doc":"0","value":"{organization_id=0, id=0, published=0, type=0, operation=0, branch=0}"},{"typeError":"TypeError","messageError":"Expected: [string] Found: [number, integer]","path":"#/id","doc":"0","value":"{organization_id=, id=0, published=0, type=0, operation=0, branch=0}"},{"typeError":"TypeError","messageError":"Expected: [boolean] Found: [number, integer]","path":"#/published","doc":"0","value":"{organization_id=, id=, published=0, type=0, operation=0, branch=0}"},{"typeError":"TypeError","messageError":"Expected: [string] Found: [number, integer]","path":"#/type","doc":"0","value":"{organization_id=, id=, published=false, type=0, operation=0, branch=0}"},{"typeError":"EnumError","messageError":"Object not in enums: [clavis-operation]","path":"#/type","doc":"","value":"{organization_id=, id=, published=false, type=, operation=0, branch=0}"},{"typeError":"TypeError","messageError":"Expected: [string] Found: [number, integer]","path":"#/operation","doc":"0","value":"{organization_id=, id=, published=false, type=clavis-operation, operation=0, branch=0}"},{"typeError":"EnumError","messageError":"Object not in enums: [update]","path":"#/operation","doc":"","value":"{organization_id=, id=, published=false, type=clavis-operation, operation=, branch=0}"},{"typeError":"TypeError","messageError":"Expected: [string] Found: [number, integer]","path":"#/branch","doc":"0","value":"{organization_id=, id=, published=false, type=clavis-operation, operation=update, branch=0}"}],"attempt":"14","value":"{organization_id=, id=, published=false, type=clavis-operation, operation=update, branch=}"}],"listError":[{"typeError":"MissingPropertyError","messageError":"Missing property organization_id","path":"","doc":"{}","value":"{}"},{"typeError":"MissingPropertyError","messageError":"Missing property id","path":"","doc":"{organization_id=0}","value":"{organization_id=0}"},{"typeError":"MissingPropertyError","messageError":"Missing property published","path":"","doc":"{organization_id=0, id=0}","value":"{organization_id=0, id=0}"},{"typeError":"MissingPropertyError","messageError":"Missing property type","path":"","doc":"{organization_id=0, id=0, published=0}","value":"{organization_id=0, id=0, published=0}"},{"typeError":"MissingPropertyError","messageError":"Missing property operation","path":"","doc":"{organization_id=0, id=0, published=0, type=0}","value":"{organization_id=0, id=0, published=0, type=0}"},{"typeError":"MissingPropertyError","messageError":"Missing property branch","path":"","doc":"{organization_id=0, id=0, published=0, type=0, operation=0}","value":"{organization_id=0, id=0, published=0, type=0, operation=0}"},{"typeError":"TypeError","messageError":"Expected: [string] Found: [number, integer]","path":"#/organization_id","doc":"0","value":"{organization_id=0, id=0, published=0, type=0, operation=0, branch=0}"},{"typeError":"TypeError","messageError":"Expected: [string] Found: [number, integer]","path":"#/id","doc":"0","value":"{organization_id=, id=0, published=0, type=0, operation=0, branch=0}"},{"typeError":"TypeError","messageError":"Expected: [boolean] Found: [number, integer]","path":"#/published","doc":"0","value":"{organization_id=, id=, published=0, type=0, operation=0, branch=0}"},{"typeError":"TypeError","messageError":"Expected: [string] Found: [number, integer]","path":"#/type","doc":"0","value":"{organization_id=, id=, published=false, type=0, operation=0, branch=0}"},{"typeError":"EnumError","messageError":"Object not in enums: [clavis-operation]","path":"#/type","doc":"","value":"{organization_id=, id=, published=false, type=, operation=0, branch=0}"},{"typeError":"TypeError","messageError":"Expected: [string] Found: [number, integer]","path":"#/operation","doc":"0","value":"{organization_id=, id=, published=false, type=clavis-operation, operation=0, branch=0}"},{"typeError":"EnumError","messageError":"Object not in enums: [update]","path":"#/operation","doc":"","value":"{organization_id=, id=, published=false, type=clavis-operation, operation=, branch=0}"},{"typeError":"TypeError","messageError":"Expected: [string] Found: [number, integer]","path":"#/branch","doc":"0","value":"{organization_id=, id=, published=false, type=clavis-operation, operation=update, branch=0}"}],"finalValue":"{organization_id=, id=, published=false, type=clavis-operation, operation=update, branch=}","nameFile":"logwp_2_Normalized.json","uniqueData":false}