{"timestamp":9745872,"totalAttempts":1,"previousAttempts":[{"ListErrors":[{"typeError":"OneOfError","messageError":"More than one oneOf passed: file:/home/lyes/JSONGEN/competitors_analysis/expdataset/wp/dgFixed/wp_57_Normalized.json#/oneOf/0, file:/home/lyes/JSONGEN/competitors_analysis/expdataset/wp/dgFixed/wp_57_Normalized.json#/oneOf/1","path":"","doc":"1363740673","value":"1363740673"},{"typeError":"TypeError","messageError":"Expected: [object] Found: [number, integer]","path":"","doc":"1363740673","value":"1363740673"}],"attempt":"1","value":"{}"}],"listError":[{"typeError":"OneOfError","messageError":"More than one oneOf passed: file:/home/lyes/JSONGEN/competitors_analysis/expdataset/wp/dgFixed/wp_57_Normalized.json#/oneOf/0, file:/home/lyes/JSONGEN/competitors_analysis/expdataset/wp/dgFixed/wp_57_Normalized.json#/oneOf/1","path":"","doc":"1363740673","value":"1363740673"},{"typeError":"TypeError","messageError":"Expected: [object] Found: [number, integer]","path":"","doc":"1363740673","value":"1363740673"}],"finalValue":"{}","nameFile":"logwp_57_Normalized.json","uniqueData":false}