{"timestamp":4909549,"totalAttempts":10,"previousAttempts":[{"ListErrors":[{"typeError":"MissingPropertyError","messageError":"Missing property organization_id","path":"","doc":"{}","value":"{}"},{"typeError":"MissingPropertyError","messageError":"Missing property id","path":"","doc":"{organization_id=0}","value":"{organization_id=0}"},{"typeError":"MissingPropertyError","messageError":"Missing property type","path":"","doc":"{organization_id=0, id=0}","value":"{organization_id=0, id=0}"},{"typeError":"MissingPropertyError","messageError":"Missing property operation","path":"","doc":"{organization_id=0, id=0, type=0}","value":"{organization_id=0, id=0, type=0}"},{"typeError":"TypeError","messageError":"Expected: [string] Found: [number, integer]","path":"#/organization_id","doc":"0","value":"{organization_id=0, id=0, type=0, operation=0}"},{"typeError":"TypeError","messageError":"Expected: [string] Found: [number, integer]","path":"#/id","doc":"0","value":"{organization_id=, id=0, type=0, operation=0}"},{"typeError":"TypeError","messageError":"Expected: [string] Found: [number, integer]","path":"#/type","doc":"0","value":"{organization_id=, id=, type=0, operation=0}"},{"typeError":"EnumError","messageError":"Object not in enums: [content-operation]","path":"#/type","doc":"","value":"{organization_id=, id=, type=, operation=0}"},{"typeError":"TypeError","messageError":"Expected: [string] Found: [number, integer]","path":"#/operation","doc":"0","value":"{organization_id=, id=, type=content-operation, operation=0}"},{"typeError":"EnumError","messageError":"Object not in enums: [insert-story, delete-story, insert-gallery, delete-gallery, insert-video, delete-video, insert-redirect, delete-redirect]","path":"#/operation","doc":"","value":"{organization_id=, id=, type=content-operation, operation=}"}],"attempt":"1","value":"{organization_id=0}"},{"ListErrors":[{"typeError":"MissingPropertyError","messageError":"Missing property organization_id","path":"","doc":"{}","value":"{}"},{"typeError":"MissingPropertyError","messageError":"Missing property id","path":"","doc":"{organization_id=0}","value":"{organization_id=0}"},{"typeError":"MissingPropertyError","messageError":"Missing property type","path":"","doc":"{organization_id=0, id=0}","value":"{organization_id=0, id=0}"},{"typeError":"MissingPropertyError","messageError":"Missing property operation","path":"","doc":"{organization_id=0, id=0, type=0}","value":"{organization_id=0, id=0, type=0}"},{"typeError":"TypeError","messageError":"Expected: [string] Found: [number, integer]","path":"#/organization_id","doc":"0","value":"{organization_id=0, id=0, type=0, operation=0}"},{"typeError":"TypeError","messageError":"Expected: [string] Found: [number, integer]","path":"#/id","doc":"0","value":"{organization_id=, id=0, type=0, operation=0}"},{"typeError":"TypeError","messageError":"Expected: [string] Found: [number, integer]","path":"#/type","doc":"0","value":"{organization_id=, id=, type=0, operation=0}"},{"typeError":"EnumError","messageError":"Object not in enums: [content-operation]","path":"#/type","doc":"","value":"{organization_id=, id=, type=, operation=0}"},{"typeError":"TypeError","messageError":"Expected: [string] Found: [number, integer]","path":"#/operation","doc":"0","value":"{organization_id=, id=, type=content-operation, operation=0}"},{"typeError":"EnumError","messageError":"Object not in enums: [insert-story, delete-story, insert-gallery, delete-gallery, insert-video, delete-video, insert-redirect, delete-redirect]","path":"#/operation","doc":"","value":"{organization_id=, id=, type=content-operation, operation=}"}],"attempt":"2","value":"{organization_id=0, id=0}"},{"ListErrors":[{"typeError":"MissingPropertyError","messageError":"Missing property organization_id","path":"","doc":"{}","value":"{}"},{"typeError":"MissingPropertyError","messageError":"Missing property id","path":"","doc":"{organization_id=0}","value":"{organization_id=0}"},{"typeError":"MissingPropertyError","messageError":"Missing property type","path":"","doc":"{organization_id=0, id=0}","value":"{organization_id=0, id=0}"},{"typeError":"MissingPropertyError","messageError":"Missing property operation","path":"","doc":"{organization_id=0, id=0, type=0}","value":"{organization_id=0, id=0, type=0}"},{"typeError":"TypeError","messageError":"Expected: [string] Found: [number, integer]","path":"#/organization_id","doc":"0","value":"{organization_id=0, id=0, type=0, operation=0}"},{"typeError":"TypeError","messageError":"Expected: [string] Found: [number, integer]","path":"#/id","doc":"0","value":"{organization_id=, id=0, type=0, operation=0}"},{"typeError":"TypeError","messageError":"Expected: [string] Found: [number, integer]","path":"#/type","doc":"0","value":"{organization_id=, id=, type=0, operation=0}"},{"typeError":"EnumError","messageError":"Object not in enums: [content-operation]","path":"#/type","doc":"","value":"{organization_id=, id=, type=, operation=0}"},{"typeError":"TypeError","messageError":"Expected: [string] Found: [number, integer]","path":"#/operation","doc":"0","value":"{organization_id=, id=, type=content-operation, operation=0}"},{"typeError":"EnumError","messageError":"Object not in enums: [insert-story, delete-story, insert-gallery, delete-gallery, insert-video, delete-video, insert-redirect, delete-redirect]","path":"#/operation","doc":"","value":"{organization_id=, id=, type=content-operation, operation=}"}],"attempt":"3","value":"{organization_id=0, id=0, type=0}"},{"ListErrors":[{"typeError":"MissingPropertyError","messageError":"Missing property organization_id","path":"","doc":"{}","value":"{}"},{"typeError":"MissingPropertyError","messageError":"Missing property id","path":"","doc":"{organization_id=0}","value":"{organization_id=0}"},{"typeError":"MissingPropertyError","messageError":"Missing property type","path":"","doc":"{organization_id=0, id=0}","value":"{organization_id=0, id=0}"},{"typeError":"MissingPropertyError","messageError":"Missing property operation","path":"","doc":"{organization_id=0, id=0, type=0}","value":"{organization_id=0, id=0, type=0}"},{"typeError":"TypeError","messageError":"Expected: [string] Found: [number, integer]","path":"#/organization_id","doc":"0","value":"{organization_id=0, id=0, type=0, operation=0}"},{"typeError":"TypeError","messageError":"Expected: [string] Found: [number, integer]","path":"#/id","doc":"0","value":"{organization_id=, id=0, type=0, operation=0}"},{"typeError":"TypeError","messageError":"Expected: [string] Found: [number, integer]","path":"#/type","doc":"0","value":"{organization_id=, id=, type=0, operation=0}"},{"typeError":"EnumError","messageError":"Object not in enums: [content-operation]","path":"#/type","doc":"","value":"{organization_id=, id=, type=, operation=0}"},{"typeError":"TypeError","messageError":"Expected: [string] Found: [number, integer]","path":"#/operation","doc":"0","value":"{organization_id=, id=, type=content-operation, operation=0}"},{"typeError":"EnumError","messageError":"Object not in enums: [insert-story, delete-story, insert-gallery, delete-gallery, insert-video, delete-video, insert-redirect, delete-redirect]","path":"#/operation","doc":"","value":"{organization_id=, id=, type=content-operation, operation=}"}],"attempt":"4","value":"{organization_id=0, id=0, type=0, operation=0}"},{"ListErrors":[{"typeError":"MissingPropertyError","messageError":"Missing property organization_id","path":"","doc":"{}","value":"{}"},{"typeError":"MissingPropertyError","messageError":"Missing property id","path":"","doc":"{organization_id=0}","value":"{organization_id=0}"},{"typeError":"MissingPropertyError","messageError":"Missing property type","path":"","doc":"{organization_id=0, id=0}","value":"{organization_id=0, id=0}"},{"typeError":"MissingPropertyError","messageError":"Missing property operation","path":"","doc":"{organization_id=0, id=0, type=0}","value":"{organization_id=0, id=0, type=0}"},{"typeError":"TypeError","messageError":"Expected: [string] Found: [number, integer]","path":"#/organization_id","doc":"0","value":"{organization_id=0, id=0, type=0, operation=0}"},{"typeError":"TypeError","messageError":"Expected: [string] Found: [number, integer]","path":"#/id","doc":"0","value":"{organization_id=, id=0, type=0, operation=0}"},{"typeError":"TypeError","messageError":"Expected: [string] Found: [number, integer]","path":"#/type","doc":"0","value":"{organization_id=, id=, type=0, operation=0}"},{"typeError":"EnumError","messageError":"Object not in enums: [content-operation]","path":"#/type","doc":"","value":"{organization_id=, id=, type=, operation=0}"},{"typeError":"TypeError","messageError":"Expected: [string] Found: [number, integer]","path":"#/operation","doc":"0","value":"{organization_id=, id=, type=content-operation, operation=0}"},{"typeError":"EnumError","messageError":"Object not in enums: [insert-story, delete-story, insert-gallery, delete-gallery, insert-video, delete-video, insert-redirect, delete-redirect]","path":"#/operation","doc":"","value":"{organization_id=, id=, type=content-operation, operation=}"}],"attempt":"5","value":"{organization_id=, id=0, type=0, operation=0}"},{"ListErrors":[{"typeError":"MissingPropertyError","messageError":"Missing property organization_id","path":"","doc":"{}","value":"{}"},{"typeError":"MissingPropertyError","messageError":"Missing property id","path":"","doc":"{organization_id=0}","value":"{organization_id=0}"},{"typeError":"MissingPropertyError","messageError":"Missing property type","path":"","doc":"{organization_id=0, id=0}","value":"{organization_id=0, id=0}"},{"typeError":"MissingPropertyError","messageError":"Missing property operation","path":"","doc":"{organization_id=0, id=0, type=0}","value":"{organization_id=0, id=0, type=0}"},{"typeError":"TypeError","messageError":"Expected: [string] Found: [number, integer]","path":"#/organization_id","doc":"0","value":"{organization_id=0, id=0, type=0, operation=0}"},{"typeError":"TypeError","messageError":"Expected: [string] Found: [number, integer]","path":"#/id","doc":"0","value":"{organization_id=, id=0, type=0, operation=0}"},{"typeError":"TypeError","messageError":"Expected: [string] Found: [number, integer]","path":"#/type","doc":"0","value":"{organization_id=, id=, type=0, operation=0}"},{"typeError":"EnumError","messageError":"Object not in enums: [content-operation]","path":"#/type","doc":"","value":"{organization_id=, id=, type=, operation=0}"},{"typeError":"TypeError","messageError":"Expected: [string] Found: [number, integer]","path":"#/operation","doc":"0","value":"{organization_id=, id=, type=content-operation, operation=0}"},{"typeError":"EnumError","messageError":"Object not in enums: [insert-story, delete-story, insert-gallery, delete-gallery, insert-video, delete-video, insert-redirect, delete-redirect]","path":"#/operation","doc":"","value":"{organization_id=, id=, type=content-operation, operation=}"}],"attempt":"6","value":"{organization_id=, id=, type=0, operation=0}"},{"ListErrors":[{"typeError":"MissingPropertyError","messageError":"Missing property organization_id","path":"","doc":"{}","value":"{}"},{"typeError":"MissingPropertyError","messageError":"Missing property id","path":"","doc":"{organization_id=0}","value":"{organization_id=0}"},{"typeError":"MissingPropertyError","messageError":"Missing property type","path":"","doc":"{organization_id=0, id=0}","value":"{organization_id=0, id=0}"},{"typeError":"MissingPropertyError","messageError":"Missing property operation","path":"","doc":"{organization_id=0, id=0, type=0}","value":"{organization_id=0, id=0, type=0}"},{"typeError":"TypeError","messageError":"Expected: [string] Found: [number, integer]","path":"#/organization_id","doc":"0","value":"{organization_id=0, id=0, type=0, operation=0}"},{"typeError":"TypeError","messageError":"Expected: [string] Found: [number, integer]","path":"#/id","doc":"0","value":"{organization_id=, id=0, type=0, operation=0}"},{"typeError":"TypeError","messageError":"Expected: [string] Found: [number, integer]","path":"#/type","doc":"0","value":"{organization_id=, id=, type=0, operation=0}"},{"typeError":"EnumError","messageError":"Object not in enums: [content-operation]","path":"#/type","doc":"","value":"{organization_id=, id=, type=, operation=0}"},{"typeError":"TypeError","messageError":"Expected: [string] Found: [number, integer]","path":"#/operation","doc":"0","value":"{organization_id=, id=, type=content-operation, operation=0}"},{"typeError":"EnumError","messageError":"Object not in enums: [insert-story, delete-story, insert-gallery, delete-gallery, insert-video, delete-video, insert-redirect, delete-redirect]","path":"#/operation","doc":"","value":"{organization_id=, id=, type=content-operation, operation=}"}],"attempt":"7","value":"{organization_id=, id=, type=, operation=0}"},{"ListErrors":[{"typeError":"MissingPropertyError","messageError":"Missing property organization_id","path":"","doc":"{}","value":"{}"},{"typeError":"MissingPropertyError","messageError":"Missing property id","path":"","doc":"{organization_id=0}","value":"{organization_id=0}"},{"typeError":"MissingPropertyError","messageError":"Missing property type","path":"","doc":"{organization_id=0, id=0}","value":"{organization_id=0, id=0}"},{"typeError":"MissingPropertyError","messageError":"Missing property operation","path":"","doc":"{organization_id=0, id=0, type=0}","value":"{organization_id=0, id=0, type=0}"},{"typeError":"TypeError","messageError":"Expected: [string] Found: [number, integer]","path":"#/organization_id","doc":"0","value":"{organization_id=0, id=0, type=0, operation=0}"},{"typeError":"TypeError","messageError":"Expected: [string] Found: [number, integer]","path":"#/id","doc":"0","value":"{organization_id=, id=0, type=0, operation=0}"},{"typeError":"TypeError","messageError":"Expected: [string] Found: [number, integer]","path":"#/type","doc":"0","value":"{organization_id=, id=, type=0, operation=0}"},{"typeError":"EnumError","messageError":"Object not in enums: [content-operation]","path":"#/type","doc":"","value":"{organization_id=, id=, type=, operation=0}"},{"typeError":"TypeError","messageError":"Expected: [string] Found: [number, integer]","path":"#/operation","doc":"0","value":"{organization_id=, id=, type=content-operation, operation=0}"},{"typeError":"EnumError","messageError":"Object not in enums: [insert-story, delete-story, insert-gallery, delete-gallery, insert-video, delete-video, insert-redirect, delete-redirect]","path":"#/operation","doc":"","value":"{organization_id=, id=, type=content-operation, operation=}"}],"attempt":"8","value":"{organization_id=, id=, type=content-operation, operation=0}"},{"ListErrors":[{"typeError":"MissingPropertyError","messageError":"Missing property organization_id","path":"","doc":"{}","value":"{}"},{"typeError":"MissingPropertyError","messageError":"Missing property id","path":"","doc":"{organization_id=0}","value":"{organization_id=0}"},{"typeError":"MissingPropertyError","messageError":"Missing property type","path":"","doc":"{organization_id=0, id=0}","value":"{organization_id=0, id=0}"},{"typeError":"MissingPropertyError","messageError":"Missing property operation","path":"","doc":"{organization_id=0, id=0, type=0}","value":"{organization_id=0, id=0, type=0}"},{"typeError":"TypeError","messageError":"Expected: [string] Found: [number, integer]","path":"#/organization_id","doc":"0","value":"{organization_id=0, id=0, type=0, operation=0}"},{"typeError":"TypeError","messageError":"Expected: [string] Found: [number, integer]","path":"#/id","doc":"0","value":"{organization_id=, id=0, type=0, operation=0}"},{"typeError":"TypeError","messageError":"Expected: [string] Found: [number, integer]","path":"#/type","doc":"0","value":"{organization_id=, id=, type=0, operation=0}"},{"typeError":"EnumError","messageError":"Object not in enums: [content-operation]","path":"#/type","doc":"","value":"{organization_id=, id=, type=, operation=0}"},{"typeError":"TypeError","messageError":"Expected: [string] Found: [number, integer]","path":"#/operation","doc":"0","value":"{organization_id=, id=, type=content-operation, operation=0}"},{"typeError":"EnumError","messageError":"Object not in enums: [insert-story, delete-story, insert-gallery, delete-gallery, insert-video, delete-video, insert-redirect, delete-redirect]","path":"#/operation","doc":"","value":"{organization_id=, id=, type=content-operation, operation=}"}],"attempt":"9","value":"{organization_id=, id=, type=content-operation, operation=}"},{"ListErrors":[{"typeError":"MissingPropertyError","messageError":"Missing property organization_id","path":"","doc":"{}","value":"{}"},{"typeError":"MissingPropertyError","messageError":"Missing property id","path":"","doc":"{organization_id=0}","value":"{organization_id=0}"},{"typeError":"MissingPropertyError","messageError":"Missing property type","path":"","doc":"{organization_id=0, id=0}","value":"{organization_id=0, id=0}"},{"typeError":"MissingPropertyError","messageError":"Missing property operation","path":"","doc":"{organization_id=0, id=0, type=0}","value":"{organization_id=0, id=0, type=0}"},{"typeError":"TypeError","messageError":"Expected: [string] Found: [number, integer]","path":"#/organization_id","doc":"0","value":"{organization_id=0, id=0, type=0, operation=0}"},{"typeError":"TypeError","messageError":"Expected: [string] Found: [number, integer]","path":"#/id","doc":"0","value":"{organization_id=, id=0, type=0, operation=0}"},{"typeError":"TypeError","messageError":"Expected: [string] Found: [number, integer]","path":"#/type","doc":"0","value":"{organization_id=, id=, type=0, operation=0}"},{"typeError":"EnumError","messageError":"Object not in enums: [content-operation]","path":"#/type","doc":"","value":"{organization_id=, id=, type=, operation=0}"},{"typeError":"TypeError","messageError":"Expected: [string] Found: [number, integer]","path":"#/operation","doc":"0","value":"{organization_id=, id=, type=content-operation, operation=0}"},{"typeError":"EnumError","messageError":"Object not in enums: [insert-story, delete-story, insert-gallery, delete-gallery, insert-video, delete-video, insert-redirect, delete-redirect]","path":"#/operation","doc":"","value":"{organization_id=, id=, type=content-operation, operation=}"}],"attempt":"10","value":"{organization_id=, id=, type=content-operation, operation=delete-redirect}"}],"listError":[{"typeError":"MissingPropertyError","messageError":"Missing property organization_id","path":"","doc":"{}","value":"{}"},{"typeError":"MissingPropertyError","messageError":"Missing property id","path":"","doc":"{organization_id=0}","value":"{organization_id=0}"},{"typeError":"MissingPropertyError","messageError":"Missing property type","path":"","doc":"{organization_id=0, id=0}","value":"{organization_id=0, id=0}"},{"typeError":"MissingPropertyError","messageError":"Missing property operation","path":"","doc":"{organization_id=0, id=0, type=0}","value":"{organization_id=0, id=0, type=0}"},{"typeError":"TypeError","messageError":"Expected: [string] Found: [number, integer]","path":"#/organization_id","doc":"0","value":"{organization_id=0, id=0, type=0, operation=0}"},{"typeError":"TypeError","messageError":"Expected: [string] Found: [number, integer]","path":"#/id","doc":"0","value":"{organization_id=, id=0, type=0, operation=0}"},{"typeError":"TypeError","messageError":"Expected: [string] Found: [number, integer]","path":"#/type","doc":"0","value":"{organization_id=, id=, type=0, operation=0}"},{"typeError":"EnumError","messageError":"Object not in enums: [content-operation]","path":"#/type","doc":"","value":"{organization_id=, id=, type=, operation=0}"},{"typeError":"TypeError","messageError":"Expected: [string] Found: [number, integer]","path":"#/operation","doc":"0","value":"{organization_id=, id=, type=content-operation, operation=0}"},{"typeError":"EnumError","messageError":"Object not in enums: [insert-story, delete-story, insert-gallery, delete-gallery, insert-video, delete-video, insert-redirect, delete-redirect]","path":"#/operation","doc":"","value":"{organization_id=, id=, type=content-operation, operation=}"}],"finalValue":"{organization_id=, id=, type=content-operation, operation=delete-redirect}","nameFile":"logwp_5_Normalized.json","uniqueData":false}