{"timestamp":9021075,"totalAttempts":9,"previousAttempts":[{"ListErrors":[{"typeError":"OneOfError","messageError":"More than one oneOf passed: file:/home/lyes/JSONGEN/competitors_analysis/expdataset/wp/dgFixed/wp_0_Normalized.json#/oneOf/0, file:/home/lyes/JSONGEN/competitors_analysis/expdataset/wp/dgFixed/wp_0_Normalized.json#/oneOf/1","path":"","doc":"1363740673","value":"1363740673"},{"typeError":"TypeError","messageError":"Expected: [object] Found: [number, integer]","path":"","doc":"1363740673","value":"1363740673"},{"typeError":"OneOfError","listErrorsIntern":[{"typeError":"MissingPropertyError","messageError":"Missing property streams","path":"","doc":"{}","value":"{}"},{"typeError":"MissingPropertyError","messageError":"Missing property source_url","path":"","doc":"{}","value":"{}"}]},{"typeError":"OneOfError","listErrorsIntern":[{"typeError":"MissingPropertyError","messageError":"Missing property streams","path":"","doc":"{}","value":"{}"},{"typeError":"MissingPropertyError","messageError":"Missing property source_url","path":"","doc":"{}","value":"{}"}]},{"typeError":"MissingPropertyError","messageError":"Missing property type","path":"","doc":"{}","value":"{}"},{"typeError":"OneOfError","listErrorsIntern":[{"typeError":"MissingPropertyError","messageError":"Missing property streams","path":"","doc":"{type=0}","value":"{type=0}"},{"typeError":"MissingPropertyError","messageError":"Missing property source_url","path":"","doc":"{type=0}","value":"{type=0}"}]},{"typeError":"OneOfError","listErrorsIntern":[{"typeError":"MissingPropertyError","messageError":"Missing property streams","path":"","doc":"{type=0}","value":"{type=0}"},{"typeError":"MissingPropertyError","messageError":"Missing property source_url","path":"","doc":"{type=0}","value":"{type=0}"}]},{"typeError":"MissingPropertyError","messageError":"Missing property version","path":"","doc":"{type=0}","value":"{type=0}"},{"typeError":"OneOfError","listErrorsIntern":[{"typeError":"MissingPropertyError","messageError":"Missing property streams","path":"","doc":"{type=0, version=0}","value":"{type=0, version=0}"},{"typeError":"MissingPropertyError","messageError":"Missing property source_url","path":"","doc":"{type=0, version=0}","value":"{type=0, version=0}"}]},{"typeError":"OneOfError","listErrorsIntern":[{"typeError":"MissingPropertyError","messageError":"Missing property streams","path":"","doc":"{type=0, version=0}","value":"{type=0, version=0}"},{"typeError":"MissingPropertyError","messageError":"Missing property source_url","path":"","doc":"{type=0, version=0}","value":"{type=0, version=0}"}]},{"typeError":"TypeError","messageError":"Expected: [string] Found: [number, integer]","path":"#/type","doc":"0","value":"{type=0, version=0}"},{"typeError":"OneOfError","listErrorsIntern":[{"typeError":"MissingPropertyError","messageError":"Missing property streams","path":"","doc":"{type=, version=0}","value":"{type=, version=0}"},{"typeError":"MissingPropertyError","messageError":"Missing property source_url","path":"","doc":"{type=, version=0}","value":"{type=, version=0}"}]},{"typeError":"OneOfError","listErrorsIntern":[{"typeError":"MissingPropertyError","messageError":"Missing property streams","path":"","doc":"{type=, version=0}","value":"{type=, version=0}"},{"typeError":"MissingPropertyError","messageError":"Missing property source_url","path":"","doc":"{type=, version=0}","value":"{type=, version=0}"}]},{"typeError":"EnumError","messageError":"Object not in enums: [audio]","path":"#/type","doc":"","value":"{type=, version=0}"},{"typeError":"OneOfError","listErrorsIntern":[{"typeError":"MissingPropertyError","messageError":"Missing property streams","path":"","doc":"{type=audio, version=0}","value":"{type=audio, version=0}"},{"typeError":"MissingPropertyError","messageError":"Missing property source_url","path":"","doc":"{type=audio, version=0}","value":"{type=audio, version=0}"}]},{"typeError":"OneOfError","listErrorsIntern":[{"typeError":"MissingPropertyError","messageError":"Missing property streams","path":"","doc":"{type=audio, version=0}","value":"{type=audio, version=0}"},{"typeError":"MissingPropertyError","messageError":"Missing property source_url","path":"","doc":"{type=audio, version=0}","value":"{type=audio, version=0}"}]},{"typeError":"TypeError","messageError":"Expected: [string] Found: [number, integer]","path":"#/version","doc":"0","value":"{type=audio, version=0}"},{"typeError":"OneOfError","listErrorsIntern":[{"typeError":"MissingPropertyError","messageError":"Missing property streams","path":"","doc":"{type=audio, version=}","value":"{type=audio, version=}"},{"typeError":"MissingPropertyError","messageError":"Missing property source_url","path":"","doc":"{type=audio, version=}","value":"{type=audio, version=}"}]},{"typeError":"OneOfError","listErrorsIntern":[{"typeError":"MissingPropertyError","messageError":"Missing property streams","path":"","doc":"{type=audio, version=}","value":"{type=audio, version=}"},{"typeError":"MissingPropertyError","messageError":"Missing property source_url","path":"","doc":"{type=audio, version=}","value":"{type=audio, version=}"}]},{"typeError":"EnumError","messageError":"Object not in enums: [0.10.9]","path":"#/version","doc":"","value":"{type=audio, version=}"},{"typeError":"OneOfError","listErrorsIntern":[{"typeError":"MissingPropertyError","messageError":"Missing property streams","path":"","doc":"{type=audio, version=0.10.9}","value":"{type=audio, version=0.10.9}"},{"typeError":"MissingPropertyError","messageError":"Missing property source_url","path":"","doc":"{type=audio, version=0.10.9}","value":"{type=audio, version=0.10.9}"}]},{"typeError":"OneOfError","listErrorsIntern":[{"typeError":"MissingPropertyError","messageError":"Missing property streams","path":"","doc":"{type=audio, version=0.10.9}","value":"{type=audio, version=0.10.9}"},{"typeError":"MissingPropertyError","messageError":"Missing property source_url","path":"","doc":"{type=audio, version=0.10.9}","value":"{type=audio, version=0.10.9}"}]},{"typeError":"MissingPropertyError","messageError":"Missing property source_url","path":"","doc":"{type=audio, version=0.10.9}","value":"{type=audio, version=0.10.9}"},{"typeError":"TypeError","messageError":"Expected: [string] Found: [number, integer]","path":"#/source_url","doc":"0","value":"{type=audio, version=0.10.9, source_url=0}"}],"attempt":"1","value":"{}"},{"ListErrors":[{"typeError":"OneOfError","messageError":"More than one oneOf passed: file:/home/lyes/JSONGEN/competitors_analysis/expdataset/wp/dgFixed/wp_0_Normalized.json#/oneOf/0, file:/home/lyes/JSONGEN/competitors_analysis/expdataset/wp/dgFixed/wp_0_Normalized.json#/oneOf/1","path":"","doc":"1363740673","value":"1363740673"},{"typeError":"TypeError","messageError":"Expected: [object] Found: [number, integer]","path":"","doc":"1363740673","value":"1363740673"},{"typeError":"OneOfError","listErrorsIntern":[{"typeError":"MissingPropertyError","messageError":"Missing property streams","path":"","doc":"{}","value":"{}"},{"typeError":"MissingPropertyError","messageError":"Missing property source_url","path":"","doc":"{}","value":"{}"}]},{"typeError":"OneOfError","listErrorsIntern":[{"typeError":"MissingPropertyError","messageError":"Missing property streams","path":"","doc":"{}","value":"{}"},{"typeError":"MissingPropertyError","messageError":"Missing property source_url","path":"","doc":"{}","value":"{}"}]},{"typeError":"MissingPropertyError","messageError":"Missing property type","path":"","doc":"{}","value":"{}"},{"typeError":"OneOfError","listErrorsIntern":[{"typeError":"MissingPropertyError","messageError":"Missing property streams","path":"","doc":"{type=0}","value":"{type=0}"},{"typeError":"MissingPropertyError","messageError":"Missing property source_url","path":"","doc":"{type=0}","value":"{type=0}"}]},{"typeError":"OneOfError","listErrorsIntern":[{"typeError":"MissingPropertyError","messageError":"Missing property streams","path":"","doc":"{type=0}","value":"{type=0}"},{"typeError":"MissingPropertyError","messageError":"Missing property source_url","path":"","doc":"{type=0}","value":"{type=0}"}]},{"typeError":"MissingPropertyError","messageError":"Missing property version","path":"","doc":"{type=0}","value":"{type=0}"},{"typeError":"OneOfError","listErrorsIntern":[{"typeError":"MissingPropertyError","messageError":"Missing property streams","path":"","doc":"{type=0, version=0}","value":"{type=0, version=0}"},{"typeError":"MissingPropertyError","messageError":"Missing property source_url","path":"","doc":"{type=0, version=0}","value":"{type=0, version=0}"}]},{"typeError":"OneOfError","listErrorsIntern":[{"typeError":"MissingPropertyError","messageError":"Missing property streams","path":"","doc":"{type=0, version=0}","value":"{type=0, version=0}"},{"typeError":"MissingPropertyError","messageError":"Missing property source_url","path":"","doc":"{type=0, version=0}","value":"{type=0, version=0}"}]},{"typeError":"TypeError","messageError":"Expected: [string] Found: [number, integer]","path":"#/type","doc":"0","value":"{type=0, version=0}"},{"typeError":"OneOfError","listErrorsIntern":[{"typeError":"MissingPropertyError","messageError":"Missing property streams","path":"","doc":"{type=, version=0}","value":"{type=, version=0}"},{"typeError":"MissingPropertyError","messageError":"Missing property source_url","path":"","doc":"{type=, version=0}","value":"{type=, version=0}"}]},{"typeError":"OneOfError","listErrorsIntern":[{"typeError":"MissingPropertyError","messageError":"Missing property streams","path":"","doc":"{type=, version=0}","value":"{type=, version=0}"},{"typeError":"MissingPropertyError","messageError":"Missing property source_url","path":"","doc":"{type=, version=0}","value":"{type=, version=0}"}]},{"typeError":"EnumError","messageError":"Object not in enums: [audio]","path":"#/type","doc":"","value":"{type=, version=0}"},{"typeError":"OneOfError","listErrorsIntern":[{"typeError":"MissingPropertyError","messageError":"Missing property streams","path":"","doc":"{type=audio, version=0}","value":"{type=audio, version=0}"},{"typeError":"MissingPropertyError","messageError":"Missing property source_url","path":"","doc":"{type=audio, version=0}","value":"{type=audio, version=0}"}]},{"typeError":"OneOfError","listErrorsIntern":[{"typeError":"MissingPropertyError","messageError":"Missing property streams","path":"","doc":"{type=audio, version=0}","value":"{type=audio, version=0}"},{"typeError":"MissingPropertyError","messageError":"Missing property source_url","path":"","doc":"{type=audio, version=0}","value":"{type=audio, version=0}"}]},{"typeError":"TypeError","messageError":"Expected: [string] Found: [number, integer]","path":"#/version","doc":"0","value":"{type=audio, version=0}"},{"typeError":"OneOfError","listErrorsIntern":[{"typeError":"MissingPropertyError","messageError":"Missing property streams","path":"","doc":"{type=audio, version=}","value":"{type=audio, version=}"},{"typeError":"MissingPropertyError","messageError":"Missing property source_url","path":"","doc":"{type=audio, version=}","value":"{type=audio, version=}"}]},{"typeError":"OneOfError","listErrorsIntern":[{"typeError":"MissingPropertyError","messageError":"Missing property streams","path":"","doc":"{type=audio, version=}","value":"{type=audio, version=}"},{"typeError":"MissingPropertyError","messageError":"Missing property source_url","path":"","doc":"{type=audio, version=}","value":"{type=audio, version=}"}]},{"typeError":"EnumError","messageError":"Object not in enums: [0.10.9]","path":"#/version","doc":"","value":"{type=audio, version=}"},{"typeError":"OneOfError","listErrorsIntern":[{"typeError":"MissingPropertyError","messageError":"Missing property streams","path":"","doc":"{type=audio, version=0.10.9}","value":"{type=audio, version=0.10.9}"},{"typeError":"MissingPropertyError","messageError":"Missing property source_url","path":"","doc":"{type=audio, version=0.10.9}","value":"{type=audio, version=0.10.9}"}]},{"typeError":"OneOfError","listErrorsIntern":[{"typeError":"MissingPropertyError","messageError":"Missing property streams","path":"","doc":"{type=audio, version=0.10.9}","value":"{type=audio, version=0.10.9}"},{"typeError":"MissingPropertyError","messageError":"Missing property source_url","path":"","doc":"{type=audio, version=0.10.9}","value":"{type=audio, version=0.10.9}"}]},{"typeError":"MissingPropertyError","messageError":"Missing property source_url","path":"","doc":"{type=audio, version=0.10.9}","value":"{type=audio, version=0.10.9}"},{"typeError":"TypeError","messageError":"Expected: [string] Found: [number, integer]","path":"#/source_url","doc":"0","value":"{type=audio, version=0.10.9, source_url=0}"}],"attempt":"2","value":"{type=0}"},{"ListErrors":[{"typeError":"OneOfError","messageError":"More than one oneOf passed: file:/home/lyes/JSONGEN/competitors_analysis/expdataset/wp/dgFixed/wp_0_Normalized.json#/oneOf/0, file:/home/lyes/JSONGEN/competitors_analysis/expdataset/wp/dgFixed/wp_0_Normalized.json#/oneOf/1","path":"","doc":"1363740673","value":"1363740673"},{"typeError":"TypeError","messageError":"Expected: [object] Found: [number, integer]","path":"","doc":"1363740673","value":"1363740673"},{"typeError":"OneOfError","listErrorsIntern":[{"typeError":"MissingPropertyError","messageError":"Missing property streams","path":"","doc":"{}","value":"{}"},{"typeError":"MissingPropertyError","messageError":"Missing property source_url","path":"","doc":"{}","value":"{}"}]},{"typeError":"OneOfError","listErrorsIntern":[{"typeError":"MissingPropertyError","messageError":"Missing property streams","path":"","doc":"{}","value":"{}"},{"typeError":"MissingPropertyError","messageError":"Missing property source_url","path":"","doc":"{}","value":"{}"}]},{"typeError":"MissingPropertyError","messageError":"Missing property type","path":"","doc":"{}","value":"{}"},{"typeError":"OneOfError","listErrorsIntern":[{"typeError":"MissingPropertyError","messageError":"Missing property streams","path":"","doc":"{type=0}","value":"{type=0}"},{"typeError":"MissingPropertyError","messageError":"Missing property source_url","path":"","doc":"{type=0}","value":"{type=0}"}]},{"typeError":"OneOfError","listErrorsIntern":[{"typeError":"MissingPropertyError","messageError":"Missing property streams","path":"","doc":"{type=0}","value":"{type=0}"},{"typeError":"MissingPropertyError","messageError":"Missing property source_url","path":"","doc":"{type=0}","value":"{type=0}"}]},{"typeError":"MissingPropertyError","messageError":"Missing property version","path":"","doc":"{type=0}","value":"{type=0}"},{"typeError":"OneOfError","listErrorsIntern":[{"typeError":"MissingPropertyError","messageError":"Missing property streams","path":"","doc":"{type=0, version=0}","value":"{type=0, version=0}"},{"typeError":"MissingPropertyError","messageError":"Missing property source_url","path":"","doc":"{type=0, version=0}","value":"{type=0, version=0}"}]},{"typeError":"OneOfError","listErrorsIntern":[{"typeError":"MissingPropertyError","messageError":"Missing property streams","path":"","doc":"{type=0, version=0}","value":"{type=0, version=0}"},{"typeError":"MissingPropertyError","messageError":"Missing property source_url","path":"","doc":"{type=0, version=0}","value":"{type=0, version=0}"}]},{"typeError":"TypeError","messageError":"Expected: [string] Found: [number, integer]","path":"#/type","doc":"0","value":"{type=0, version=0}"},{"typeError":"OneOfError","listErrorsIntern":[{"typeError":"MissingPropertyError","messageError":"Missing property streams","path":"","doc":"{type=, version=0}","value":"{type=, version=0}"},{"typeError":"MissingPropertyError","messageError":"Missing property source_url","path":"","doc":"{type=, version=0}","value":"{type=, version=0}"}]},{"typeError":"OneOfError","listErrorsIntern":[{"typeError":"MissingPropertyError","messageError":"Missing property streams","path":"","doc":"{type=, version=0}","value":"{type=, version=0}"},{"typeError":"MissingPropertyError","messageError":"Missing property source_url","path":"","doc":"{type=, version=0}","value":"{type=, version=0}"}]},{"typeError":"EnumError","messageError":"Object not in enums: [audio]","path":"#/type","doc":"","value":"{type=, version=0}"},{"typeError":"OneOfError","listErrorsIntern":[{"typeError":"MissingPropertyError","messageError":"Missing property streams","path":"","doc":"{type=audio, version=0}","value":"{type=audio, version=0}"},{"typeError":"MissingPropertyError","messageError":"Missing property source_url","path":"","doc":"{type=audio, version=0}","value":"{type=audio, version=0}"}]},{"typeError":"OneOfError","listErrorsIntern":[{"typeError":"MissingPropertyError","messageError":"Missing property streams","path":"","doc":"{type=audio, version=0}","value":"{type=audio, version=0}"},{"typeError":"MissingPropertyError","messageError":"Missing property source_url","path":"","doc":"{type=audio, version=0}","value":"{type=audio, version=0}"}]},{"typeError":"TypeError","messageError":"Expected: [string] Found: [number, integer]","path":"#/version","doc":"0","value":"{type=audio, version=0}"},{"typeError":"OneOfError","listErrorsIntern":[{"typeError":"MissingPropertyError","messageError":"Missing property streams","path":"","doc":"{type=audio, version=}","value":"{type=audio, version=}"},{"typeError":"MissingPropertyError","messageError":"Missing property source_url","path":"","doc":"{type=audio, version=}","value":"{type=audio, version=}"}]},{"typeError":"OneOfError","listErrorsIntern":[{"typeError":"MissingPropertyError","messageError":"Missing property streams","path":"","doc":"{type=audio, version=}","value":"{type=audio, version=}"},{"typeError":"MissingPropertyError","messageError":"Missing property source_url","path":"","doc":"{type=audio, version=}","value":"{type=audio, version=}"}]},{"typeError":"EnumError","messageError":"Object not in enums: [0.10.9]","path":"#/version","doc":"","value":"{type=audio, version=}"},{"typeError":"OneOfError","listErrorsIntern":[{"typeError":"MissingPropertyError","messageError":"Missing property streams","path":"","doc":"{type=audio, version=0.10.9}","value":"{type=audio, version=0.10.9}"},{"typeError":"MissingPropertyError","messageError":"Missing property source_url","path":"","doc":"{type=audio, version=0.10.9}","value":"{type=audio, version=0.10.9}"}]},{"typeError":"OneOfError","listErrorsIntern":[{"typeError":"MissingPropertyError","messageError":"Missing property streams","path":"","doc":"{type=audio, version=0.10.9}","value":"{type=audio, version=0.10.9}"},{"typeError":"MissingPropertyError","messageError":"Missing property source_url","path":"","doc":"{type=audio, version=0.10.9}","value":"{type=audio, version=0.10.9}"}]},{"typeError":"MissingPropertyError","messageError":"Missing property source_url","path":"","doc":"{type=audio, version=0.10.9}","value":"{type=audio, version=0.10.9}"},{"typeError":"TypeError","messageError":"Expected: [string] Found: [number, integer]","path":"#/source_url","doc":"0","value":"{type=audio, version=0.10.9, source_url=0}"}],"attempt":"3","value":"{type=0, version=0}"},{"ListErrors":[{"typeError":"OneOfError","messageError":"More than one oneOf passed: file:/home/lyes/JSONGEN/competitors_analysis/expdataset/wp/dgFixed/wp_0_Normalized.json#/oneOf/0, file:/home/lyes/JSONGEN/competitors_analysis/expdataset/wp/dgFixed/wp_0_Normalized.json#/oneOf/1","path":"","doc":"1363740673","value":"1363740673"},{"typeError":"TypeError","messageError":"Expected: [object] Found: [number, integer]","path":"","doc":"1363740673","value":"1363740673"},{"typeError":"OneOfError","listErrorsIntern":[{"typeError":"MissingPropertyError","messageError":"Missing property streams","path":"","doc":"{}","value":"{}"},{"typeError":"MissingPropertyError","messageError":"Missing property source_url","path":"","doc":"{}","value":"{}"}]},{"typeError":"OneOfError","listErrorsIntern":[{"typeError":"MissingPropertyError","messageError":"Missing property streams","path":"","doc":"{}","value":"{}"},{"typeError":"MissingPropertyError","messageError":"Missing property source_url","path":"","doc":"{}","value":"{}"}]},{"typeError":"MissingPropertyError","messageError":"Missing property type","path":"","doc":"{}","value":"{}"},{"typeError":"OneOfError","listErrorsIntern":[{"typeError":"MissingPropertyError","messageError":"Missing property streams","path":"","doc":"{type=0}","value":"{type=0}"},{"typeError":"MissingPropertyError","messageError":"Missing property source_url","path":"","doc":"{type=0}","value":"{type=0}"}]},{"typeError":"OneOfError","listErrorsIntern":[{"typeError":"MissingPropertyError","messageError":"Missing property streams","path":"","doc":"{type=0}","value":"{type=0}"},{"typeError":"MissingPropertyError","messageError":"Missing property source_url","path":"","doc":"{type=0}","value":"{type=0}"}]},{"typeError":"MissingPropertyError","messageError":"Missing property version","path":"","doc":"{type=0}","value":"{type=0}"},{"typeError":"OneOfError","listErrorsIntern":[{"typeError":"MissingPropertyError","messageError":"Missing property streams","path":"","doc":"{type=0, version=0}","value":"{type=0, version=0}"},{"typeError":"MissingPropertyError","messageError":"Missing property source_url","path":"","doc":"{type=0, version=0}","value":"{type=0, version=0}"}]},{"typeError":"OneOfError","listErrorsIntern":[{"typeError":"MissingPropertyError","messageError":"Missing property streams","path":"","doc":"{type=0, version=0}","value":"{type=0, version=0}"},{"typeError":"MissingPropertyError","messageError":"Missing property source_url","path":"","doc":"{type=0, version=0}","value":"{type=0, version=0}"}]},{"typeError":"TypeError","messageError":"Expected: [string] Found: [number, integer]","path":"#/type","doc":"0","value":"{type=0, version=0}"},{"typeError":"OneOfError","listErrorsIntern":[{"typeError":"MissingPropertyError","messageError":"Missing property streams","path":"","doc":"{type=, version=0}","value":"{type=, version=0}"},{"typeError":"MissingPropertyError","messageError":"Missing property source_url","path":"","doc":"{type=, version=0}","value":"{type=, version=0}"}]},{"typeError":"OneOfError","listErrorsIntern":[{"typeError":"MissingPropertyError","messageError":"Missing property streams","path":"","doc":"{type=, version=0}","value":"{type=, version=0}"},{"typeError":"MissingPropertyError","messageError":"Missing property source_url","path":"","doc":"{type=, version=0}","value":"{type=, version=0}"}]},{"typeError":"EnumError","messageError":"Object not in enums: [audio]","path":"#/type","doc":"","value":"{type=, version=0}"},{"typeError":"OneOfError","listErrorsIntern":[{"typeError":"MissingPropertyError","messageError":"Missing property streams","path":"","doc":"{type=audio, version=0}","value":"{type=audio, version=0}"},{"typeError":"MissingPropertyError","messageError":"Missing property source_url","path":"","doc":"{type=audio, version=0}","value":"{type=audio, version=0}"}]},{"typeError":"OneOfError","listErrorsIntern":[{"typeError":"MissingPropertyError","messageError":"Missing property streams","path":"","doc":"{type=audio, version=0}","value":"{type=audio, version=0}"},{"typeError":"MissingPropertyError","messageError":"Missing property source_url","path":"","doc":"{type=audio, version=0}","value":"{type=audio, version=0}"}]},{"typeError":"TypeError","messageError":"Expected: [string] Found: [number, integer]","path":"#/version","doc":"0","value":"{type=audio, version=0}"},{"typeError":"OneOfError","listErrorsIntern":[{"typeError":"MissingPropertyError","messageError":"Missing property streams","path":"","doc":"{type=audio, version=}","value":"{type=audio, version=}"},{"typeError":"MissingPropertyError","messageError":"Missing property source_url","path":"","doc":"{type=audio, version=}","value":"{type=audio, version=}"}]},{"typeError":"OneOfError","listErrorsIntern":[{"typeError":"MissingPropertyError","messageError":"Missing property streams","path":"","doc":"{type=audio, version=}","value":"{type=audio, version=}"},{"typeError":"MissingPropertyError","messageError":"Missing property source_url","path":"","doc":"{type=audio, version=}","value":"{type=audio, version=}"}]},{"typeError":"EnumError","messageError":"Object not in enums: [0.10.9]","path":"#/version","doc":"","value":"{type=audio, version=}"},{"typeError":"OneOfError","listErrorsIntern":[{"typeError":"MissingPropertyError","messageError":"Missing property streams","path":"","doc":"{type=audio, version=0.10.9}","value":"{type=audio, version=0.10.9}"},{"typeError":"MissingPropertyError","messageError":"Missing property source_url","path":"","doc":"{type=audio, version=0.10.9}","value":"{type=audio, version=0.10.9}"}]},{"typeError":"OneOfError","listErrorsIntern":[{"typeError":"MissingPropertyError","messageError":"Missing property streams","path":"","doc":"{type=audio, version=0.10.9}","value":"{type=audio, version=0.10.9}"},{"typeError":"MissingPropertyError","messageError":"Missing property source_url","path":"","doc":"{type=audio, version=0.10.9}","value":"{type=audio, version=0.10.9}"}]},{"typeError":"MissingPropertyError","messageError":"Missing property source_url","path":"","doc":"{type=audio, version=0.10.9}","value":"{type=audio, version=0.10.9}"},{"typeError":"TypeError","messageError":"Expected: [string] Found: [number, integer]","path":"#/source_url","doc":"0","value":"{type=audio, version=0.10.9, source_url=0}"}],"attempt":"4","value":"{type=, version=0}"},{"ListErrors":[{"typeError":"OneOfError","messageError":"More than one oneOf passed: file:/home/lyes/JSONGEN/competitors_analysis/expdataset/wp/dgFixed/wp_0_Normalized.json#/oneOf/0, file:/home/lyes/JSONGEN/competitors_analysis/expdataset/wp/dgFixed/wp_0_Normalized.json#/oneOf/1","path":"","doc":"1363740673","value":"1363740673"},{"typeError":"TypeError","messageError":"Expected: [object] Found: [number, integer]","path":"","doc":"1363740673","value":"1363740673"},{"typeError":"OneOfError","listErrorsIntern":[{"typeError":"MissingPropertyError","messageError":"Missing property streams","path":"","doc":"{}","value":"{}"},{"typeError":"MissingPropertyError","messageError":"Missing property source_url","path":"","doc":"{}","value":"{}"}]},{"typeError":"OneOfError","listErrorsIntern":[{"typeError":"MissingPropertyError","messageError":"Missing property streams","path":"","doc":"{}","value":"{}"},{"typeError":"MissingPropertyError","messageError":"Missing property source_url","path":"","doc":"{}","value":"{}"}]},{"typeError":"MissingPropertyError","messageError":"Missing property type","path":"","doc":"{}","value":"{}"},{"typeError":"OneOfError","listErrorsIntern":[{"typeError":"MissingPropertyError","messageError":"Missing property streams","path":"","doc":"{type=0}","value":"{type=0}"},{"typeError":"MissingPropertyError","messageError":"Missing property source_url","path":"","doc":"{type=0}","value":"{type=0}"}]},{"typeError":"OneOfError","listErrorsIntern":[{"typeError":"MissingPropertyError","messageError":"Missing property streams","path":"","doc":"{type=0}","value":"{type=0}"},{"typeError":"MissingPropertyError","messageError":"Missing property source_url","path":"","doc":"{type=0}","value":"{type=0}"}]},{"typeError":"MissingPropertyError","messageError":"Missing property version","path":"","doc":"{type=0}","value":"{type=0}"},{"typeError":"OneOfError","listErrorsIntern":[{"typeError":"MissingPropertyError","messageError":"Missing property streams","path":"","doc":"{type=0, version=0}","value":"{type=0, version=0}"},{"typeError":"MissingPropertyError","messageError":"Missing property source_url","path":"","doc":"{type=0, version=0}","value":"{type=0, version=0}"}]},{"typeError":"OneOfError","listErrorsIntern":[{"typeError":"MissingPropertyError","messageError":"Missing property streams","path":"","doc":"{type=0, version=0}","value":"{type=0, version=0}"},{"typeError":"MissingPropertyError","messageError":"Missing property source_url","path":"","doc":"{type=0, version=0}","value":"{type=0, version=0}"}]},{"typeError":"TypeError","messageError":"Expected: [string] Found: [number, integer]","path":"#/type","doc":"0","value":"{type=0, version=0}"},{"typeError":"OneOfError","listErrorsIntern":[{"typeError":"MissingPropertyError","messageError":"Missing property streams","path":"","doc":"{type=, version=0}","value":"{type=, version=0}"},{"typeError":"MissingPropertyError","messageError":"Missing property source_url","path":"","doc":"{type=, version=0}","value":"{type=, version=0}"}]},{"typeError":"OneOfError","listErrorsIntern":[{"typeError":"MissingPropertyError","messageError":"Missing property streams","path":"","doc":"{type=, version=0}","value":"{type=, version=0}"},{"typeError":"MissingPropertyError","messageError":"Missing property source_url","path":"","doc":"{type=, version=0}","value":"{type=, version=0}"}]},{"typeError":"EnumError","messageError":"Object not in enums: [audio]","path":"#/type","doc":"","value":"{type=, version=0}"},{"typeError":"OneOfError","listErrorsIntern":[{"typeError":"MissingPropertyError","messageError":"Missing property streams","path":"","doc":"{type=audio, version=0}","value":"{type=audio, version=0}"},{"typeError":"MissingPropertyError","messageError":"Missing property source_url","path":"","doc":"{type=audio, version=0}","value":"{type=audio, version=0}"}]},{"typeError":"OneOfError","listErrorsIntern":[{"typeError":"MissingPropertyError","messageError":"Missing property streams","path":"","doc":"{type=audio, version=0}","value":"{type=audio, version=0}"},{"typeError":"MissingPropertyError","messageError":"Missing property source_url","path":"","doc":"{type=audio, version=0}","value":"{type=audio, version=0}"}]},{"typeError":"TypeError","messageError":"Expected: [string] Found: [number, integer]","path":"#/version","doc":"0","value":"{type=audio, version=0}"},{"typeError":"OneOfError","listErrorsIntern":[{"typeError":"MissingPropertyError","messageError":"Missing property streams","path":"","doc":"{type=audio, version=}","value":"{type=audio, version=}"},{"typeError":"MissingPropertyError","messageError":"Missing property source_url","path":"","doc":"{type=audio, version=}","value":"{type=audio, version=}"}]},{"typeError":"OneOfError","listErrorsIntern":[{"typeError":"MissingPropertyError","messageError":"Missing property streams","path":"","doc":"{type=audio, version=}","value":"{type=audio, version=}"},{"typeError":"MissingPropertyError","messageError":"Missing property source_url","path":"","doc":"{type=audio, version=}","value":"{type=audio, version=}"}]},{"typeError":"EnumError","messageError":"Object not in enums: [0.10.9]","path":"#/version","doc":"","value":"{type=audio, version=}"},{"typeError":"OneOfError","listErrorsIntern":[{"typeError":"MissingPropertyError","messageError":"Missing property streams","path":"","doc":"{type=audio, version=0.10.9}","value":"{type=audio, version=0.10.9}"},{"typeError":"MissingPropertyError","messageError":"Missing property source_url","path":"","doc":"{type=audio, version=0.10.9}","value":"{type=audio, version=0.10.9}"}]},{"typeError":"OneOfError","listErrorsIntern":[{"typeError":"MissingPropertyError","messageError":"Missing property streams","path":"","doc":"{type=audio, version=0.10.9}","value":"{type=audio, version=0.10.9}"},{"typeError":"MissingPropertyError","messageError":"Missing property source_url","path":"","doc":"{type=audio, version=0.10.9}","value":"{type=audio, version=0.10.9}"}]},{"typeError":"MissingPropertyError","messageError":"Missing property source_url","path":"","doc":"{type=audio, version=0.10.9}","value":"{type=audio, version=0.10.9}"},{"typeError":"TypeError","messageError":"Expected: [string] Found: [number, integer]","path":"#/source_url","doc":"0","value":"{type=audio, version=0.10.9, source_url=0}"}],"attempt":"5","value":"{type=audio, version=0}"},{"ListErrors":[{"typeError":"OneOfError","messageError":"More than one oneOf passed: file:/home/lyes/JSONGEN/competitors_analysis/expdataset/wp/dgFixed/wp_0_Normalized.json#/oneOf/0, file:/home/lyes/JSONGEN/competitors_analysis/expdataset/wp/dgFixed/wp_0_Normalized.json#/oneOf/1","path":"","doc":"1363740673","value":"1363740673"},{"typeError":"TypeError","messageError":"Expected: [object] Found: [number, integer]","path":"","doc":"1363740673","value":"1363740673"},{"typeError":"OneOfError","listErrorsIntern":[{"typeError":"MissingPropertyError","messageError":"Missing property streams","path":"","doc":"{}","value":"{}"},{"typeError":"MissingPropertyError","messageError":"Missing property source_url","path":"","doc":"{}","value":"{}"}]},{"typeError":"OneOfError","listErrorsIntern":[{"typeError":"MissingPropertyError","messageError":"Missing property streams","path":"","doc":"{}","value":"{}"},{"typeError":"MissingPropertyError","messageError":"Missing property source_url","path":"","doc":"{}","value":"{}"}]},{"typeError":"MissingPropertyError","messageError":"Missing property type","path":"","doc":"{}","value":"{}"},{"typeError":"OneOfError","listErrorsIntern":[{"typeError":"MissingPropertyError","messageError":"Missing property streams","path":"","doc":"{type=0}","value":"{type=0}"},{"typeError":"MissingPropertyError","messageError":"Missing property source_url","path":"","doc":"{type=0}","value":"{type=0}"}]},{"typeError":"OneOfError","listErrorsIntern":[{"typeError":"MissingPropertyError","messageError":"Missing property streams","path":"","doc":"{type=0}","value":"{type=0}"},{"typeError":"MissingPropertyError","messageError":"Missing property source_url","path":"","doc":"{type=0}","value":"{type=0}"}]},{"typeError":"MissingPropertyError","messageError":"Missing property version","path":"","doc":"{type=0}","value":"{type=0}"},{"typeError":"OneOfError","listErrorsIntern":[{"typeError":"MissingPropertyError","messageError":"Missing property streams","path":"","doc":"{type=0, version=0}","value":"{type=0, version=0}"},{"typeError":"MissingPropertyError","messageError":"Missing property source_url","path":"","doc":"{type=0, version=0}","value":"{type=0, version=0}"}]},{"typeError":"OneOfError","listErrorsIntern":[{"typeError":"MissingPropertyError","messageError":"Missing property streams","path":"","doc":"{type=0, version=0}","value":"{type=0, version=0}"},{"typeError":"MissingPropertyError","messageError":"Missing property source_url","path":"","doc":"{type=0, version=0}","value":"{type=0, version=0}"}]},{"typeError":"TypeError","messageError":"Expected: [string] Found: [number, integer]","path":"#/type","doc":"0","value":"{type=0, version=0}"},{"typeError":"OneOfError","listErrorsIntern":[{"typeError":"MissingPropertyError","messageError":"Missing property streams","path":"","doc":"{type=, version=0}","value":"{type=, version=0}"},{"typeError":"MissingPropertyError","messageError":"Missing property source_url","path":"","doc":"{type=, version=0}","value":"{type=, version=0}"}]},{"typeError":"OneOfError","listErrorsIntern":[{"typeError":"MissingPropertyError","messageError":"Missing property streams","path":"","doc":"{type=, version=0}","value":"{type=, version=0}"},{"typeError":"MissingPropertyError","messageError":"Missing property source_url","path":"","doc":"{type=, version=0}","value":"{type=, version=0}"}]},{"typeError":"EnumError","messageError":"Object not in enums: [audio]","path":"#/type","doc":"","value":"{type=, version=0}"},{"typeError":"OneOfError","listErrorsIntern":[{"typeError":"MissingPropertyError","messageError":"Missing property streams","path":"","doc":"{type=audio, version=0}","value":"{type=audio, version=0}"},{"typeError":"MissingPropertyError","messageError":"Missing property source_url","path":"","doc":"{type=audio, version=0}","value":"{type=audio, version=0}"}]},{"typeError":"OneOfError","listErrorsIntern":[{"typeError":"MissingPropertyError","messageError":"Missing property streams","path":"","doc":"{type=audio, version=0}","value":"{type=audio, version=0}"},{"typeError":"MissingPropertyError","messageError":"Missing property source_url","path":"","doc":"{type=audio, version=0}","value":"{type=audio, version=0}"}]},{"typeError":"TypeError","messageError":"Expected: [string] Found: [number, integer]","path":"#/version","doc":"0","value":"{type=audio, version=0}"},{"typeError":"OneOfError","listErrorsIntern":[{"typeError":"MissingPropertyError","messageError":"Missing property streams","path":"","doc":"{type=audio, version=}","value":"{type=audio, version=}"},{"typeError":"MissingPropertyError","messageError":"Missing property source_url","path":"","doc":"{type=audio, version=}","value":"{type=audio, version=}"}]},{"typeError":"OneOfError","listErrorsIntern":[{"typeError":"MissingPropertyError","messageError":"Missing property streams","path":"","doc":"{type=audio, version=}","value":"{type=audio, version=}"},{"typeError":"MissingPropertyError","messageError":"Missing property source_url","path":"","doc":"{type=audio, version=}","value":"{type=audio, version=}"}]},{"typeError":"EnumError","messageError":"Object not in enums: [0.10.9]","path":"#/version","doc":"","value":"{type=audio, version=}"},{"typeError":"OneOfError","listErrorsIntern":[{"typeError":"MissingPropertyError","messageError":"Missing property streams","path":"","doc":"{type=audio, version=0.10.9}","value":"{type=audio, version=0.10.9}"},{"typeError":"MissingPropertyError","messageError":"Missing property source_url","path":"","doc":"{type=audio, version=0.10.9}","value":"{type=audio, version=0.10.9}"}]},{"typeError":"OneOfError","listErrorsIntern":[{"typeError":"MissingPropertyError","messageError":"Missing property streams","path":"","doc":"{type=audio, version=0.10.9}","value":"{type=audio, version=0.10.9}"},{"typeError":"MissingPropertyError","messageError":"Missing property source_url","path":"","doc":"{type=audio, version=0.10.9}","value":"{type=audio, version=0.10.9}"}]},{"typeError":"MissingPropertyError","messageError":"Missing property source_url","path":"","doc":"{type=audio, version=0.10.9}","value":"{type=audio, version=0.10.9}"},{"typeError":"TypeError","messageError":"Expected: [string] Found: [number, integer]","path":"#/source_url","doc":"0","value":"{type=audio, version=0.10.9, source_url=0}"}],"attempt":"6","value":"{type=audio, version=}"},{"ListErrors":[{"typeError":"OneOfError","messageError":"More than one oneOf passed: file:/home/lyes/JSONGEN/competitors_analysis/expdataset/wp/dgFixed/wp_0_Normalized.json#/oneOf/0, file:/home/lyes/JSONGEN/competitors_analysis/expdataset/wp/dgFixed/wp_0_Normalized.json#/oneOf/1","path":"","doc":"1363740673","value":"1363740673"},{"typeError":"TypeError","messageError":"Expected: [object] Found: [number, integer]","path":"","doc":"1363740673","value":"1363740673"},{"typeError":"OneOfError","listErrorsIntern":[{"typeError":"MissingPropertyError","messageError":"Missing property streams","path":"","doc":"{}","value":"{}"},{"typeError":"MissingPropertyError","messageError":"Missing property source_url","path":"","doc":"{}","value":"{}"}]},{"typeError":"OneOfError","listErrorsIntern":[{"typeError":"MissingPropertyError","messageError":"Missing property streams","path":"","doc":"{}","value":"{}"},{"typeError":"MissingPropertyError","messageError":"Missing property source_url","path":"","doc":"{}","value":"{}"}]},{"typeError":"MissingPropertyError","messageError":"Missing property type","path":"","doc":"{}","value":"{}"},{"typeError":"OneOfError","listErrorsIntern":[{"typeError":"MissingPropertyError","messageError":"Missing property streams","path":"","doc":"{type=0}","value":"{type=0}"},{"typeError":"MissingPropertyError","messageError":"Missing property source_url","path":"","doc":"{type=0}","value":"{type=0}"}]},{"typeError":"OneOfError","listErrorsIntern":[{"typeError":"MissingPropertyError","messageError":"Missing property streams","path":"","doc":"{type=0}","value":"{type=0}"},{"typeError":"MissingPropertyError","messageError":"Missing property source_url","path":"","doc":"{type=0}","value":"{type=0}"}]},{"typeError":"MissingPropertyError","messageError":"Missing property version","path":"","doc":"{type=0}","value":"{type=0}"},{"typeError":"OneOfError","listErrorsIntern":[{"typeError":"MissingPropertyError","messageError":"Missing property streams","path":"","doc":"{type=0, version=0}","value":"{type=0, version=0}"},{"typeError":"MissingPropertyError","messageError":"Missing property source_url","path":"","doc":"{type=0, version=0}","value":"{type=0, version=0}"}]},{"typeError":"OneOfError","listErrorsIntern":[{"typeError":"MissingPropertyError","messageError":"Missing property streams","path":"","doc":"{type=0, version=0}","value":"{type=0, version=0}"},{"typeError":"MissingPropertyError","messageError":"Missing property source_url","path":"","doc":"{type=0, version=0}","value":"{type=0, version=0}"}]},{"typeError":"TypeError","messageError":"Expected: [string] Found: [number, integer]","path":"#/type","doc":"0","value":"{type=0, version=0}"},{"typeError":"OneOfError","listErrorsIntern":[{"typeError":"MissingPropertyError","messageError":"Missing property streams","path":"","doc":"{type=, version=0}","value":"{type=, version=0}"},{"typeError":"MissingPropertyError","messageError":"Missing property source_url","path":"","doc":"{type=, version=0}","value":"{type=, version=0}"}]},{"typeError":"OneOfError","listErrorsIntern":[{"typeError":"MissingPropertyError","messageError":"Missing property streams","path":"","doc":"{type=, version=0}","value":"{type=, version=0}"},{"typeError":"MissingPropertyError","messageError":"Missing property source_url","path":"","doc":"{type=, version=0}","value":"{type=, version=0}"}]},{"typeError":"EnumError","messageError":"Object not in enums: [audio]","path":"#/type","doc":"","value":"{type=, version=0}"},{"typeError":"OneOfError","listErrorsIntern":[{"typeError":"MissingPropertyError","messageError":"Missing property streams","path":"","doc":"{type=audio, version=0}","value":"{type=audio, version=0}"},{"typeError":"MissingPropertyError","messageError":"Missing property source_url","path":"","doc":"{type=audio, version=0}","value":"{type=audio, version=0}"}]},{"typeError":"OneOfError","listErrorsIntern":[{"typeError":"MissingPropertyError","messageError":"Missing property streams","path":"","doc":"{type=audio, version=0}","value":"{type=audio, version=0}"},{"typeError":"MissingPropertyError","messageError":"Missing property source_url","path":"","doc":"{type=audio, version=0}","value":"{type=audio, version=0}"}]},{"typeError":"TypeError","messageError":"Expected: [string] Found: [number, integer]","path":"#/version","doc":"0","value":"{type=audio, version=0}"},{"typeError":"OneOfError","listErrorsIntern":[{"typeError":"MissingPropertyError","messageError":"Missing property streams","path":"","doc":"{type=audio, version=}","value":"{type=audio, version=}"},{"typeError":"MissingPropertyError","messageError":"Missing property source_url","path":"","doc":"{type=audio, version=}","value":"{type=audio, version=}"}]},{"typeError":"OneOfError","listErrorsIntern":[{"typeError":"MissingPropertyError","messageError":"Missing property streams","path":"","doc":"{type=audio, version=}","value":"{type=audio, version=}"},{"typeError":"MissingPropertyError","messageError":"Missing property source_url","path":"","doc":"{type=audio, version=}","value":"{type=audio, version=}"}]},{"typeError":"EnumError","messageError":"Object not in enums: [0.10.9]","path":"#/version","doc":"","value":"{type=audio, version=}"},{"typeError":"OneOfError","listErrorsIntern":[{"typeError":"MissingPropertyError","messageError":"Missing property streams","path":"","doc":"{type=audio, version=0.10.9}","value":"{type=audio, version=0.10.9}"},{"typeError":"MissingPropertyError","messageError":"Missing property source_url","path":"","doc":"{type=audio, version=0.10.9}","value":"{type=audio, version=0.10.9}"}]},{"typeError":"OneOfError","listErrorsIntern":[{"typeError":"MissingPropertyError","messageError":"Missing property streams","path":"","doc":"{type=audio, version=0.10.9}","value":"{type=audio, version=0.10.9}"},{"typeError":"MissingPropertyError","messageError":"Missing property source_url","path":"","doc":"{type=audio, version=0.10.9}","value":"{type=audio, version=0.10.9}"}]},{"typeError":"MissingPropertyError","messageError":"Missing property source_url","path":"","doc":"{type=audio, version=0.10.9}","value":"{type=audio, version=0.10.9}"},{"typeError":"TypeError","messageError":"Expected: [string] Found: [number, integer]","path":"#/source_url","doc":"0","value":"{type=audio, version=0.10.9, source_url=0}"}],"attempt":"7","value":"{type=audio, version=0.10.9}"},{"ListErrors":[{"typeError":"OneOfError","messageError":"More than one oneOf passed: file:/home/lyes/JSONGEN/competitors_analysis/expdataset/wp/dgFixed/wp_0_Normalized.json#/oneOf/0, file:/home/lyes/JSONGEN/competitors_analysis/expdataset/wp/dgFixed/wp_0_Normalized.json#/oneOf/1","path":"","doc":"1363740673","value":"1363740673"},{"typeError":"TypeError","messageError":"Expected: [object] Found: [number, integer]","path":"","doc":"1363740673","value":"1363740673"},{"typeError":"OneOfError","listErrorsIntern":[{"typeError":"MissingPropertyError","messageError":"Missing property streams","path":"","doc":"{}","value":"{}"},{"typeError":"MissingPropertyError","messageError":"Missing property source_url","path":"","doc":"{}","value":"{}"}]},{"typeError":"OneOfError","listErrorsIntern":[{"typeError":"MissingPropertyError","messageError":"Missing property streams","path":"","doc":"{}","value":"{}"},{"typeError":"MissingPropertyError","messageError":"Missing property source_url","path":"","doc":"{}","value":"{}"}]},{"typeError":"MissingPropertyError","messageError":"Missing property type","path":"","doc":"{}","value":"{}"},{"typeError":"OneOfError","listErrorsIntern":[{"typeError":"MissingPropertyError","messageError":"Missing property streams","path":"","doc":"{type=0}","value":"{type=0}"},{"typeError":"MissingPropertyError","messageError":"Missing property source_url","path":"","doc":"{type=0}","value":"{type=0}"}]},{"typeError":"OneOfError","listErrorsIntern":[{"typeError":"MissingPropertyError","messageError":"Missing property streams","path":"","doc":"{type=0}","value":"{type=0}"},{"typeError":"MissingPropertyError","messageError":"Missing property source_url","path":"","doc":"{type=0}","value":"{type=0}"}]},{"typeError":"MissingPropertyError","messageError":"Missing property version","path":"","doc":"{type=0}","value":"{type=0}"},{"typeError":"OneOfError","listErrorsIntern":[{"typeError":"MissingPropertyError","messageError":"Missing property streams","path":"","doc":"{type=0, version=0}","value":"{type=0, version=0}"},{"typeError":"MissingPropertyError","messageError":"Missing property source_url","path":"","doc":"{type=0, version=0}","value":"{type=0, version=0}"}]},{"typeError":"OneOfError","listErrorsIntern":[{"typeError":"MissingPropertyError","messageError":"Missing property streams","path":"","doc":"{type=0, version=0}","value":"{type=0, version=0}"},{"typeError":"MissingPropertyError","messageError":"Missing property source_url","path":"","doc":"{type=0, version=0}","value":"{type=0, version=0}"}]},{"typeError":"TypeError","messageError":"Expected: [string] Found: [number, integer]","path":"#/type","doc":"0","value":"{type=0, version=0}"},{"typeError":"OneOfError","listErrorsIntern":[{"typeError":"MissingPropertyError","messageError":"Missing property streams","path":"","doc":"{type=, version=0}","value":"{type=, version=0}"},{"typeError":"MissingPropertyError","messageError":"Missing property source_url","path":"","doc":"{type=, version=0}","value":"{type=, version=0}"}]},{"typeError":"OneOfError","listErrorsIntern":[{"typeError":"MissingPropertyError","messageError":"Missing property streams","path":"","doc":"{type=, version=0}","value":"{type=, version=0}"},{"typeError":"MissingPropertyError","messageError":"Missing property source_url","path":"","doc":"{type=, version=0}","value":"{type=, version=0}"}]},{"typeError":"EnumError","messageError":"Object not in enums: [audio]","path":"#/type","doc":"","value":"{type=, version=0}"},{"typeError":"OneOfError","listErrorsIntern":[{"typeError":"MissingPropertyError","messageError":"Missing property streams","path":"","doc":"{type=audio, version=0}","value":"{type=audio, version=0}"},{"typeError":"MissingPropertyError","messageError":"Missing property source_url","path":"","doc":"{type=audio, version=0}","value":"{type=audio, version=0}"}]},{"typeError":"OneOfError","listErrorsIntern":[{"typeError":"MissingPropertyError","messageError":"Missing property streams","path":"","doc":"{type=audio, version=0}","value":"{type=audio, version=0}"},{"typeError":"MissingPropertyError","messageError":"Missing property source_url","path":"","doc":"{type=audio, version=0}","value":"{type=audio, version=0}"}]},{"typeError":"TypeError","messageError":"Expected: [string] Found: [number, integer]","path":"#/version","doc":"0","value":"{type=audio, version=0}"},{"typeError":"OneOfError","listErrorsIntern":[{"typeError":"MissingPropertyError","messageError":"Missing property streams","path":"","doc":"{type=audio, version=}","value":"{type=audio, version=}"},{"typeError":"MissingPropertyError","messageError":"Missing property source_url","path":"","doc":"{type=audio, version=}","value":"{type=audio, version=}"}]},{"typeError":"OneOfError","listErrorsIntern":[{"typeError":"MissingPropertyError","messageError":"Missing property streams","path":"","doc":"{type=audio, version=}","value":"{type=audio, version=}"},{"typeError":"MissingPropertyError","messageError":"Missing property source_url","path":"","doc":"{type=audio, version=}","value":"{type=audio, version=}"}]},{"typeError":"EnumError","messageError":"Object not in enums: [0.10.9]","path":"#/version","doc":"","value":"{type=audio, version=}"},{"typeError":"OneOfError","listErrorsIntern":[{"typeError":"MissingPropertyError","messageError":"Missing property streams","path":"","doc":"{type=audio, version=0.10.9}","value":"{type=audio, version=0.10.9}"},{"typeError":"MissingPropertyError","messageError":"Missing property source_url","path":"","doc":"{type=audio, version=0.10.9}","value":"{type=audio, version=0.10.9}"}]},{"typeError":"OneOfError","listErrorsIntern":[{"typeError":"MissingPropertyError","messageError":"Missing property streams","path":"","doc":"{type=audio, version=0.10.9}","value":"{type=audio, version=0.10.9}"},{"typeError":"MissingPropertyError","messageError":"Missing property source_url","path":"","doc":"{type=audio, version=0.10.9}","value":"{type=audio, version=0.10.9}"}]},{"typeError":"MissingPropertyError","messageError":"Missing property source_url","path":"","doc":"{type=audio, version=0.10.9}","value":"{type=audio, version=0.10.9}"},{"typeError":"TypeError","messageError":"Expected: [string] Found: [number, integer]","path":"#/source_url","doc":"0","value":"{type=audio, version=0.10.9, source_url=0}"}],"attempt":"8","value":"{type=audio, version=0.10.9, source_url=0}"},{"ListErrors":[{"typeError":"OneOfError","messageError":"More than one oneOf passed: file:/home/lyes/JSONGEN/competitors_analysis/expdataset/wp/dgFixed/wp_0_Normalized.json#/oneOf/0, file:/home/lyes/JSONGEN/competitors_analysis/expdataset/wp/dgFixed/wp_0_Normalized.json#/oneOf/1","path":"","doc":"1363740673","value":"1363740673"},{"typeError":"TypeError","messageError":"Expected: [object] Found: [number, integer]","path":"","doc":"1363740673","value":"1363740673"},{"typeError":"OneOfError","listErrorsIntern":[{"typeError":"MissingPropertyError","messageError":"Missing property streams","path":"","doc":"{}","value":"{}"},{"typeError":"MissingPropertyError","messageError":"Missing property source_url","path":"","doc":"{}","value":"{}"}]},{"typeError":"OneOfError","listErrorsIntern":[{"typeError":"MissingPropertyError","messageError":"Missing property streams","path":"","doc":"{}","value":"{}"},{"typeError":"MissingPropertyError","messageError":"Missing property source_url","path":"","doc":"{}","value":"{}"}]},{"typeError":"MissingPropertyError","messageError":"Missing property type","path":"","doc":"{}","value":"{}"},{"typeError":"OneOfError","listErrorsIntern":[{"typeError":"MissingPropertyError","messageError":"Missing property streams","path":"","doc":"{type=0}","value":"{type=0}"},{"typeError":"MissingPropertyError","messageError":"Missing property source_url","path":"","doc":"{type=0}","value":"{type=0}"}]},{"typeError":"OneOfError","listErrorsIntern":[{"typeError":"MissingPropertyError","messageError":"Missing property streams","path":"","doc":"{type=0}","value":"{type=0}"},{"typeError":"MissingPropertyError","messageError":"Missing property source_url","path":"","doc":"{type=0}","value":"{type=0}"}]},{"typeError":"MissingPropertyError","messageError":"Missing property version","path":"","doc":"{type=0}","value":"{type=0}"},{"typeError":"OneOfError","listErrorsIntern":[{"typeError":"MissingPropertyError","messageError":"Missing property streams","path":"","doc":"{type=0, version=0}","value":"{type=0, version=0}"},{"typeError":"MissingPropertyError","messageError":"Missing property source_url","path":"","doc":"{type=0, version=0}","value":"{type=0, version=0}"}]},{"typeError":"OneOfError","listErrorsIntern":[{"typeError":"MissingPropertyError","messageError":"Missing property streams","path":"","doc":"{type=0, version=0}","value":"{type=0, version=0}"},{"typeError":"MissingPropertyError","messageError":"Missing property source_url","path":"","doc":"{type=0, version=0}","value":"{type=0, version=0}"}]},{"typeError":"TypeError","messageError":"Expected: [string] Found: [number, integer]","path":"#/type","doc":"0","value":"{type=0, version=0}"},{"typeError":"OneOfError","listErrorsIntern":[{"typeError":"MissingPropertyError","messageError":"Missing property streams","path":"","doc":"{type=, version=0}","value":"{type=, version=0}"},{"typeError":"MissingPropertyError","messageError":"Missing property source_url","path":"","doc":"{type=, version=0}","value":"{type=, version=0}"}]},{"typeError":"OneOfError","listErrorsIntern":[{"typeError":"MissingPropertyError","messageError":"Missing property streams","path":"","doc":"{type=, version=0}","value":"{type=, version=0}"},{"typeError":"MissingPropertyError","messageError":"Missing property source_url","path":"","doc":"{type=, version=0}","value":"{type=, version=0}"}]},{"typeError":"EnumError","messageError":"Object not in enums: [audio]","path":"#/type","doc":"","value":"{type=, version=0}"},{"typeError":"OneOfError","listErrorsIntern":[{"typeError":"MissingPropertyError","messageError":"Missing property streams","path":"","doc":"{type=audio, version=0}","value":"{type=audio, version=0}"},{"typeError":"MissingPropertyError","messageError":"Missing property source_url","path":"","doc":"{type=audio, version=0}","value":"{type=audio, version=0}"}]},{"typeError":"OneOfError","listErrorsIntern":[{"typeError":"MissingPropertyError","messageError":"Missing property streams","path":"","doc":"{type=audio, version=0}","value":"{type=audio, version=0}"},{"typeError":"MissingPropertyError","messageError":"Missing property source_url","path":"","doc":"{type=audio, version=0}","value":"{type=audio, version=0}"}]},{"typeError":"TypeError","messageError":"Expected: [string] Found: [number, integer]","path":"#/version","doc":"0","value":"{type=audio, version=0}"},{"typeError":"OneOfError","listErrorsIntern":[{"typeError":"MissingPropertyError","messageError":"Missing property streams","path":"","doc":"{type=audio, version=}","value":"{type=audio, version=}"},{"typeError":"MissingPropertyError","messageError":"Missing property source_url","path":"","doc":"{type=audio, version=}","value":"{type=audio, version=}"}]},{"typeError":"OneOfError","listErrorsIntern":[{"typeError":"MissingPropertyError","messageError":"Missing property streams","path":"","doc":"{type=audio, version=}","value":"{type=audio, version=}"},{"typeError":"MissingPropertyError","messageError":"Missing property source_url","path":"","doc":"{type=audio, version=}","value":"{type=audio, version=}"}]},{"typeError":"EnumError","messageError":"Object not in enums: [0.10.9]","path":"#/version","doc":"","value":"{type=audio, version=}"},{"typeError":"OneOfError","listErrorsIntern":[{"typeError":"MissingPropertyError","messageError":"Missing property streams","path":"","doc":"{type=audio, version=0.10.9}","value":"{type=audio, version=0.10.9}"},{"typeError":"MissingPropertyError","messageError":"Missing property source_url","path":"","doc":"{type=audio, version=0.10.9}","value":"{type=audio, version=0.10.9}"}]},{"typeError":"OneOfError","listErrorsIntern":[{"typeError":"MissingPropertyError","messageError":"Missing property streams","path":"","doc":"{type=audio, version=0.10.9}","value":"{type=audio, version=0.10.9}"},{"typeError":"MissingPropertyError","messageError":"Missing property source_url","path":"","doc":"{type=audio, version=0.10.9}","value":"{type=audio, version=0.10.9}"}]},{"typeError":"MissingPropertyError","messageError":"Missing property source_url","path":"","doc":"{type=audio, version=0.10.9}","value":"{type=audio, version=0.10.9}"},{"typeError":"TypeError","messageError":"Expected: [string] Found: [number, integer]","path":"#/source_url","doc":"0","value":"{type=audio, version=0.10.9, source_url=0}"}],"attempt":"9","value":"{type=audio, version=0.10.9, source_url=}"}],"listError":[{"typeError":"OneOfError","messageError":"More than one oneOf passed: file:/home/lyes/JSONGEN/competitors_analysis/expdataset/wp/dgFixed/wp_0_Normalized.json#/oneOf/0, file:/home/lyes/JSONGEN/competitors_analysis/expdataset/wp/dgFixed/wp_0_Normalized.json#/oneOf/1","path":"","doc":"1363740673","value":"1363740673"},{"typeError":"TypeError","messageError":"Expected: [object] Found: [number, integer]","path":"","doc":"1363740673","value":"1363740673"},{"typeError":"OneOfError","listErrorsIntern":[{"typeError":"MissingPropertyError","messageError":"Missing property streams","path":"","doc":"{}","value":"{}"},{"typeError":"MissingPropertyError","messageError":"Missing property source_url","path":"","doc":"{}","value":"{}"}]},{"typeError":"OneOfError","listErrorsIntern":[{"typeError":"MissingPropertyError","messageError":"Missing property streams","path":"","doc":"{}","value":"{}"},{"typeError":"MissingPropertyError","messageError":"Missing property source_url","path":"","doc":"{}","value":"{}"}]},{"typeError":"MissingPropertyError","messageError":"Missing property type","path":"","doc":"{}","value":"{}"},{"typeError":"OneOfError","listErrorsIntern":[{"typeError":"MissingPropertyError","messageError":"Missing property streams","path":"","doc":"{type=0}","value":"{type=0}"},{"typeError":"MissingPropertyError","messageError":"Missing property source_url","path":"","doc":"{type=0}","value":"{type=0}"}]},{"typeError":"OneOfError","listErrorsIntern":[{"typeError":"MissingPropertyError","messageError":"Missing property streams","path":"","doc":"{type=0}","value":"{type=0}"},{"typeError":"MissingPropertyError","messageError":"Missing property source_url","path":"","doc":"{type=0}","value":"{type=0}"}]},{"typeError":"MissingPropertyError","messageError":"Missing property version","path":"","doc":"{type=0}","value":"{type=0}"},{"typeError":"OneOfError","listErrorsIntern":[{"typeError":"MissingPropertyError","messageError":"Missing property streams","path":"","doc":"{type=0, version=0}","value":"{type=0, version=0}"},{"typeError":"MissingPropertyError","messageError":"Missing property source_url","path":"","doc":"{type=0, version=0}","value":"{type=0, version=0}"}]},{"typeError":"OneOfError","listErrorsIntern":[{"typeError":"MissingPropertyError","messageError":"Missing property streams","path":"","doc":"{type=0, version=0}","value":"{type=0, version=0}"},{"typeError":"MissingPropertyError","messageError":"Missing property source_url","path":"","doc":"{type=0, version=0}","value":"{type=0, version=0}"}]},{"typeError":"TypeError","messageError":"Expected: [string] Found: [number, integer]","path":"#/type","doc":"0","value":"{type=0, version=0}"},{"typeError":"OneOfError","listErrorsIntern":[{"typeError":"MissingPropertyError","messageError":"Missing property streams","path":"","doc":"{type=, version=0}","value":"{type=, version=0}"},{"typeError":"MissingPropertyError","messageError":"Missing property source_url","path":"","doc":"{type=, version=0}","value":"{type=, version=0}"}]},{"typeError":"OneOfError","listErrorsIntern":[{"typeError":"MissingPropertyError","messageError":"Missing property streams","path":"","doc":"{type=, version=0}","value":"{type=, version=0}"},{"typeError":"MissingPropertyError","messageError":"Missing property source_url","path":"","doc":"{type=, version=0}","value":"{type=, version=0}"}]},{"typeError":"EnumError","messageError":"Object not in enums: [audio]","path":"#/type","doc":"","value":"{type=, version=0}"},{"typeError":"OneOfError","listErrorsIntern":[{"typeError":"MissingPropertyError","messageError":"Missing property streams","path":"","doc":"{type=audio, version=0}","value":"{type=audio, version=0}"},{"typeError":"MissingPropertyError","messageError":"Missing property source_url","path":"","doc":"{type=audio, version=0}","value":"{type=audio, version=0}"}]},{"typeError":"OneOfError","listErrorsIntern":[{"typeError":"MissingPropertyError","messageError":"Missing property streams","path":"","doc":"{type=audio, version=0}","value":"{type=audio, version=0}"},{"typeError":"MissingPropertyError","messageError":"Missing property source_url","path":"","doc":"{type=audio, version=0}","value":"{type=audio, version=0}"}]},{"typeError":"TypeError","messageError":"Expected: [string] Found: [number, integer]","path":"#/version","doc":"0","value":"{type=audio, version=0}"},{"typeError":"OneOfError","listErrorsIntern":[{"typeError":"MissingPropertyError","messageError":"Missing property streams","path":"","doc":"{type=audio, version=}","value":"{type=audio, version=}"},{"typeError":"MissingPropertyError","messageError":"Missing property source_url","path":"","doc":"{type=audio, version=}","value":"{type=audio, version=}"}]},{"typeError":"OneOfError","listErrorsIntern":[{"typeError":"MissingPropertyError","messageError":"Missing property streams","path":"","doc":"{type=audio, version=}","value":"{type=audio, version=}"},{"typeError":"MissingPropertyError","messageError":"Missing property source_url","path":"","doc":"{type=audio, version=}","value":"{type=audio, version=}"}]},{"typeError":"EnumError","messageError":"Object not in enums: [0.10.9]","path":"#/version","doc":"","value":"{type=audio, version=}"},{"typeError":"OneOfError","listErrorsIntern":[{"typeError":"MissingPropertyError","messageError":"Missing property streams","path":"","doc":"{type=audio, version=0.10.9}","value":"{type=audio, version=0.10.9}"},{"typeError":"MissingPropertyError","messageError":"Missing property source_url","path":"","doc":"{type=audio, version=0.10.9}","value":"{type=audio, version=0.10.9}"}]},{"typeError":"OneOfError","listErrorsIntern":[{"typeError":"MissingPropertyError","messageError":"Missing property streams","path":"","doc":"{type=audio, version=0.10.9}","value":"{type=audio, version=0.10.9}"},{"typeError":"MissingPropertyError","messageError":"Missing property source_url","path":"","doc":"{type=audio, version=0.10.9}","value":"{type=audio, version=0.10.9}"}]},{"typeError":"MissingPropertyError","messageError":"Missing property source_url","path":"","doc":"{type=audio, version=0.10.9}","value":"{type=audio, version=0.10.9}"},{"typeError":"TypeError","messageError":"Expected: [string] Found: [number, integer]","path":"#/source_url","doc":"0","value":"{type=audio, version=0.10.9, source_url=0}"}],"finalValue":"{type=audio, version=0.10.9, source_url=}","nameFile":"logwp_0_Normalized.json","uniqueData":false}