{"timestamp":46491541,"totalAttempts":12,"previousAttempts":[{"ListErrors":[{"typeError":"MissingPropertyError","messageError":"Missing property note","path":"","doc":"{}","value":"{}"},{"typeError":"MissingPropertyError","messageError":"Missing property organization_id","path":"","doc":"{note=0}","value":"{note=0}"},{"typeError":"MissingPropertyError","messageError":"Missing property id","path":"","doc":"{note=0, organization_id=0}","value":"{note=0, organization_id=0}"},{"typeError":"MissingPropertyError","messageError":"Missing property type","path":"","doc":"{note=0, organization_id=0, id=0}","value":"{note=0, organization_id=0, id=0}"},{"typeError":"MissingPropertyError","messageError":"Missing property operation","path":"","doc":"{note=0, organization_id=0, id=0, type=0}","value":"{note=0, organization_id=0, id=0, type=0}"},{"typeError":"TypeError","messageError":"Expected: [string] Found: [number, integer]","path":"#/note","doc":"0","value":"{note=0, organization_id=0, id=0, type=0, operation=0}"},{"typeError":"TypeError","messageError":"Expected: [string] Found: [number, integer]","path":"#/organization_id","doc":"0","value":"{note=, organization_id=0, id=0, type=0, operation=0}"},{"typeError":"TypeError","messageError":"Expected: [string] Found: [number, integer]","path":"#/id","doc":"0","value":"{note=, organization_id=, id=0, type=0, operation=0}"},{"typeError":"TypeError","messageError":"Expected: [string] Found: [number, integer]","path":"#/type","doc":"0","value":"{note=, organization_id=, id=, type=0, operation=0}"},{"typeError":"EnumError","messageError":"Object not in enums: [planning-note-operation]","path":"#/type","doc":"","value":"{note=, organization_id=, id=, type=, operation=0}"},{"typeError":"TypeError","messageError":"Expected: [string] Found: [number, integer]","path":"#/operation","doc":"0","value":"{note=, organization_id=, id=, type=planning-note-operation, operation=0}"},{"typeError":"EnumError","messageError":"Object not in enums: [update]","path":"#/operation","doc":"","value":"{note=, organization_id=, id=, type=planning-note-operation, operation=}"}],"attempt":"1","value":"{note=0}"},{"ListErrors":[{"typeError":"MissingPropertyError","messageError":"Missing property note","path":"","doc":"{}","value":"{}"},{"typeError":"MissingPropertyError","messageError":"Missing property organization_id","path":"","doc":"{note=0}","value":"{note=0}"},{"typeError":"MissingPropertyError","messageError":"Missing property id","path":"","doc":"{note=0, organization_id=0}","value":"{note=0, organization_id=0}"},{"typeError":"MissingPropertyError","messageError":"Missing property type","path":"","doc":"{note=0, organization_id=0, id=0}","value":"{note=0, organization_id=0, id=0}"},{"typeError":"MissingPropertyError","messageError":"Missing property operation","path":"","doc":"{note=0, organization_id=0, id=0, type=0}","value":"{note=0, organization_id=0, id=0, type=0}"},{"typeError":"TypeError","messageError":"Expected: [string] Found: [number, integer]","path":"#/note","doc":"0","value":"{note=0, organization_id=0, id=0, type=0, operation=0}"},{"typeError":"TypeError","messageError":"Expected: [string] Found: [number, integer]","path":"#/organization_id","doc":"0","value":"{note=, organization_id=0, id=0, type=0, operation=0}"},{"typeError":"TypeError","messageError":"Expected: [string] Found: [number, integer]","path":"#/id","doc":"0","value":"{note=, organization_id=, id=0, type=0, operation=0}"},{"typeError":"TypeError","messageError":"Expected: [string] Found: [number, integer]","path":"#/type","doc":"0","value":"{note=, organization_id=, id=, type=0, operation=0}"},{"typeError":"EnumError","messageError":"Object not in enums: [planning-note-operation]","path":"#/type","doc":"","value":"{note=, organization_id=, id=, type=, operation=0}"},{"typeError":"TypeError","messageError":"Expected: [string] Found: [number, integer]","path":"#/operation","doc":"0","value":"{note=, organization_id=, id=, type=planning-note-operation, operation=0}"},{"typeError":"EnumError","messageError":"Object not in enums: [update]","path":"#/operation","doc":"","value":"{note=, organization_id=, id=, type=planning-note-operation, operation=}"}],"attempt":"2","value":"{note=0, organization_id=0}"},{"ListErrors":[{"typeError":"MissingPropertyError","messageError":"Missing property note","path":"","doc":"{}","value":"{}"},{"typeError":"MissingPropertyError","messageError":"Missing property organization_id","path":"","doc":"{note=0}","value":"{note=0}"},{"typeError":"MissingPropertyError","messageError":"Missing property id","path":"","doc":"{note=0, organization_id=0}","value":"{note=0, organization_id=0}"},{"typeError":"MissingPropertyError","messageError":"Missing property type","path":"","doc":"{note=0, organization_id=0, id=0}","value":"{note=0, organization_id=0, id=0}"},{"typeError":"MissingPropertyError","messageError":"Missing property operation","path":"","doc":"{note=0, organization_id=0, id=0, type=0}","value":"{note=0, organization_id=0, id=0, type=0}"},{"typeError":"TypeError","messageError":"Expected: [string] Found: [number, integer]","path":"#/note","doc":"0","value":"{note=0, organization_id=0, id=0, type=0, operation=0}"},{"typeError":"TypeError","messageError":"Expected: [string] Found: [number, integer]","path":"#/organization_id","doc":"0","value":"{note=, organization_id=0, id=0, type=0, operation=0}"},{"typeError":"TypeError","messageError":"Expected: [string] Found: [number, integer]","path":"#/id","doc":"0","value":"{note=, organization_id=, id=0, type=0, operation=0}"},{"typeError":"TypeError","messageError":"Expected: [string] Found: [number, integer]","path":"#/type","doc":"0","value":"{note=, organization_id=, id=, type=0, operation=0}"},{"typeError":"EnumError","messageError":"Object not in enums: [planning-note-operation]","path":"#/type","doc":"","value":"{note=, organization_id=, id=, type=, operation=0}"},{"typeError":"TypeError","messageError":"Expected: [string] Found: [number, integer]","path":"#/operation","doc":"0","value":"{note=, organization_id=, id=, type=planning-note-operation, operation=0}"},{"typeError":"EnumError","messageError":"Object not in enums: [update]","path":"#/operation","doc":"","value":"{note=, organization_id=, id=, type=planning-note-operation, operation=}"}],"attempt":"3","value":"{note=0, organization_id=0, id=0}"},{"ListErrors":[{"typeError":"MissingPropertyError","messageError":"Missing property note","path":"","doc":"{}","value":"{}"},{"typeError":"MissingPropertyError","messageError":"Missing property organization_id","path":"","doc":"{note=0}","value":"{note=0}"},{"typeError":"MissingPropertyError","messageError":"Missing property id","path":"","doc":"{note=0, organization_id=0}","value":"{note=0, organization_id=0}"},{"typeError":"MissingPropertyError","messageError":"Missing property type","path":"","doc":"{note=0, organization_id=0, id=0}","value":"{note=0, organization_id=0, id=0}"},{"typeError":"MissingPropertyError","messageError":"Missing property operation","path":"","doc":"{note=0, organization_id=0, id=0, type=0}","value":"{note=0, organization_id=0, id=0, type=0}"},{"typeError":"TypeError","messageError":"Expected: [string] Found: [number, integer]","path":"#/note","doc":"0","value":"{note=0, organization_id=0, id=0, type=0, operation=0}"},{"typeError":"TypeError","messageError":"Expected: [string] Found: [number, integer]","path":"#/organization_id","doc":"0","value":"{note=, organization_id=0, id=0, type=0, operation=0}"},{"typeError":"TypeError","messageError":"Expected: [string] Found: [number, integer]","path":"#/id","doc":"0","value":"{note=, organization_id=, id=0, type=0, operation=0}"},{"typeError":"TypeError","messageError":"Expected: [string] Found: [number, integer]","path":"#/type","doc":"0","value":"{note=, organization_id=, id=, type=0, operation=0}"},{"typeError":"EnumError","messageError":"Object not in enums: [planning-note-operation]","path":"#/type","doc":"","value":"{note=, organization_id=, id=, type=, operation=0}"},{"typeError":"TypeError","messageError":"Expected: [string] Found: [number, integer]","path":"#/operation","doc":"0","value":"{note=, organization_id=, id=, type=planning-note-operation, operation=0}"},{"typeError":"EnumError","messageError":"Object not in enums: [update]","path":"#/operation","doc":"","value":"{note=, organization_id=, id=, type=planning-note-operation, operation=}"}],"attempt":"4","value":"{note=0, organization_id=0, id=0, type=0}"},{"ListErrors":[{"typeError":"MissingPropertyError","messageError":"Missing property note","path":"","doc":"{}","value":"{}"},{"typeError":"MissingPropertyError","messageError":"Missing property organization_id","path":"","doc":"{note=0}","value":"{note=0}"},{"typeError":"MissingPropertyError","messageError":"Missing property id","path":"","doc":"{note=0, organization_id=0}","value":"{note=0, organization_id=0}"},{"typeError":"MissingPropertyError","messageError":"Missing property type","path":"","doc":"{note=0, organization_id=0, id=0}","value":"{note=0, organization_id=0, id=0}"},{"typeError":"MissingPropertyError","messageError":"Missing property operation","path":"","doc":"{note=0, organization_id=0, id=0, type=0}","value":"{note=0, organization_id=0, id=0, type=0}"},{"typeError":"TypeError","messageError":"Expected: [string] Found: [number, integer]","path":"#/note","doc":"0","value":"{note=0, organization_id=0, id=0, type=0, operation=0}"},{"typeError":"TypeError","messageError":"Expected: [string] Found: [number, integer]","path":"#/organization_id","doc":"0","value":"{note=, organization_id=0, id=0, type=0, operation=0}"},{"typeError":"TypeError","messageError":"Expected: [string] Found: [number, integer]","path":"#/id","doc":"0","value":"{note=, organization_id=, id=0, type=0, operation=0}"},{"typeError":"TypeError","messageError":"Expected: [string] Found: [number, integer]","path":"#/type","doc":"0","value":"{note=, organization_id=, id=, type=0, operation=0}"},{"typeError":"EnumError","messageError":"Object not in enums: [planning-note-operation]","path":"#/type","doc":"","value":"{note=, organization_id=, id=, type=, operation=0}"},{"typeError":"TypeError","messageError":"Expected: [string] Found: [number, integer]","path":"#/operation","doc":"0","value":"{note=, organization_id=, id=, type=planning-note-operation, operation=0}"},{"typeError":"EnumError","messageError":"Object not in enums: [update]","path":"#/operation","doc":"","value":"{note=, organization_id=, id=, type=planning-note-operation, operation=}"}],"attempt":"5","value":"{note=0, organization_id=0, id=0, type=0, operation=0}"},{"ListErrors":[{"typeError":"MissingPropertyError","messageError":"Missing property note","path":"","doc":"{}","value":"{}"},{"typeError":"MissingPropertyError","messageError":"Missing property organization_id","path":"","doc":"{note=0}","value":"{note=0}"},{"typeError":"MissingPropertyError","messageError":"Missing property id","path":"","doc":"{note=0, organization_id=0}","value":"{note=0, organization_id=0}"},{"typeError":"MissingPropertyError","messageError":"Missing property type","path":"","doc":"{note=0, organization_id=0, id=0}","value":"{note=0, organization_id=0, id=0}"},{"typeError":"MissingPropertyError","messageError":"Missing property operation","path":"","doc":"{note=0, organization_id=0, id=0, type=0}","value":"{note=0, organization_id=0, id=0, type=0}"},{"typeError":"TypeError","messageError":"Expected: [string] Found: [number, integer]","path":"#/note","doc":"0","value":"{note=0, organization_id=0, id=0, type=0, operation=0}"},{"typeError":"TypeError","messageError":"Expected: [string] Found: [number, integer]","path":"#/organization_id","doc":"0","value":"{note=, organization_id=0, id=0, type=0, operation=0}"},{"typeError":"TypeError","messageError":"Expected: [string] Found: [number, integer]","path":"#/id","doc":"0","value":"{note=, organization_id=, id=0, type=0, operation=0}"},{"typeError":"TypeError","messageError":"Expected: [string] Found: [number, integer]","path":"#/type","doc":"0","value":"{note=, organization_id=, id=, type=0, operation=0}"},{"typeError":"EnumError","messageError":"Object not in enums: [planning-note-operation]","path":"#/type","doc":"","value":"{note=, organization_id=, id=, type=, operation=0}"},{"typeError":"TypeError","messageError":"Expected: [string] Found: [number, integer]","path":"#/operation","doc":"0","value":"{note=, organization_id=, id=, type=planning-note-operation, operation=0}"},{"typeError":"EnumError","messageError":"Object not in enums: [update]","path":"#/operation","doc":"","value":"{note=, organization_id=, id=, type=planning-note-operation, operation=}"}],"attempt":"6","value":"{note=, organization_id=0, id=0, type=0, operation=0}"},{"ListErrors":[{"typeError":"MissingPropertyError","messageError":"Missing property note","path":"","doc":"{}","value":"{}"},{"typeError":"MissingPropertyError","messageError":"Missing property organization_id","path":"","doc":"{note=0}","value":"{note=0}"},{"typeError":"MissingPropertyError","messageError":"Missing property id","path":"","doc":"{note=0, organization_id=0}","value":"{note=0, organization_id=0}"},{"typeError":"MissingPropertyError","messageError":"Missing property type","path":"","doc":"{note=0, organization_id=0, id=0}","value":"{note=0, organization_id=0, id=0}"},{"typeError":"MissingPropertyError","messageError":"Missing property operation","path":"","doc":"{note=0, organization_id=0, id=0, type=0}","value":"{note=0, organization_id=0, id=0, type=0}"},{"typeError":"TypeError","messageError":"Expected: [string] Found: [number, integer]","path":"#/note","doc":"0","value":"{note=0, organization_id=0, id=0, type=0, operation=0}"},{"typeError":"TypeError","messageError":"Expected: [string] Found: [number, integer]","path":"#/organization_id","doc":"0","value":"{note=, organization_id=0, id=0, type=0, operation=0}"},{"typeError":"TypeError","messageError":"Expected: [string] Found: [number, integer]","path":"#/id","doc":"0","value":"{note=, organization_id=, id=0, type=0, operation=0}"},{"typeError":"TypeError","messageError":"Expected: [string] Found: [number, integer]","path":"#/type","doc":"0","value":"{note=, organization_id=, id=, type=0, operation=0}"},{"typeError":"EnumError","messageError":"Object not in enums: [planning-note-operation]","path":"#/type","doc":"","value":"{note=, organization_id=, id=, type=, operation=0}"},{"typeError":"TypeError","messageError":"Expected: [string] Found: [number, integer]","path":"#/operation","doc":"0","value":"{note=, organization_id=, id=, type=planning-note-operation, operation=0}"},{"typeError":"EnumError","messageError":"Object not in enums: [update]","path":"#/operation","doc":"","value":"{note=, organization_id=, id=, type=planning-note-operation, operation=}"}],"attempt":"7","value":"{note=, organization_id=, id=0, type=0, operation=0}"},{"ListErrors":[{"typeError":"MissingPropertyError","messageError":"Missing property note","path":"","doc":"{}","value":"{}"},{"typeError":"MissingPropertyError","messageError":"Missing property organization_id","path":"","doc":"{note=0}","value":"{note=0}"},{"typeError":"MissingPropertyError","messageError":"Missing property id","path":"","doc":"{note=0, organization_id=0}","value":"{note=0, organization_id=0}"},{"typeError":"MissingPropertyError","messageError":"Missing property type","path":"","doc":"{note=0, organization_id=0, id=0}","value":"{note=0, organization_id=0, id=0}"},{"typeError":"MissingPropertyError","messageError":"Missing property operation","path":"","doc":"{note=0, organization_id=0, id=0, type=0}","value":"{note=0, organization_id=0, id=0, type=0}"},{"typeError":"TypeError","messageError":"Expected: [string] Found: [number, integer]","path":"#/note","doc":"0","value":"{note=0, organization_id=0, id=0, type=0, operation=0}"},{"typeError":"TypeError","messageError":"Expected: [string] Found: [number, integer]","path":"#/organization_id","doc":"0","value":"{note=, organization_id=0, id=0, type=0, operation=0}"},{"typeError":"TypeError","messageError":"Expected: [string] Found: [number, integer]","path":"#/id","doc":"0","value":"{note=, organization_id=, id=0, type=0, operation=0}"},{"typeError":"TypeError","messageError":"Expected: [string] Found: [number, integer]","path":"#/type","doc":"0","value":"{note=, organization_id=, id=, type=0, operation=0}"},{"typeError":"EnumError","messageError":"Object not in enums: [planning-note-operation]","path":"#/type","doc":"","value":"{note=, organization_id=, id=, type=, operation=0}"},{"typeError":"TypeError","messageError":"Expected: [string] Found: [number, integer]","path":"#/operation","doc":"0","value":"{note=, organization_id=, id=, type=planning-note-operation, operation=0}"},{"typeError":"EnumError","messageError":"Object not in enums: [update]","path":"#/operation","doc":"","value":"{note=, organization_id=, id=, type=planning-note-operation, operation=}"}],"attempt":"8","value":"{note=, organization_id=, id=, type=0, operation=0}"},{"ListErrors":[{"typeError":"MissingPropertyError","messageError":"Missing property note","path":"","doc":"{}","value":"{}"},{"typeError":"MissingPropertyError","messageError":"Missing property organization_id","path":"","doc":"{note=0}","value":"{note=0}"},{"typeError":"MissingPropertyError","messageError":"Missing property id","path":"","doc":"{note=0, organization_id=0}","value":"{note=0, organization_id=0}"},{"typeError":"MissingPropertyError","messageError":"Missing property type","path":"","doc":"{note=0, organization_id=0, id=0}","value":"{note=0, organization_id=0, id=0}"},{"typeError":"MissingPropertyError","messageError":"Missing property operation","path":"","doc":"{note=0, organization_id=0, id=0, type=0}","value":"{note=0, organization_id=0, id=0, type=0}"},{"typeError":"TypeError","messageError":"Expected: [string] Found: [number, integer]","path":"#/note","doc":"0","value":"{note=0, organization_id=0, id=0, type=0, operation=0}"},{"typeError":"TypeError","messageError":"Expected: [string] Found: [number, integer]","path":"#/organization_id","doc":"0","value":"{note=, organization_id=0, id=0, type=0, operation=0}"},{"typeError":"TypeError","messageError":"Expected: [string] Found: [number, integer]","path":"#/id","doc":"0","value":"{note=, organization_id=, id=0, type=0, operation=0}"},{"typeError":"TypeError","messageError":"Expected: [string] Found: [number, integer]","path":"#/type","doc":"0","value":"{note=, organization_id=, id=, type=0, operation=0}"},{"typeError":"EnumError","messageError":"Object not in enums: [planning-note-operation]","path":"#/type","doc":"","value":"{note=, organization_id=, id=, type=, operation=0}"},{"typeError":"TypeError","messageError":"Expected: [string] Found: [number, integer]","path":"#/operation","doc":"0","value":"{note=, organization_id=, id=, type=planning-note-operation, operation=0}"},{"typeError":"EnumError","messageError":"Object not in enums: [update]","path":"#/operation","doc":"","value":"{note=, organization_id=, id=, type=planning-note-operation, operation=}"}],"attempt":"9","value":"{note=, organization_id=, id=, type=, operation=0}"},{"ListErrors":[{"typeError":"MissingPropertyError","messageError":"Missing property note","path":"","doc":"{}","value":"{}"},{"typeError":"MissingPropertyError","messageError":"Missing property organization_id","path":"","doc":"{note=0}","value":"{note=0}"},{"typeError":"MissingPropertyError","messageError":"Missing property id","path":"","doc":"{note=0, organization_id=0}","value":"{note=0, organization_id=0}"},{"typeError":"MissingPropertyError","messageError":"Missing property type","path":"","doc":"{note=0, organization_id=0, id=0}","value":"{note=0, organization_id=0, id=0}"},{"typeError":"MissingPropertyError","messageError":"Missing property operation","path":"","doc":"{note=0, organization_id=0, id=0, type=0}","value":"{note=0, organization_id=0, id=0, type=0}"},{"typeError":"TypeError","messageError":"Expected: [string] Found: [number, integer]","path":"#/note","doc":"0","value":"{note=0, organization_id=0, id=0, type=0, operation=0}"},{"typeError":"TypeError","messageError":"Expected: [string] Found: [number, integer]","path":"#/organization_id","doc":"0","value":"{note=, organization_id=0, id=0, type=0, operation=0}"},{"typeError":"TypeError","messageError":"Expected: [string] Found: [number, integer]","path":"#/id","doc":"0","value":"{note=, organization_id=, id=0, type=0, operation=0}"},{"typeError":"TypeError","messageError":"Expected: [string] Found: [number, integer]","path":"#/type","doc":"0","value":"{note=, organization_id=, id=, type=0, operation=0}"},{"typeError":"EnumError","messageError":"Object not in enums: [planning-note-operation]","path":"#/type","doc":"","value":"{note=, organization_id=, id=, type=, operation=0}"},{"typeError":"TypeError","messageError":"Expected: [string] Found: [number, integer]","path":"#/operation","doc":"0","value":"{note=, organization_id=, id=, type=planning-note-operation, operation=0}"},{"typeError":"EnumError","messageError":"Object not in enums: [update]","path":"#/operation","doc":"","value":"{note=, organization_id=, id=, type=planning-note-operation, operation=}"}],"attempt":"10","value":"{note=, organization_id=, id=, type=planning-note-operation, operation=0}"},{"ListErrors":[{"typeError":"MissingPropertyError","messageError":"Missing property note","path":"","doc":"{}","value":"{}"},{"typeError":"MissingPropertyError","messageError":"Missing property organization_id","path":"","doc":"{note=0}","value":"{note=0}"},{"typeError":"MissingPropertyError","messageError":"Missing property id","path":"","doc":"{note=0, organization_id=0}","value":"{note=0, organization_id=0}"},{"typeError":"MissingPropertyError","messageError":"Missing property type","path":"","doc":"{note=0, organization_id=0, id=0}","value":"{note=0, organization_id=0, id=0}"},{"typeError":"MissingPropertyError","messageError":"Missing property operation","path":"","doc":"{note=0, organization_id=0, id=0, type=0}","value":"{note=0, organization_id=0, id=0, type=0}"},{"typeError":"TypeError","messageError":"Expected: [string] Found: [number, integer]","path":"#/note","doc":"0","value":"{note=0, organization_id=0, id=0, type=0, operation=0}"},{"typeError":"TypeError","messageError":"Expected: [string] Found: [number, integer]","path":"#/organization_id","doc":"0","value":"{note=, organization_id=0, id=0, type=0, operation=0}"},{"typeError":"TypeError","messageError":"Expected: [string] Found: [number, integer]","path":"#/id","doc":"0","value":"{note=, organization_id=, id=0, type=0, operation=0}"},{"typeError":"TypeError","messageError":"Expected: [string] Found: [number, integer]","path":"#/type","doc":"0","value":"{note=, organization_id=, id=, type=0, operation=0}"},{"typeError":"EnumError","messageError":"Object not in enums: [planning-note-operation]","path":"#/type","doc":"","value":"{note=, organization_id=, id=, type=, operation=0}"},{"typeError":"TypeError","messageError":"Expected: [string] Found: [number, integer]","path":"#/operation","doc":"0","value":"{note=, organization_id=, id=, type=planning-note-operation, operation=0}"},{"typeError":"EnumError","messageError":"Object not in enums: [update]","path":"#/operation","doc":"","value":"{note=, organization_id=, id=, type=planning-note-operation, operation=}"}],"attempt":"11","value":"{note=, organization_id=, id=, type=planning-note-operation, operation=}"},{"ListErrors":[{"typeError":"MissingPropertyError","messageError":"Missing property note","path":"","doc":"{}","value":"{}"},{"typeError":"MissingPropertyError","messageError":"Missing property organization_id","path":"","doc":"{note=0}","value":"{note=0}"},{"typeError":"MissingPropertyError","messageError":"Missing property id","path":"","doc":"{note=0, organization_id=0}","value":"{note=0, organization_id=0}"},{"typeError":"MissingPropertyError","messageError":"Missing property type","path":"","doc":"{note=0, organization_id=0, id=0}","value":"{note=0, organization_id=0, id=0}"},{"typeError":"MissingPropertyError","messageError":"Missing property operation","path":"","doc":"{note=0, organization_id=0, id=0, type=0}","value":"{note=0, organization_id=0, id=0, type=0}"},{"typeError":"TypeError","messageError":"Expected: [string] Found: [number, integer]","path":"#/note","doc":"0","value":"{note=0, organization_id=0, id=0, type=0, operation=0}"},{"typeError":"TypeError","messageError":"Expected: [string] Found: [number, integer]","path":"#/organization_id","doc":"0","value":"{note=, organization_id=0, id=0, type=0, operation=0}"},{"typeError":"TypeError","messageError":"Expected: [string] Found: [number, integer]","path":"#/id","doc":"0","value":"{note=, organization_id=, id=0, type=0, operation=0}"},{"typeError":"TypeError","messageError":"Expected: [string] Found: [number, integer]","path":"#/type","doc":"0","value":"{note=, organization_id=, id=, type=0, operation=0}"},{"typeError":"EnumError","messageError":"Object not in enums: [planning-note-operation]","path":"#/type","doc":"","value":"{note=, organization_id=, id=, type=, operation=0}"},{"typeError":"TypeError","messageError":"Expected: [string] Found: [number, integer]","path":"#/operation","doc":"0","value":"{note=, organization_id=, id=, type=planning-note-operation, operation=0}"},{"typeError":"EnumError","messageError":"Object not in enums: [update]","path":"#/operation","doc":"","value":"{note=, organization_id=, id=, type=planning-note-operation, operation=}"}],"attempt":"12","value":"{note=, organization_id=, id=, type=planning-note-operation, operation=update}"}],"listError":[{"typeError":"MissingPropertyError","messageError":"Missing property note","path":"","doc":"{}","value":"{}"},{"typeError":"MissingPropertyError","messageError":"Missing property organization_id","path":"","doc":"{note=0}","value":"{note=0}"},{"typeError":"MissingPropertyError","messageError":"Missing property id","path":"","doc":"{note=0, organization_id=0}","value":"{note=0, organization_id=0}"},{"typeError":"MissingPropertyError","messageError":"Missing property type","path":"","doc":"{note=0, organization_id=0, id=0}","value":"{note=0, organization_id=0, id=0}"},{"typeError":"MissingPropertyError","messageError":"Missing property operation","path":"","doc":"{note=0, organization_id=0, id=0, type=0}","value":"{note=0, organization_id=0, id=0, type=0}"},{"typeError":"TypeError","messageError":"Expected: [string] Found: [number, integer]","path":"#/note","doc":"0","value":"{note=0, organization_id=0, id=0, type=0, operation=0}"},{"typeError":"TypeError","messageError":"Expected: [string] Found: [number, integer]","path":"#/organization_id","doc":"0","value":"{note=, organization_id=0, id=0, type=0, operation=0}"},{"typeError":"TypeError","messageError":"Expected: [string] Found: [number, integer]","path":"#/id","doc":"0","value":"{note=, organization_id=, id=0, type=0, operation=0}"},{"typeError":"TypeError","messageError":"Expected: [string] Found: [number, integer]","path":"#/type","doc":"0","value":"{note=, organization_id=, id=, type=0, operation=0}"},{"typeError":"EnumError","messageError":"Object not in enums: [planning-note-operation]","path":"#/type","doc":"","value":"{note=, organization_id=, id=, type=, operation=0}"},{"typeError":"TypeError","messageError":"Expected: [string] Found: [number, integer]","path":"#/operation","doc":"0","value":"{note=, organization_id=, id=, type=planning-note-operation, operation=0}"},{"typeError":"EnumError","messageError":"Object not in enums: [update]","path":"#/operation","doc":"","value":"{note=, organization_id=, id=, type=planning-note-operation, operation=}"}],"finalValue":"{note=, organization_id=, id=, type=planning-note-operation, operation=update}","nameFile":"logwp_10_Normalized.json","uniqueData":false}