{"type" :"string",
 "comment" : "any not any not any - any all any - 3^3",
  "anyOf" : [ {"$ref" : "#/definitions/not1"},
              {"$ref" : "#/definitions/not2"},
              {"$ref" : "#/definitions/not3"}],
  "pattern" : "[aA][12].*[zZ]",
  "minLength" : 10,
  "maxLength" : 90,
  "definitions" : {
      "not1" : { "not" :
		 {  "anyOf" : [ {"$ref" : "#/definitions/not11"},
				{"$ref" : "#/definitions/not12"},
				{"$ref" : "#/definitions/not13"}
			      ]
		 }
	       },
      "not2" : { "not" :
		 {  "anyOf" : [ {"$ref" : "#/definitions/not21"},
				{"$ref" : "#/definitions/not22"},
				{"$ref" : "#/definitions/not23"}
			      ]
		 }
	       },
      "not3" : { "not" :
		 {  "anyOf" : [ {"$ref" : "#/definitions/not31"},
				{"$ref" : "#/definitions/not32"},
				{"$ref" : "#/definitions/not33"}
			      ]
		 }
	       },
      "not11" : { "not" :
		 {  "anyOf" : [ {"pattern" : "^....$"},
				{"pattern" : "ab1"},
				{"pattern" : "b12"}
			      ]
		 }
	       },
      "not12" : { "not" :
		 {  "anyOf" : [ {"pattern" : "^....$"},
				{"pattern" : "bc1"},
				{"pattern" : "c12"}
			      ]
		 }
	       },
      "not13" : { "not" :
		 {  "anyOf" : [ {"pattern" : "^....$"},
				{"pattern" : "ca1"},
				{"pattern" : "a12"}
			      ]
		 }
	       },
      "not21" : { "not" :
		 {  "anyOf" : [ {"pattern" : "^[\\w]*$"},
				{"pattern" : "\\d\\d"},
				{"pattern" : "[a|b]"}
			      ]
		 }
	       },
      "not22" : { "not" :
		 {  "anyOf" : [ {"pattern" : "^[\\w]*$"},
				{"pattern" : "\\d\\d"},
				{"pattern" : "[b|c]"}
			      ]
		 }
	       },
      "not23" : { "not" :
		 {  "anyOf" : [ {"pattern" : "^[\\w]*$"},
				{"pattern" : "\\d\\d"},
				{"pattern" : "[c|a]"}
			      ]
		 }
	       },
      "not31" : { "not" :
		 {  "anyOf" : [ {"pattern" : "^[\\w]+"},
				{"pattern" : "1.*2"},
				{"pattern" : "ac"}
			      ]
		 }
	       },
      "not32" : { "not" :
		 {  "anyOf" : [ {"pattern" : "^[\\w]+"},
				{"pattern" : "1.*2"},
				{"pattern" : "a2"}
			      ]
		 }
	       },
      "not33" : { "not" :
		 {  "anyOf" : [ {"pattern" : "^[\\w]+"},
				{"pattern" : "1.*2"},
				{"pattern" : "a1"}
			      ]
		 }
		}
  }
}
