{"type" :"number",
 "comment" : "result must be mof 429",
  "allOf" : [ {"$ref" : "#/definitions/any1"},
              {"$ref" : "#/definitions/any2"},
              {"$ref" : "#/definitions/any3"},
              {"not" : {"multipleOf" : 8 } } ],
  "definitions" : {
        "any1" : { "oneOf" : [ { "multipleOf" : 33 },
                               { "multipleOf" : 12 },
                               { "multipleOf" : 77 }
                    ]
        },
        "any2" : { "oneOf" : [
                      {"allOf" : [
                             {"not" : { "multipleOf" : 6 }},
                             {"not" : { "multipleOf" : 7 }}
                       ]},
                      {"multipleOf" : 44 }
                    ]
        },
        "any3" : {"oneOf" : [ {"not" : {"multipleOf" : 11 }},
                                       {"multipleOf" : 13 }
                             ]
        }
  }
}
