{"type" :"number",
 "comment" : "result must be negative",
  "allOf" : [ {"$ref" : "#/definitions/any1"},
              {"$ref" : "#/definitions/any2"},
              {"$ref" : "#/definitions/any3"},
              {"exclusiveMinimum" : -300},
              {"exclusiveMaximum" : 0}],
  "definitions" : {
        "any1" : { "anyOf" : [ { "multipleOf" : 33 },
                               { "multipleOf" : 12 },
                               { "multipleOf" : 4 },
                               { "multipleOf" : 16 },
                               { "multipleOf" : 77 }
                    ]
        },
        "any2" : { "anyOf" : [
                      {"allOf" : [
                             {"not" : { "multipleOf" : 6 }},
                             {"not" : { "multipleOf" : 7 }}
                       ]},
                     {"multipleOf" : 25 },
                     {"multipleOf" : 42 },
                     {"multipleOf" : 51 }
                    ]
        },
        "any3" : {"anyOf" : [ {"allOf" : [
                               {"not" : { "multipleOf" : 3 }},
                               {"not" : { "multipleOf" : 2 }}
                               ]},
                            {"multipleOf" : 101 },
                            {"multipleOf" : 102 },
                            {"multipleOf" : 103 }
                             ]
        }
  }
}
