{"type" :"string",
 "comment" : "any not any not all - any all all - DNF already",
  "anyOf" : [ {"$ref" : "#/definitions/not1"},
              {"$ref" : "#/definitions/not2"},
              {"$ref" : "#/definitions/not3"}],
  "pattern" : "[aA][12].*[zZ]",
  "minLength" : 10,
  "maxLength" : 90,
  "definitions" : {
        "not1" : { "not" :
  		 {  "anyOf" : [ {"$ref" : "#/definitions/not11"},
  				{"$ref" : "#/definitions/not12"},
  				{"$ref" : "#/definitions/not13"}
  			      ]
  		 }
  	       },
        "not2" : { "not" :
  		 {  "anyOf" : [ {"$ref" : "#/definitions/not21"},
  				{"$ref" : "#/definitions/not22"},
  				{"$ref" : "#/definitions/not23"}
  			      ]
  		 }
  	       },
        "not3" : { "not" :
  		 {  "anyOf" : [ {"$ref" : "#/definitions/not31"},
  				{"$ref" : "#/definitions/not32"},
  				{"$ref" : "#/definitions/not33"}
  			      ]
  		 }
  	       },
        "not11" : { "not" :
  		 {  "allOf" : [ {"pattern" : "^................$"},
  				{"pattern" : "ab1"},
  				{"pattern" : "b12"}
  			      ]
  		 }
  	       },
        "not12" : { "not" :
  		 {  "allOf" : [ {"pattern" : "^................$"},
  				{"pattern" : "bc1"},
  				{"pattern" : "c12"}
  			      ]
  		 }
  	       },
        "not13" : { "not" :
  		 {  "allOf" : [ {"pattern" : "^................$"},
  				{"pattern" : "ca1"},
  				{"pattern" : "a12"}
  			      ]
  		 }
  	       },
        "not21" : { "not" :
  		 {  "allOf" : [ {"pattern" : "^[\\w]*$"},
  				{"pattern" : "\\d\\d"},
  				{"pattern" : "[a|b]"}
  			      ]
  		 }
  	       },
        "not22" : { "not" :
  		 {  "allOf" : [ {"pattern" : "^[\\w]*$"},
  				{"pattern" : "\\d\\d"},
  				{"pattern" : "[b|c]"}
  			      ]
  		 }
  	       },
        "not23" : { "not" :
  		 {  "allOf" : [ {"pattern" : "^[\\w]*$"},
  				{"pattern" : "\\d\\d"},
  				{"pattern" : "[c|a]"}
  			      ]
  		 }
  	       },
        "not31" : { "not" :
  		 {  "allOf" : [ {"pattern" : "^[\\w]+"},
  				{"pattern" : "1.*2"},
  				{"pattern" : "ac"}
  			      ]
  		 }
  	       },
        "not32" : { "not" :
  		 {  "allOf" : [ {"pattern" : "^[\\w]+"},
  				{"pattern" : "1.*2"},
  				{"pattern" : "a2"}
  			      ]
  		 }
  	       },
        "not33" : { "not" :
  		 {  "allOf" : [ {"pattern" : "^[\\w]+"},
  				{"pattern" : "1.*2"},
  				{"pattern" : "a1"}
  			      ]
  		 }
  		}
    }
}
