{"type" :"number",
 "comment" : "mof 3 or mof 5, if mof 3 or mof 5 then mof 8 if mof 8 then mof 11",
  "allOf" : [ {"minimum" : 1 },
              {"$ref" : "#/definitions/any1"},
              {"$ref" : "#/definitions/any2"},
              {"$ref" : "#/definitions/any3"}],
  "definitions" : {
        "any1" : { "anyOf" : [ { "multipleOf" : 3 },
                               { "multipleOf" : 5 },
                               { "multipleOf" : 15 }
                    ]
        },
        "any2" : { "anyOf" : [
                      {"allOf" : [
                             {"not" : { "multipleOf" : 5 }},
                             {"not" : { "multipleOf" : 3 }}
                       ]},
                      {"multipleOf" : 8 }
                    ]
        },
        "any3" : {"anyOf" : [ {"not" : {  "multipleOf" : 8 }},
                                       {"multipleOf" : 11 }
                             ]
        }
  }
}
