{"type" :"number",
 "comment" : "if mof 5 then mof 7 if mof 7 then mof 11",
  "allOf" : [ {"minimum" : 1 },
              {"$ref" : "#/definitions/any1"},
              {"$ref" : "#/definitions/any2"},
              {"$ref" : "#/definitions/any3"}],
  "definitions" : {
        "any1" : { "anyOf" : [ {  "multipleOf" : 5 },
                               {"multipleOf" : 10 }
                    ]
                 },
        "any2" : { "anyOf" : [ {"not" : {  "multipleOf" : 5 }},
                               {"multipleOf" : 7 }
                    ]
        },
        "any3" : {"anyOf" : [ {"not" : {  "multipleOf" : 7 }},
                                       {"multipleOf" : 11 }
                             ]
        }
  }
}
