{"type" :"number",
 "comment" : "result must be mof 420 and the range is negative",
  "allOf" : [ {"minimum" : -4000 },
              {"maximum" : -3000 },
              {"minimum" : -10000 },
              {"maximum" : -2000 },
              {"$ref" : "#/definitions/any1"},
              {"$ref" : "#/definitions/any2"},
              {"$ref" : "#/definitions/any3"},
              {"not" : {"multipleOf" : 8 } } ],
  "definitions" : {
        "any1" : { "anyOf" : [ { "multipleOf" : 33 },
                               { "multipleOf" : 12 },
                               { "multipleOf" : 77 }
                    ]
        },
        "any2" : { "anyOf" : [
                      {"allOf" : [
                             {"not" : { "multipleOf" : 6 }},
                             {"not" : { "multipleOf" : 7 }}
                       ]},
                      {"multipleOf" : 35 }
                    ]
        },
        "any3" : {"anyOf" : [ {"not" : {"multipleOf" : 11 }},
                                       {"multipleOf" : 7 }
                             ]
        }
  }
}
