{"type" :"string",
 "comment" : "result will be a2222222222222z",
  "allOf" : [ {"$ref" : "#/definitions/any1"},
              {"$ref" : "#/definitions/any2"},
              {"$ref" : "#/definitions/any3"},
              {"pattern" : "[aA][12].*[zZ]"},
              {"minLength" : 10},
              {"maxLength" : 20}],
  "definitions" : {
        "any1" : { "anyOf" : [ { "pattern" : "^a" },
                               { "pattern" : "^b" },
                               { "pattern" : "^c" },
                               { "pattern" : "^d" },
                               { "pattern" : "^e" }
                    ]
        },
        "any2" : { "anyOf" : [
                      {"allOf" : [
                             {"not" : { "pattern" : "^[ab]" }},
                             {"not" : { "pattern" : "^[cde]" }}
                       ]},
                     {"pattern" : "x$" },
                     {"pattern" : "y$" },
                     {"pattern" : "z$" }
                    ]
        },
        "any3" : {"anyOf" : [ {"allOf" : [
                               {"not" : { "pattern" : "^[abc]" }},
                               {"not" : { "pattern" : "[xyz]$" }}
                               ]},
                            {"pattern" : "1111111111111111111" },
                            {"pattern" : "222222222222222222" },
                            {"pattern" : "333333333333333333" }
                             ]
        }
  }
}
