{"type" :"string",
 "comment" : "any not all not all - any any all - DNF already",
  "anyOf" : [ {"$ref" : "#/definitions/not1"},
              {"$ref" : "#/definitions/not2"}],
  "definitions" : {
        "not1" : { "not" :
  		 {  "allOf" : [ {"$ref" : "#/definitions/not11"},
  				{"$ref" : "#/definitions/not12"}
  			      ]
  		 }
  	       },
        "not2" : { "not" :
  		 {  "allOf" : [ {"$ref" : "#/definitions/not21"},
  				{"$ref" : "#/definitions/not22"}
  			      ]
  		 }
  	       },
         "not11" : { "not" :
  		 {  "allOf" : [ {"pattern" : "^....$"},
  				{"pattern" : "ab1"}
  			      ]
  		 }
  	       },
        "not12" : { "not" :
  		 {  "allOf" : [ {"pattern" : "^....$"},
  				{"pattern" : "bc1"}
  			      ]
  		 }
   	       },
        "not21" : { "not" :
  		 {  "allOf" : [ {"pattern" : "^[\\w]*$"},
  				{"pattern" : "\\d\\d"}
  			      ]
  		 }
  	       },
        "not22" : { "not" :
  		 {  "allOf" : [ {"pattern" : "^[\\w]*$"},
  				{"pattern" : "\\d\\d"}
  			      ]
  		 }
  }
 }
}