{ "comment" : "This is satisfiable - fail0, fail2, fail5",
  "type" :"array",
  "allOf" : [
    { "items" :  { "type" : "array", "minItems" : 1,
                   "items" :  {"type" :  "number", "multipleOf" :  10, "minimum" :  -2000 }
      }},
    { "items" : [ true,
                  { "items" : {"multipleOf" :  22}}
                ]
    },
    { "items" : [ true],
      "additionalItems" : {  "items" : { "multipleOf" :  3} }
    }
    ,{ "not" : { "items" :  { "items" : { "not" :{ "maximum" : -1000 }}}}}
  ],
  "contains": {"contains" : { "const" :  420}},
  "minItems" : 2

}
