{"type" :"array",
  "allOf" : [
    { "items" :  { "type" : "object", "minProperties" : 1,
      "additionalProperties" :  {"type" :  "number", "multipleOf" :  10, "minimum" :  35 }}},
    { "items" : [ true,
                  { "patternProperties" : {"a" :  true}, "additionalProperties" : false}
                ]
    },
    { "items" : [ true],
      "additionalItems" :
           { "properties" : {"abcd" :  true}, "additionalProperties" : false}},
    { "not" : { "items" :  { "patternProperties" : {"^a000" :  false}} }}
  ],
  "contains" : { "patternProperties" : {"^a" : {"multipleOf" :  7}}, "additionalProperties" : false},
  "minItems" : 2
}
