{"type" :"array",
  "allOf" : [ { "items" : [ { "type" : "object", "minProperties" : 1,
    "patternProperties" : {"^.{1,3}$" :  false}, "additionalProperties" : true},
    { "type" : "object", "minProperties" : 1,
      "patternProperties" : {"^.{1,3}$" :  false}, "additionalProperties" : true}
  ]},
    { "items" : [ true, { "patternProperties" : {"a" :  true}, "additionalProperties" : false} ]},
    { "items" : [ true, { "patternProperties" : {"b" :  true}, "additionalProperties" : false} ]}
  ],
  "allOf" : [ {"not" : { "items" :  { "patternProperties" : {"ab" :  false}, "additionalProperties" : false} }},
              {"not" : { "items" :  { "patternProperties" : {"cd" :  false}, "additionalProperties" : false} }}
    ],
  "maxItems" : 2
}
