{"type" :"array",
  "allOf" : [
    { "items" :  { "type" : "object", "minProperties" : 1,
                   "additionalProperties" :  {"type" :  "number", "multipleOf" :  10, "minimum" :  35 }}},
    { "items" : [ true,
                 { "patternProperties" : {"a" :  true}, "additionalProperties" : false}
                ]
    },
    { "items" : [ true],
      "additionalItems" :
                 { "patternProperties" : {"b" :  true, "kz" : false}, "additionalProperties" : false}},
    { "not" : { "items" :  { "patternProperties" : {"ab" :  false}, "additionalProperties" : false} }},
    { "not" : { "items" :  { "patternProperties" : {"cd" :  false}, "additionalProperties" : false} }}
  ],
  "contains" : { "patternProperties" : {"kz" :  true}, "additionalProperties" : false} ,
  "minItems" : 2
}
