{"type" :"object",
  "allOf" : [
    {"anyOf" : [{ "patternProperties" : {"^.{1,1}$" :  true}, "additionalProperties" : false},
      { "patternProperties" : {"^...a$" : {"type" :"integer", "multipleOf" : 2.5, "minimum": 15}}, "additionalProperties" : false},
      { "patternProperties" : {"^b" :  true}, "additionalProperties" : false}]},
    {"anyOf" : [{"not" : { "patternProperties" : {"^cdeb" :  false} }},
      {"not" : { "patternProperties" : {"^11" :  {"not" : {"multipleOf" :  7} } }}},
      {"not" : { "patternProperties" : {"^2345" :  false} }}]}
  ],
  "maxProperties" : 1,
  "patternProperties" : {"a" : {"multipleOf" : 10, "not" : {"multipleOf" : 20}}}
}