{"type" :"number",
 "comment" : "mof 3 or mof 5 or mof 7; mof 5 or 7 implies mof 24, cannot be mof 8, hence must be mof 3",
  "allOf" : [ {"minimum" : 1 },
              {"$ref" : "#/definitions/any1"},
              {"$ref" : "#/definitions/any2"},
              {"$ref" : "#/definitions/any3"},
              {"not" : {"multipleOf" : 8 } } ],
  "definitions" : {
        "any1" : { "oneOf" : [ { "multipleOf" : 3 },
                               { "multipleOf" : 5 },
                               { "multipleOf" : 7 }
                    ]
        },
        "any2" : { "oneOf" : [
                      {"allOf" : [
                             {"not" : { "multipleOf" : 5 }},
                             {"not" : { "multipleOf" : 7 }}
                       ]},
                      {"multipleOf" : 24 }
                    ]
        },
        "any3" : {"oneOf" : [ {"not" : {  "multipleOf" : 8 }},
                                       {"multipleOf" : 11 }
                             ]
        }
  }
}
