{"type" :"object",
  "allOf" : [
    {"anyOf" : [{ "patternProperties" : {"^.{1,2}$" :  true}, "additionalProperties" : false},
      { "patternProperties" : {"a$" : {"type" :"integer", "multipleOf" : 2.5, "minimum": 2}}, "additionalProperties" : false},
      { "patternProperties" : {"^b" :  true}, "additionalProperties" : false}]},
    {"anyOf" : [{"not" : { "patternProperties" : {"^cde" :  false} }},
      {"not" : { "patternProperties" : {"^111$" :  false} }},
      {"not" : { "patternProperties" : {"^2345" :  false} }}]}
  ],
  "maxProperties" : 1
}