{"type" :"object",
  "allOf" : [
    {"anyOf" : [{ "patternProperties" : {"^.{1,2}$" :  true}, "additionalProperties" : false},
      { "patternProperties" : {"^...*a$" : {"type" :"integer", "multipleOf" : 2.5, "minimum": 15}},
        "additionalProperties" : false}]},
    {"anyOf" : [{"not" : { "patternProperties" : {"^cdeb" :  false} }},
      {"not" : { "patternProperties" : {"^11" :  {"not" : {"multipleOf" :  7} } }}}]},
    {"anyOf" : [{"not" : { "patternProperties" : {"^kwjh" :  false} }},
      {"not" : { "patternProperties" : {"7777" :  {"multipleOf" :  30} } }}
    ]}
  ],
  "maxProperties" : 1,
  "patternProperties" : {"a" : {"multipleOf" : 10, "not" : {"multipleOf" : 20}}}
}