{"type" :"array",
  "allOf" : [
    { "type" : "array"
    },
    { "contains":  { "type" : "null" }, "minContains" :  5, "maxContains" :  5},
    { "contains":  { "type" : "integer" }, "minContains" :  2, "maxContains" :  2},
    { "contains":  { "type" :  "boolean"}, "minContains" :  3, "maxContains" :  3},
    {"not" :  {"items" :[true,true, {"not": {"enum" :  [30]}}] } },
    {"not" :  {"items" :[true,true,true,true, {"not": {"enum" :  [50]}}]}},


    { "items" :  [true,true,true,{"const" :  "a"}]}
  ]
}
