{
  "type" : "object",
  "patternProperties" : {"^[a-e]$" :  true},
  "additionalProperties" : false,
  "allOf" : [
    {"dependencies" : { "a" :  {"anyOf" :  [{"required" : ["c"]},{"required" :  ["b"]}]},
      "b" :  {"not" :  {"required" : ["c"]}},
      "c" :  {"allOf" :  [{"required" : ["e"]},{"required" :  ["a"]}]},
      "d" :  {"not" :  {"required" : ["e"]}},
      "e" :  {"anyOf" :  [{"required" : ["c"]},{"required" :  ["d"]}]}
    }
    },
    {"required" :  ["a"]}
  ],
  "maxProperties" : 2
}