{
  "type" : "object",
  "patternProperties" : {"^[a-f]$" :  {"type" :  "array","minItems": 2}
  },
  "additionalProperties" : false,
  "allOf" : [
    {"dependencies" : { "a" :  {"anyOf" :  [{"required" : ["c"]},{"required" :  ["b"]}]},
      "b" :  {"not" :  {"required" : ["c"]}},
      "c" :  {"allOf" :  [{"required" : ["e"]},{"required" :  ["a"]}]},
      "d" :  {"not" :  {"required" : ["e"]}},
      "e" :  {"anyOf" :  [{"required" : ["c"]},{"required" :  ["d"]}]}
    }
    },
    {"required" :  ["a"]}
  ],
  "minProperties" : 4
}