{
    "type": "array",
    "minItems" : 4,
    "not" : { "contains" : {"not" : { "exclusiveMinimum" : 100, "exclusiveMaximum" : 200 }
                                      }},
    "items": [ { "$ref" : "#/definitions/var1" },
               { "$ref" : "#/definitions/var2" },
               { "$ref" : "#/definitions/var3" },
               { "$ref" : "#/definitions/var4" }
    ],
    "definitions": {
        "var1" : { "type" : "number",
                   "allOf" : [ {"multipleOf" : 9}]
                   },
        "var2" : { "type" : "number",
                   "allOf" : [ {"multipleOf" : 3}],
                   "not" : { "multipleOf": 7}
                   },
        "var3" : { "type" : "number",
                   "allOf" : [ {"multipleOf" : 4},
                               {"multipleOf" : 11}],
                   "not" : { "anyOf" : [{"multipleOf": 3},
                                        {"multipleOf": 7}
                                       ]}
                   },
        "var4" : { "type" : "number",
                   "not" : { "anyOf" : [{"multipleOf": 2},
                                        {"multipleOf": 7}
                                       ]}
                   }
    }
}
