{
    "type": "array",
    "minItems" : 2,
    "not" : { "contains" : {"not" : { "minimum" : 100,
                                      "maximum" : 100}
                                      }},
    "items": [ { "$ref" : "#/definitions/var1" },
               { "$ref" : "#/definitions/var2" }
    ],
    "definitions": {
        "var1" : { "type" : "number",
                   "allOf" : [ {"multipleOf" : 10}]
                   },
        "var2" : { "type" : "number",
                   "allOf" : [ {"multipleOf" : 4}],
                   "not" : { "multipleOf": 7}
                   }
    }
}