{
    "type": "array",
    "minItems" : 3,
    "not" : { "contains" : {"not" : { "minimum" : 100,
                                      "maximum" : 100}
                                      }},
    "items": [ { "$ref" : "#/definitions/var1" },
               { "$ref" : "#/definitions/var2" },
               { "$ref" : "#/definitions/var3" }
    ],
    "definitions": {
        "var1" : { "type" : "number",
                   "allOf" : [ {"multipleOf" : 10}]
                   },
        "var2" : { "type" : "number",
                   "allOf" : [ {"multipleOf" : 4}],
                   "not" : { "multipleOf": 7}
                   },
        "var3" : { "type" : "number",
                   "allOf" : [ {"multipleOf" : 4},
                               {"multipleOf" : 5}],
                   "not" : { "anyOf" : [{"multipleOf": 3},
                                        {"multipleOf": 7}
                                       ]}
                   }
    }
}