{ "comment": "other format appearing more than 70 times: \"url\", \"duration\", \"topic\", \"uint32\", \"bib-blank\", \"grid\", \"int64\", \"path\", \"slug\", \"int32\"",
  "type" : "array",
  "allOf" : [ {"items" : { "type" : "string" }, "minItems" : 20},
    { "items" : [
      { "pattern" : "^2\\d{3}-0[1-9]-[0-1][1-9]$","format" : "date" },
      { "comment1": { "format" : "date-time", "pattern" : "^\\d{4}-\\d{2}-\\d{2}T\\d{2}:\\d{2}:\\d{2}\\.\\d{3}Z$" }},
      { "comment2": { "format" : "email", "pattern" : "^[a-zA-Z_.]{2,10}@[a-zA-Z0-9-]{2,10}\\.[a-z]{2,3}$" }},
      { "format" : "host-name", "pattern" : "^[a-zA-Z0-9-]{2,10}\\.[a-z]{2,3}$" },
      { "comment3": { "format" : "hostname", "pattern" : "^[a-zA-Z0-9-]{2,10}\\.[a-z]{2,3}$" }},
      { "format" : "idn-email", "pattern" : "^[a-zA-Z_.]{2,10}@[a-zA-Z0-9-]{2,10}\\.[a-z]{2,3}$" },
      { "format" : "idn-hostname", "pattern" : "^[a-zA-Z0-9-]{2,10}\\.[a-z]{2,3}$" },
      { "format" : "ip-address", "pattern" : "^(?:[0-9]{1,3}\\.){3}[0-9]{1,3}$" },
      { "format" : "ipv4", "pattern" : "^(?:[0-9]{1,3}\\.){3}[0-9]{1,3}$" },
      { "format" : "ipv6", "pattern" : "^(?:[A-F0-9]{1,4}:){7}[A-F0-9]{1,4}$" },
      { "format" : "iri", "pattern" : "^http:\\/\\/[a-zA-Z0-9_\\-]+\\.[a-zA-Z0-9_\\-]+\\.[a-zA-Z0-9_\\-]+$" },
      { "format" : "json-pointer", "pattern" : "^/[a-zA-Z0-9_/-]{2,40}$" },
      { "format" : "regex", "pattern" : "\\/([^()]*)?\\/([i|g|m]+)?" },
      { "format" : "relative-json-pointer", "pattern" : "^\\d{4}/[a-zA-Z0-9_/-]{2,40}$" },
      { "comment4": { "format" : "time", "pattern" : "^\\d{2}:\\d{2}:\\d{2}\\.\\d{3}Z$" }},
      { "format" : "uri", "pattern" : "^http:\\/\\/[a-zA-Z0-9_\\-]+\\.[a-zA-Z0-9_\\-]+\\.[a-zA-Z0-9_\\-]+$" },
      { "format" : "uri-reference", "pattern" : "^http:\\/\\/[a-zA-Z0-9_\\-]+\\.[a-zA-Z0-9_\\-]+\\.[a-zA-Z0-9_\\-]+$" },
      { "format" : "uuid", "pattern" : "^[a-fA-F0-9]{8}-[a-fA-F0-9]{4}-[a-fA-F0-9]{4}-[a-fA-F0-9]{4}-[a-fA-F0-9]{12}$" }
    ]}
  ]
}
