

{
  "allOf" : [ { "$ref" : "#/definitions/word" },
    { "$ref" : "#/definitions/x0" },
    { "$ref" : "#/definitions/y0" },
    { "$ref" : "#/definitions/z0" },
    { "minItems" :  2 }

  ],
  "definitions" : {
    "word" : { "type" :  "array",
       "items" : [{"type" :  "integer", "exclusiveMinimum" :  0 }, { "$ref" : "#/definitions/word"}],
       "minItems" : 1 },
    "x0" :   { "items" : {"allOf" : [ { "$ref" : "#/definitions/x1"}, {"multipleOf" :  2}]}} ,
    "x1" :   { "items" : { "$ref" : "#/definitions/x0"}, "minItems" : 2 } ,
    "y0" :   { "items" : {"allOf" : [ { "$ref" : "#/definitions/y1"}, {"multipleOf" :  3}]}} ,
    "y1" :   { "items" : { "$ref" : "#/definitions/y2"}, "minItems" : 2 } ,
    "y2" :   { "items" : { "$ref" : "#/definitions/y0"}, "minItems" : 2 } ,
    "z0" :   { "items" : {"allOf" : [ { "$ref" : "#/definitions/z1"}, {"multipleOf" :  5}]}} ,
    "z1" :   { "items" : { "$ref" : "#/definitions/z2"}, "minItems" : 2 } ,
    "z2" :   { "items" : { "$ref" : "#/definitions/z3"}, "minItems" : 2 } ,
    "z3" :   { "items" : { "$ref" : "#/definitions/z4"}, "minItems" : 2 } ,
    "z4" :   { "items" : { "$ref" : "#/definitions/z0"}, "minItems" : 2 }

  }
}
