

{
  "allOf" : [ { "$ref" : "#/definitions/word" },
    { "$ref" : "#/definitions/x0" },
    { "$ref" : "#/definitions/y0" },
    { "$ref" : "#/definitions/z0" },
    { "minProperties" :  2 },
    { "not" : { "$ref" : "#/definitions/witness"}}
  ],
  "definitions" : {
    "word" : { "type" :  "object",
               "properties" : { "a" : { "$ref" : "#/definitions/word"},
                                "b" :  {"type" :  "integer", "exclusiveMinimum" :  0 }},
               "required" : ["b"],
               "additionalProperties" : false },
    "x0" :   { "additionalProperties" : {"allOf" : [ { "$ref" : "#/definitions/x1"}, {"multipleOf" :  2}]}} ,
    "x1" :   { "additionalProperties" : { "$ref" : "#/definitions/x0"}, "minProperties" : 2 } ,
    "y0" :   { "additionalProperties" : {"allOf" : [ { "$ref" : "#/definitions/y1"}, {"multipleOf" :  3}]}} ,
    "y1" :   { "additionalProperties" : { "$ref" : "#/definitions/y2"}, "minProperties" : 2 } ,
    "y2" :   { "additionalProperties" : { "$ref" : "#/definitions/y0"}, "minProperties" : 2 } ,
    "z0" :   { "additionalProperties" : {"allOf" : [ { "$ref" : "#/definitions/z1"}, {"multipleOf" :  5}]}} ,
    "z1" :   { "additionalProperties" : { "$ref" : "#/definitions/z2"}, "minProperties" : 2 } ,
    "z2" :   { "additionalProperties" : { "$ref" : "#/definitions/z3"}, "minProperties" : 2 } ,
    "z3" :   { "additionalProperties" : { "$ref" : "#/definitions/z4"}, "minProperties" : 2 } ,
    "z4" :   { "additionalProperties" : { "$ref" : "#/definitions/z0"}, "minProperties" : 2 } ,
    "witness" : { "const" : {"a":{"a":{"a":{"a":{"a":{"a":{"a":{"a":{"a":{"a":{"a":{"a":{"a":{"a":{"a":{"a":{"a":{"a":{"a":{"a":{"a":{"a":{"a":{"a":{"a":{"a":{"a":{"a":{"a":{"a":{}}}}}}}}}}}}}}}}}}}}}}}}}}}}}}}
    }
  }
}
