

{ "allOf" : [
   { "$ref" : "#/definitions/word" },

    { "$ref" : "#/definitions/y0" },
    { "$ref" : "#/definitions/z0" },
    { "minItems" :  2 }
  ],
  "definitions" : {
    "word" : { "type" :  "array",
      "items" : [
        { "$ref" : "#/definitions/word"},
        { "$ref" : "#/definitions/word"}]
    },
    "x0" :   { "items" : { "$ref" : "#/definitions/x1"}} ,
    "x1" :   { "items" : { "$ref" : "#/definitions/x0"}, "minItems" : 2 } ,
    "y0" :   { "items" : { "$ref" : "#/definitions/y1"}} ,
    "y1" :   { "items" : { "$ref" : "#/definitions/y2"}, "minItems" : 2 } ,
    "y2" :   { "items" : { "$ref" : "#/definitions/y0"}, "minItems" : 2 } ,
    "z0" :   { "items" : { "$ref" : "#/definitions/z1"}} ,
    "z1" :   { "items" : { "$ref" : "#/definitions/z2"}, "minItems" : 2 } ,
    "z2" :   { "items" : { "$ref" : "#/definitions/z3"}, "minItems" : 2 } ,
    "z3" :   { "items" : { "$ref" : "#/definitions/z4"}, "minItems" : 2 } ,
    "z4" :   { "items" : { "$ref" : "#/definitions/z0"}, "minItems" : 2 }
  }
}
