

{
  "allOf" : [ { "$ref" : "#/definitions/word" },
    { "$ref" : "#/definitions/x0" },
    { "$ref" : "#/definitions/y0" },
    { "$ref" : "#/definitions/z0" },
    { "not" : { "$ref" : "#/definitions/witness"}}
  ],
  "definitions" : {
  "word" : { "type" :  "object",
             "properties" : { "a" : { "$ref" : "#/definitions/word"}},
             "additionalProperties" : false },
  "x0" :   { "additionalProperties" : { "$ref" : "#/definitions/x1"}, "minProperties" : 1 } ,
  "x1" :   { "additionalProperties" : { "$ref" : "#/definitions/x0"} } ,
  "y0" :   { "additionalProperties" : { "$ref" : "#/definitions/y1"}, "minProperties" : 1 } ,
  "y1" :   { "additionalProperties" : { "$ref" : "#/definitions/y2"}, "minProperties" : 1 } ,
  "y2" :   { "additionalProperties" : { "$ref" : "#/definitions/y0"} } ,
  "z0" :   { "additionalProperties" : { "$ref" : "#/definitions/z1"}, "minProperties" : 1 } ,
  "z1" :   { "additionalProperties" : { "$ref" : "#/definitions/z2"}, "minProperties" : 1 } ,
  "z2" :   { "additionalProperties" : { "$ref" : "#/definitions/z3"}, "minProperties" : 1 } ,
  "z3" :   { "additionalProperties" : { "$ref" : "#/definitions/z4"} } ,
  "z4" :   { "additionalProperties" : { "$ref" : "#/definitions/z0"}, "minProperties" : 1 } ,
  "witness" : { "const" : {"a":{"a":{"a":{"a":{"a":{"a":{"a":{"a":{"a":{"a":{"a":{"a":{"a":{"a":{"a":{"a":{"a":{"a":{"a":{"a":{"a":{"a":{"a":{}}}}}}}}}}}}}}}}}}}}}}}} }

}
}
