

{
  "allOf" : [ { "$ref" : "#/definitions/word" },
    { "$ref" : "#/definitions/x0" },
    { "$ref" : "#/definitions/y0" },
    { "$ref" : "#/definitions/z0" },
    { "minProperties" :  2 },
    { "not" : { "$ref" : "#/definitions/witness"}}
  ],
  "definitions" : {
    "word" : { "type" :  "object",
               "properties" : { "a" : { "type" : "array", "items" : {"$ref" : "#/definitions/word"}, "minItems" : 1 },
                                "b" :  {"type" :  "integer", "exclusiveMinimum" :  0 }},
               "required" : ["b"],
               "additionalProperties" : false },
    "x0" :   { "additionalProperties" : {"allOf" : [ {"items" : { "$ref" : "#/definitions/x1"}}, {"multipleOf" :  2}]}} ,
    "x1" :   { "additionalProperties" : {"items" : { "$ref" : "#/definitions/x0"}}, "minProperties" : 2 } ,
    "y0" :   { "additionalProperties" : {"allOf" : [ {"items" : { "$ref" : "#/definitions/y1"}}, {"multipleOf" :  3}]}} ,
    "y1" :   { "additionalProperties" : {"items" : { "$ref" : "#/definitions/y2"}}, "minProperties" : 2 } ,
    "y2" :   { "additionalProperties" : {"items" : { "$ref" : "#/definitions/y0"}}, "minProperties" : 2 } ,
    "z0" :   { "additionalProperties" : {"allOf" : [ {"items" : { "$ref" : "#/definitions/z1"}}, {"multipleOf" :  5}]}},
    "z1" :   { "additionalProperties" : {"items" : { "$ref" : "#/definitions/z2"}}, "minProperties" : 2 } ,
    "z2" :   { "additionalProperties" : {"items" : { "$ref" : "#/definitions/z3"}}, "minProperties" : 2 } ,
    "z3" :   { "additionalProperties" : {"items" : { "$ref" : "#/definitions/z4"}}, "minProperties" : 2 } ,
    "z4" :   { "additionalProperties" : {"items" : { "$ref" : "#/definitions/z0"}}, "minProperties" : 2 } ,
    "witness" : { "const" :  {"a":[{"a":[{"a":[{"a":[{"a":[],"b":2}],"b":3}],
      "b":2}],"b":1}],"b":30} }
  }
}
