
{
  "allOf" : [ { "$ref" : "#/definitions/word" },
    { "$ref" : "#/definitions/x0" },
    { "$ref" : "#/definitions/y0" },
    { "$ref" : "#/definitions/z0" },
    { "$ref" : "#/definitions/w0" },
    { "minItems" :  2 }
  ],
  "definitions" : {
    "word" : { "type" :  "array",
      "items" : [{"type" :  "integer", "exclusiveMinimum" :  0 }, { "$ref" : "#/definitions/word"}],
      "minItems" : 1 },
    "x0" :   { "items" : {"allOf" : [ { "$ref" : "#/definitions/x1"}, {"multipleOf" :  2}]}} ,
    "x1" :   { "items" : { "$ref" : "#/definitions/x0"}, "minItems" : 2 } ,
    "y0" :   { "items" : {"allOf" : [ { "$ref" : "#/definitions/y1"}, {"multipleOf" :  3}]}} ,
    "y1" :   { "items" : { "$ref" : "#/definitions/y2"}, "minItems" : 2 } ,
    "y2" :   { "items" : { "$ref" : "#/definitions/y0"}, "minItems" : 2 } ,
    "z0" :   { "items" : {"allOf" : [ { "$ref" : "#/definitions/z1"}, {"multipleOf" :  5}]}} ,
    "z1" :   { "items" : { "$ref" : "#/definitions/z2"}, "minItems" : 2 } ,
    "z2" :   { "items" : { "$ref" : "#/definitions/z3"}, "minItems" : 2 } ,
    "z3" :   { "items" : { "$ref" : "#/definitions/z4"}, "minItems" : 2 } ,
    "z4" :   { "items" : { "$ref" : "#/definitions/z0"}, "minItems" : 2 },
    "w0" :   { "items" : {"allOf" : [ { "$ref" : "#/definitions/w1"}, {"multipleOf" :  7}]}} ,
    "w1" :   { "items" : { "$ref" : "#/definitions/w2"}, "minItems" : 2 } ,
    "w2" :   { "items" : { "$ref" : "#/definitions/w3"}, "minItems" : 2 } ,
    "w3" :   { "items" : { "$ref" : "#/definitions/w4"}, "minItems" : 2 } ,
    "w4" :   { "items" : { "$ref" : "#/definitions/w5"}, "minItems" : 2 },
    "w5" :   { "items" : { "$ref" : "#/definitions/w6"}, "minItems" : 2 },
    "w6" :   { "items" : { "$ref" : "#/definitions/w0"}, "minItems" : 2 }
  }
}
