
{
  "allOf" : [ { "$ref" : "#/definitions/word" },
    { "$ref" : "#/definitions/x0" },
    { "$ref" : "#/definitions/y0" },
    { "$ref" : "#/definitions/z0" },
    { "required" :  ["a","x0"] },
    { "not" : { "$ref" : "#/definitions/witness"}}
  ],
  "definitions" : {
    "word" : { "type" :  "object",
      "properties" : { "a" : { "$ref" : "#/definitions/word"},
        "b" :  {"type" :  "integer", "exclusiveMinimum" :  0 }},
      "required" : ["b"],
      "additionalProperties" : true },
    "x0" :   { "additionalProperties" : {"allOf" : [ { "$ref" : "#/definitions/x1"}, {"multipleOf" :  2}]}, "required" : ["x0"]} ,
    "x1" :   { "additionalProperties" : { "$ref" : "#/definitions/x0"}, "required" : ["a","x1"]} ,
    "y0" :   { "additionalProperties" : {"allOf" : [ { "$ref" : "#/definitions/y1"}, {"multipleOf" :  3}]}, "required" : ["y0"]} ,
    "y1" :   { "additionalProperties" : { "$ref" : "#/definitions/y2"}, "required" : ["a","y1"]} ,
    "y2" :   { "additionalProperties" : { "$ref" : "#/definitions/y0"}, "required" : ["a","y2"]} ,
    "z0" :   { "additionalProperties" : {"allOf" : [ { "$ref" : "#/definitions/z1"}, {"multipleOf" :  5}]}, "required" : ["z0"]} ,
    "z1" :   { "additionalProperties" : { "$ref" : "#/definitions/z2"}, "required" : ["a","z1"]} ,
    "z2" :   { "additionalProperties" : { "$ref" : "#/definitions/z3"}, "required" : ["a","z2"]} ,
    "z3" :   { "additionalProperties" : { "$ref" : "#/definitions/z4"}, "required" : ["a","z3"]} ,
    "z4" :   { "additionalProperties" : { "$ref" : "#/definitions/z0"}, "required" : ["a","z4"]} ,
    "witness" : { "const" : {"a":{"a":{"a":{"a":{"a":{"a":{"a":{"a":{"a":{"a":{"a":{"a":{"a":{"a":{"a":{"a":{"a":{"a":{"a":{"a":{"a":{"a":{"a":{"a":{"a":{"a":{"a":{"a":{"a":{"a":{}}}}}}}}}}}}}}}}}}}}}}}}}}}}}}}
    }
  }
}
