{"type" :"object",
  "allOf" : [ {"$ref" : "#/ddd/npn1"},
              {"$ref" : "#/ddd/npn2"},
              {"$ref" : "#/ddd/pp"},
              {"propertyNames" : {"pattern" : "^(\\w\\d)+$"}},
              {"maxProperties" : 1}],
  "ddd" : {
        "npn1" : {
            "not" : {  "propertyNames" : { "not" : {"pattern" : "4" }}}
         },
        "npn2" : {
            "not" : {  "propertyNames" : { "not" : {"pattern" : "\\w3" }}}
         },
        "pp" :  {  "patternProperties" : { "3" : {"$ref" : "#/ddd/npn1"}}}
        }
}