{"type" :"object",
 "comment" : "exactly one field, and 5 implies 7 that implies 9",
  "allOf" : [ {"$ref" : "#/ddd/npn1"},
              {"$ref" : "#/ddd/npn2"},
              {"$ref" : "#/ddd/npn3"},
              {"$ref" : "#/ddd/pp"},
              {"propertyNames" : {"pattern" : "^(\\w\\d)+$"}},
              {"maxProperties" : 1}],
  "ddd" : {
        "npn1" : {
            "not" : {  "propertyNames" : { "not" : {"pattern" : "a5b" }}}
         },
        "npn2" : {
             "not" : {  "propertyNames" : { "not" : {"pattern" : "(^[^5]*$)|7" }}}
          },
         "npn3" : {
              "not" : {  "propertyNames" : { "not" : {"pattern" : "(^[^7]*$)|9" }}}
           },
          "pp" :  {  "patternProperties" : { "9" : {"$ref" : "#/ddd/npn1"}}}
        }
}