{ "properties" : { "^$" : true },
  "required" : ["a"],
  "allOf" : [ { "multipleOf" :  6.75},
           { "multipleOf" :  19},
           { "multipleOf" :  9.5},
           { "multipleOf" :  2.125}],
  "not" : {"anyOf" : [{"multipleOf" :  2},{"multipleOf" :  6.5},{"multipleOf" :  5},{"multipleOf" :  7},
    {"multipleOf" :  11},{"multipleOf" :  37}]},
  "exclusiveMinimum" :  -100000,
  "exclusiveMaximum" :  -10000,
  "$ref" : "#/definitions/n169",
  "definitions" : { "n169" : {"not" : {"const" :  -78489 } }}
}