{ "type" :  "object" ,
 "patternProperties" :
  { "a": {"allOf" : [ { "multipleOf" :  6.75},
                      { "multipleOf" :  19},
                      { "multipleOf" :  9.5},
                      { "multipleOf" :  2.125}]},
   "b" : {
            "not" : {"anyOf" : [{"multipleOf" :  2},{"multipleOf" :  6.5},
                                {"multipleOf" :  5},{"multipleOf" :  7},
                                {"multipleOf" :  11},{"multipleOf" :  37}]}
   },
   "c" : { "exclusiveMinimum" :  -100000},
   "d" : {"exclusiveMaximum" :  -10000},
   "e" : { "$ref" : "#/definitions/n169"}
   },
  "required": ["abcde26163"],
  "definitions" : { "n169" : {"not" : {"const" :  -78489 } }}
}