{
  "type" : "object",
  "$ref": "#/definitions/reqPattern1",
  "required" : ["abcd" ],
  "allOf": [
    {"patternProperties" : { "a" : {"$ref": "#/definitions/reqPattern1"}}},
    {"patternProperties" : { "b" : {"$ref": "#/definitions/reqPattern2"}}},
    {"patternProperties" : { "a" : {"$ref": "#/definitions/reqPattern3"}}},
    {"patternProperties" : { "c" : {"$ref": "#/definitions/reqPattern4"}}},
    {"patternProperties" : { "a" : {"anyOf" : [{"required" : ["da"]},{"required" : ["db"]}]}}},
    {"patternProperties" : { "a" : {"propertyNames": {"pattern" : "^..$"}}}},
    {"patternProperties" : { "cd" : {"maxProperties": 2}}},
    {"patternProperties" : { "d" : {"patternProperties" :{ "(b|c){2,2}" : false}}}},
    {"patternProperties" : { "a" : {"minProperties": 1}}},
    {"minProperties" : 1}
   ]
  ,
  "definitions": {
    "reqPattern1": { "not" : {"propertyNames" : { "not" : {"pattern" : "a"}}}},
    "reqPattern2": { "not" : {"propertyNames" : { "not" : {"pattern" : "b"}}}},
    "reqPattern3": { "not" : {"propertyNames" : { "not" : {"pattern" : "c" }}}},
    "reqPattern4": { "not" : {"propertyNames" : { "not" : {"pattern" : "d" }}}}
  }
}