{
  "type" : "object",
  "allOf": [
    {"$ref": "#/definitions/reqPattern1"},
    {"$ref": "#/definitions/reqPattern2"},
    {"$ref": "#/definitions/reqPattern3"},
    {"propertyNames": {"pattern" : "^....$"}},
    {"maxProperties": 1},
    {"minProperties": 1}
   ]
  ,
  "definitions": {
    "reqPattern1": { "not" : {"propertyNames" : { "not" : {"pattern" : "a1"}}}},
    "reqPattern2": { "not" : {"propertyNames" : { "not" : {"pattern" : "b2"}}}},
    "reqPattern3": { "not" : {"propertyNames" : { "not" : {"pattern" : "2a" }}}}
  }
}