{
  "type" : "object",
  "allOf": [
    {"$ref": "#/definitions/reqPattern1"},
    {"$ref": "#/definitions/reqPattern2"},
    {"$ref": "#/definitions/reqPattern3"},
    {"$ref": "#/definitions/reqPattern4"},
    {"anyOf" : [{"required" : ["da"]},{"required" : ["db"]}]},
    {"propertyNames": {"pattern" : "^..$"}},
    {"maxProperties": 2},
    {"patternProperties" :{ "(b|c){2,2}" : false}},
    {"minProperties": 1}
   ]
  ,
  "definitions": {
    "reqPattern1": { "not" : {"propertyNames" : { "not" : {"pattern" : "a"}}}},
    "reqPattern2": { "not" : {"propertyNames" : { "not" : {"pattern" : "b"}}}},
    "reqPattern3": { "not" : {"propertyNames" : { "not" : {"pattern" : "c" }}}},
    "reqPattern4": { "not" : {"propertyNames" : { "not" : {"pattern" : "d" }}}}
  }
}