{
  "type" : "array",
  "oneOf" : [ {"allOf": [
    {"items" : [true, {"$ref": "#/definitions/inside1"}]},
    {"not" : {"items" : [true, { "not" : {"$ref": "#/definitions/inside1"} } ] }}
   ]},
  {"allOf": [
    {"items" : [true, {"$ref": "#/definitions/inside2"}]},
    {"not" : {"items" : [true, { "not" : {"$ref": "#/definitions/inside1"} } ]}}
   ]}]
  ,
  "definitions": {
    "inside1": { "type": "array", "not" : {"items" : [true, { "not" : {"type" : "number", "multipleOf" : 11, "minimum" : 100} } ]}},
    "inside2": { "type": "array", "items": [true, {"type" : "number", "multipleOf" : 4}] }
  }
}