{
  "type" : "array",
  "oneOf" : [ {"allOf": [
    {"items" : {"$ref": "#/definitions/inside1"}},
    {"contains" : {"$ref": "#/definitions/inside2"}}
   ]},
  {"allOf": [
    {"items" : {"$ref": "#/definitions/inside2"}},
    {"contains" : {"$ref": "#/definitions/inside1"}}
   ]}]
  ,
  "definitions": {
    "inside1": { "type": "array", "contains": {"$ref": "#/definitions/inside11"} },
    "inside2": { "type": "array", "items": {"$ref": "#/definitions/inside22"} },
    "inside11": { "type": "array", "contains": {"type" : "number", "multipleOf" : 11, "minimum" : 100 } },
    "inside22": { "type": "array", "items": {"type" : "number", "multipleOf" : 11, "minimum" : 100} }
  }
}