{
  "type" : "object",
  "oneOf" : [ {"allOf": [
    {"patternProperties" : { "a" : {"$ref": "#/definitions/inside1"}}},
    {"not" : {"patternProperties" : { "a" : { "not" : {"$ref": "#/definitions/inside1"} } } }}
   ]},
  {"allOf": [
    {"patternProperties" : { "b" : {"$ref": "#/definitions/inside2"}}},
    {"not" : {"patternProperties" : { "b" : { "not" : {"$ref": "#/definitions/inside2"} } }}}
   ]}]
  ,
  "definitions": {
    "inside1": { "type": "array", "not" : {"items" : [true, { "not" : {"$ref": "#/definitions/inside11" } }]}},
    "inside2": { "type": "array", "not" : {"items" : [true, { "not" : {"$ref": "#/definitions/inside22"} }]}},
    "inside11": { "type": "object", "not" : {"properties" : { "c" : {"not" : {"type" : "string", "pattern" : "99"} } }}},
    "inside22": { "type": "object", "properties" : { "c" : {"type" : "string",  "pattern" : "99"}} }
  }
}
