{"type" :"object",
  "patternProperties" : {"^[0-9]$" :  {"type" : "array", "minItems" :  2 }},
  "additionalProperties" : false,
  "not" : { "anyOf": [
    {  "patternProperties" : { "^(1|3|4)$" : false }
    },{  "patternProperties" : { "^(2|5|11)$" : false }
    },{  "patternProperties" : { "^(2|4|5)$" : false }
    },{  "patternProperties" : { "^(1|2)$" : false }
    },
    {"required" :  ["1","3","5"]}]},
  "dependencies" : { "3" : {"not" : {"required" :  ["2"]}}},
  "maxProperties" : 2

}
