{"type" :"object",
  "patternProperties" : {"^[0-9]$" :  {"type" : "array", "minItems" :  2 }},
  "additionalProperties" : false,
  "not" : { "anyOf": [
    {  "propertyNames" : { "not" : {"enum" : ["1", "3"] }}
    },{  "propertyNames" : { "not" : {"enum" : ["2", "11"] }}
    },{  "propertyNames" : { "not" : {"enum" : ["2", "4", "5"] }}
    },{  "propertyNames" : { "not" : {"enum" : ["1", "2", "5"] }}
    } ]},
  "dependencies" : { "5" : {"not" : {"required" :  ["3"]}}},
  "maxProperties" : 2

}
