{"type" :"object",
  "patternProperties" : {"^[0-9]$" :  {"type" : "array", "minItems" :  2 }},
  "additionalProperties" : false,
  "not" : { "anyOf": [
    {  "patternProperties" : { "^(1|4)$" : false }
    },{  "patternProperties" : { "^(2|11)$" : false }
    },{  "patternProperties" : { "^(2|4|5)$" : false }
    },{  "patternProperties" : { "^(1|2|5)$" : false }
    } ]},
  "dependencies" : { "5" : {"not" : {"required" :  ["3"]}}},
  "maxProperties" : 2
  ,"const" : {"1":[123,123],"2":[123,123]}
}
