{
  "allOf" : [ {"$ref" : "#/definitions/x"}, {"$ref" : "#/definitions/y"} ],
  "definitions": {
    "x" :
    { "type" :"object",
      "allOf" : [
        { "additionalProperties" : {"type" :"array", "minItems" :  2}},
        { "patternProperties" : {"a" : {"type" :"array", "items" : {"type" : "number",
          "multipleOf" : 2.5, "minimum": 2}}, "additionalProperties" : false}},
        { "not" : {"patternProperties" : {"b" : {"type" :"array", "items" : {"multipleOf" : 4, "minimum": 2}}}}},
        { "patternProperties" : {"c" : {"type" :"array", "items" : {"multipleOf" : 7, "minimum": 2}}, "additionalProperties" : false}}
      ],
      "required" : ["ac"]
    },
  "y" :
  { "type" :"object",
    "allOf" : [
      { "additionalProperties" : {"type" :"array", "minItems" :  2}},
      { "patternProperties" : {"a" : {"type" :"array", "items" : {"type" : "number",
        "multipleOf" : 2.5, "minimum": 2}}, "additionalProperties" : false}},
      { "not" : {"patternProperties" : {"b" : {"type" :"array", "items" : {"multipleOf" : 4, "minimum": 2}}}}}
    ],
    "required" : ["cd"]
  }
}
}
