objectId,inSize,totalTime,generated
wp_87_Normalized,117,247,True
wp_86_Normalized,118,252,True
wp_82_Normalized,133,236,True
wp_59_Normalized,133,234,True
wp_61_Normalized,145,224,True
wp_60_Normalized,147,245,True
wp_90_Normalized,154,242,True
wp_66_Normalized,154,223,True
wp_95_Normalized,159,299,True
wp_69_Normalized,163,249,True
wp_36_Normalized,164,229,True
wp_70_Normalized,171,236,True
wp_71_Normalized,180,229,True
wp_44_Normalized,196,253,True
wp_39_Normalized,196,233,True
wp_56_Normalized,206,224,True
wp_108_Normalized,217,236,True
wp_50_Normalized,225,220,True
wp_40_Normalized,242,224,True
wp_46_Normalized,244,233,True
wp_52_Normalized,253,220,True
wp_64_Normalized,256,237,True
wp_97_Normalized,283,241,True
wp_92_Normalized,290,233,True
wp_38_Normalized,293,266,True
wp_99_Normalized,316,258,True
wp_101_Normalized,329,250,True
wp_43_Normalized,334,259,True
wp_88_Normalized,360,410,True
wp_67_Normalized,373,231,True
wp_41_Normalized,401,256,True
wp_42_Normalized,500,227,True
wp_54_Normalized,549,253,True
wp_62_Normalized,571,239,True
wp_77_Normalized,579,247,True
wp_91_Normalized,627,273,True
wp_55_Normalized,634,263,True
wp_93_Normalized,640,251,True
wp_58_Normalized,642,268,True
wp_65_Normalized,659,262,True
wp_106_Normalized,680,263,True
wp_49_Normalized,753,272,True
wp_120_Normalized,808,252,True
wp_109_Normalized,832,257,True
wp_72_Normalized,858,254,True
wp_110_Normalized,913,261,True
wp_122_Normalized,1066,373,True
wp_104_Normalized,1072,241,True
wp_102_Normalized,1135,246,True
wp_84_Normalized,1184,254,True
wp_121_Normalized,1220,328,True
wp_63_Normalized,1230,266,True
wp_45_Normalized,1252,255,True
wp_37_Normalized,1290,275,True
wp_76_Normalized,1300,298,True
wp_89_Normalized,1605,255,True
wp_80_Normalized,1652,250,True
wp_10_Normalized,1721,395,True
wp_85_Normalized,1750,253,True
wp_119_Normalized,2303,262,True
wp_68_Normalized,2344,275,True
wp_75_Normalized,2349,257,True
wp_115_Normalized,2424,258,True
wp_22_Normalized,2696,263,True
wp_48_Normalized,2754,256,True
wp_111_Normalized,2754,275,True
wp_79_Normalized,2790,241,True
wp_32_Normalized,2819,267,True
wp_24_Normalized,2829,245,True
wp_18_Normalized,2905,247,True
wp_25_Normalized,2930,264,True
wp_19_Normalized,2958,278,True
wp_20_Normalized,3139,253,True
wp_57_Normalized,3211,258,True
wp_30_Normalized,3214,270,True
wp_114_Normalized,3315,257,True
wp_34_Normalized,3589,251,True
wp_103_Normalized,3621,250,True
wp_51_Normalized,3689,259,True
wp_112_Normalized,4072,359,True
wp_107_Normalized,4292,244,True
wp_21_Normalized,4598,1363,True
wp_113_Normalized,4621,262,True
wp_47_Normalized,4765,275,True
wp_74_Normalized,4842,267,True
wp_116_Normalized,5076,269,True
wp_33_Normalized,5213,268,True
wp_11_Normalized,5304,256,True
wp_13_Normalized,5621,260,True
wp_28_Normalized,5664,250,True
wp_12_Normalized,5757,255,True
wp_117_Normalized,5770,259,True
wp_29_Normalized,5872,246,True
wp_16_Normalized,5990,252,True
wp_23_Normalized,6047,940,True
wp_73_Normalized,6162,436,True
wp_14_Normalized,6449,309,True
wp_118_Normalized,6845,570,True
wp_81_Normalized,7837,274,True
wp_31_Normalized,8311,285,True
wp_2_Normalized,8902,256,True
wp_100_Normalized,9749,266,True
wp_94_Normalized,23860,402,True
wp_96_Normalized,100027,285,True
wp_53_Normalized,100048,579,True
wp_78_Normalized,100148,261,True
wp_83_Normalized,100192,259,True
wp_8_Normalized,100344,333,True
wp_105_Normalized,100546,328,True
wp_4_Normalized,100554,481,True
wp_1_Normalized,104992,267,True
wp_9_Normalized,105788,292,True
wp_26_Normalized,107125,261,True
wp_5_Normalized,108152,279,True
wp_0_Normalized,109060,748,True
wp_27_Normalized,109508,412,True
wp_15_Normalized,109531,484,True
wp_6_Normalized,111498,480,True
wp_98_Normalized,111978,1031,True
wp_123_Normalized,116157,954,True
wp_7_Normalized,116261,651,True
wp_124_Normalized,120959,255,True
wp_3_Normalized,127086,641,True
wp_17_Normalized,139858,556,True
wp_35_Normalized,145128,279,True
