{"_id":"elit reprehenderit","cells":[{"type":"table_cell","channels":["sunt","ad sit in tempor","qui veniam","aliqua nostrud Lorem","sunt velit cupidatat esse"],"_id":"in commodo ad esse eiusmod","subtype":"cillum veniam aute","content_elements":[{"type":"culpa","alignment":"left","subtype":"cupidatat","_id":"enim ut","gallery_properties":{"exa":-67729116,"officia_d8":"dolor minim sit in dolore","velit66_":10430834},"channels":["anim officia consequat","commodo sit","dolore ut in proident","magna","sed proident dolore id exercitation"]},{"type":"labore eiusmod","alignment":"right","channels":["amet ad adipisicing","adipisicing aute cupidatat","Lorem ex esse","deserunt reprehenderit eu","ea deserunt sit qui"],"gallery_properties":{"Lorem_e":35530032,"mollit__4_":false}}]},{"channels":["esse quis sint","aute qui","est voluptate irure sunt enim","sunt non laborum veniam nulla"],"subtype":"ipsum exercitation Duis irure adipisicing","content_elements":[{"type":"eiusmod anim in fugiat eu","channels":["veniam ut pariatur"],"alignment":"right","gallery_properties":{"incididunt_c8e":-87286751}},{"type":"culpa Ut aute","channels":["quis commodo sit labore magna","velit magna"],"gallery_properties":{"nisi8_c":2917517,"deserunt3_c":"do anim"}},{"type":"pariatur qui sed elit","alignment":"left"},{"type":"dolor est","gallery_properties":{"ut_efb":"sed laborum pariatur adipisicing esse"},"alignment":"center","channels":["incididunt aliquip"]}],"type":"table_cell"},{"deserunt_ec3":false,"dolore635":24342888.452890143,"pariatureb":-31491124.272120625,"cupidatat3":true,"velit_86b":83989009,"qui_789":true,"reprehenderit618":-25883040.793783918,"non5":-40125174}],"channels":["laborum nulla ad","ipsum cillum"],"additional_properties":{},"est23":-49460522.202814564}
