{"type":"author-service","operation":"insert","id":"consectetur eiusmod labore reprehenderit tempor","organization_id":"incididunt officia adipisicing occaecat","body":{"type":"author","name":"in in","middle_name":"dolor magna","version":"0.10.9","social_links":[{"site":"fugiat ipsum nulla amet labore","url":"magna non exercitation"},{"site":"magna laboris ea eu in","url":"magna ad tempor"},{"site":"consectetur id nostrud laboris ex"}],"slug":"labore occaecat","email":"sit voluptate in nostrud id","contributor":true,"location":"quis enim ut","division":"aute Excepteur nostrud sit"},"priority":"standard","date":"nostrud ut enim laboris","app_name":"magna fugiat","version":"irure aute tempor"}
