{"R":{"website_section":{"type":"section","version":"0.10.9","name":"nostrud","parent":{"default":"ut laborum","voluptated":-21886012,"in_155":47774552,"proident1":true},"parent_id":"nostrud","_website":"culpa","description":"ex et anim","path":"nisi quis","_id":"laborum"}},"JtwQh_":{"website_section":{"type":"reference","referent":{"id":"ullamco sunt"},"subtype":"quis consequat aliqua sed","_id":"cillum incididunt consectetur et","channels":["ea minim cupidatat commodo","eiusmod est amet voluptate laborum"],"alignment":"left"},"website_url":"cillum"},"nOlO":{},"3YT9vI2":{}}
