{"type":"site-service","operation":"delete","id":"culpa voluptate esse Excepteur","organization_id":"exercitation et","version":"anim dolor tempor Excepteur","app_name":"deserunt fugiat et voluptate aute","date":"consequat dolore esse reprehenderit","priority":"standard","body":{"type":"site","version":"0.10.9","name":"laborum est dolor","path":"deserunt consequat cupidatat sint minim","primary":false,"parent_id":"ad non qui enim","_id":"enim do consequat elit minim","description":"Excepteur fugiat qui in aute"}}
