{"_id":"non ea Lorem elit sunt","channels":["ut cillum adipisicing","ea dolore exercitation et","consectetur do occaecat ipsum quis","sint ipsum est"],"content_elements":[{"type":"dolore sunt dolore","alignment":"right","subtype":"anim","gallery_properties":{"velit6b":"quis","qui_6":70296867,"eiusmod_4b":-97795854.80873449},"_id":"anim sit officia ut incididunt","channels":["Lorem cillum"]},{"type":"officia consectetur sit non tempor","alignment":"right","subtype":"Ut irure est","gallery_properties":{"nostrud22":"irure"},"channels":["incididunt dolor consectetur cupidatat sed","consectetur esse","aute in aliquip veniam","qui do","ut in dolore tempor"]},{"type":"adipisicing","subtype":"dolore adipisicing veniam ut","channels":["culpa nulla occaecat Ut sit","cupidatat","in occaecat nostrud incididunt qui"],"gallery_properties":{"cupidatatd":-55454488.595489606,"ipsumf":true,"voluptate_6d":"irure laboris cupidatat ut aliqua"},"alignment":"left"},{"type":"ad dolor proident","subtype":"dolor sunt","alignment":"right","channels":["culpa proident ad tempor"],"gallery_properties":{"sunt1fe":"sed do irure"}},{"type":"laborum occaecat laboris aliquip","alignment":"left","subtype":"in mollit","channels":["proident enim quis"],"gallery_properties":{"non0":10475267,"reprehenderit4":51382524,"proident9":53519896,"Ut_a":-98556122.71143195}}],"subtype":"Duis elit culpa ad adipisicing","additional_properties":{},"eu_7":55848273.270516366,"voluptate_c7f":"aliqua"}
