{"type":"restricted","reasons":[{"restriction_id":"et consectetur Duis","message":"irure","exercitation86":75608806.1406888},{"message":"amet proident dolor tempor esse","restriction_id":"consequat proident aliqua nisi"},{"message":"incididunt","commodo0":72482734}],"_id":"Lorem eu Ut enim","restricted_content":{"type":"reference","referent":{"id":"adipisicing consequat in esse","website":"nisi dolore aute ut dolor","service":"veniam consectetur elit aute pariatur","type":"section","provider":"cupidatat consequat"},"alignment":"center","channels":["adipisicing eu","laborum","dolore tempor ex irure"]}}
