{"type":"interstitial_link","url":"Duis mollit in enim minim","content":"consectetur est aute","_id":"exercitation","image":{"type":"reference","referent":{"id":"aliqua ullamco do in","service":"occaecat Lorem dolore"},"_id":{},"subtype":"consectetur Ut dolore laboris"},"description":{"type":"text","content":"irure aliquip dolore","_id":"cillum aliqua aliquip","alignment":"center","channels":["proident","officia dolor","incididunt sit sint do Excepteur","dolor magna ut amet veniam"],"block_properties":{"dropcap":"letter","doe0b":"id aute minim commodo","qui2":87934590}},"additional_properties":{},"subtype":"deserunt","channels":["ea reprehenderit nulla sit incididunt","deserunt ex nisi","magna ullamco reprehenderit ex in"],"alignment":"center"}
