{"type":"clavis-operation","operation":"update","id":"anim","organization_id":"velit ex","branch":"eu sunt","published":false,"keywords":[{"keyword":"in non","score":82368191.10027969},{"keyword":"occaecat culpa pariatur est","score":91674789.20516673,"frequency":-51363274,"tag":"consequat magna labore aliquip do"}],"app_name":"sunt ea eiusmod irure tempor","named_entities":[{"_id":"Excepteur ullamco elit","name":"culpa","type":"dolor eiusmod ut adipisicing","score":79705478.18534905},{"_id":"consectetur aute minim","name":"proident nostrud","type":"velit sint eiusmod"},{"_id":"mollit ea nulla","name":"aliqua non in ipsum","type":"nulla laboris minim","score":16294358.487705633},{"_id":"ullamco proident sed ex incididunt","name":"reprehenderit","type":"eu sint laboris Ut","score":33567267.247425824},{"_id":"nisi cillum ipsum","name":"elit culpa","type":"Excepteur dolor in Duis minim","score":15427668.07829161}],"version":"dolore","auxiliaries":[{"_id":"laborum aute qui do ullamco","uid":"minim cupidatat nostrud labore","name":"minim est in sint"},{"_id":"amet culpa","uid":"in proident amet reprehenderit","name":"dolor sed"}],"date":"cillum eiusmod id","topics":[{"_id":"Excepteur ad cupidatat","score":-3426320.287419319,"uid":"non laborum laboris in","name":"minim eiusmod esse"}],"priority":"standard"}
