{"type":"table","rows":[[{"type":"text","content":"elit","block_properties":{"dropcap":"letter","dolor66":-71256417.92619573},"channels":["irure sed eiusmod sit laborum","esse","laborum sint Ut nulla deserunt","Lorem velit veniam"],"subtype":"reprehenderit labore dolore","alignment":"left"},{"type":"text","content":"irure veniam ipsum consequat magna","channels":["aliqua ullamco tempor dolor ut"]},{"type":"text","content":"aute"},{"type":"text","content":"incididunt elit id in eiusmod","channels":["pariatur nulla sed laboris qui","consectetur do magna","aliquip dolor ad","in eiusmod"],"block_properties":{"dropcap":"letter","magna_2d":-42878403}},{"type":"text","content":"est culpa consectetur","alignment":"right","block_properties":{"dropcap":"letter","non_68c":true,"ullamco77":31981756},"subtype":"ea eiusmod non eu"}]],"channels":["Lorem in eiusmod","pariatur","eiusmod qui","et dolor tempor aliquip","eiusmod et laboris"],"_id":"ex laboris aliquip"}
