{"content_elements":[{"type":"id laboris aliquip officia in","_id":"fugiat et velit","channels":["voluptate","sunt","officia minim laboris","dolore","veniam labore Duis"]},{"type":"ad esse","gallery_properties":{"incididunt1eb":true,"sunt_e0":-97249825,"velit_fb0":75548358},"subtype":"ullamco labore nulla quis Lorem","channels":["exercitation nulla aute labore","enim dolore exercitation"],"_id":"tempor sed aute velit","alignment":"right"},{"type":"elit reprehenderit velit ut mollit","gallery_properties":{"aliquip4e9":-5095605.278615251},"alignment":"right"},{"type":"labore consequat anim elit"},{"type":"velit culpa in","gallery_properties":{"velit5dc":false},"channels":["incididunt proident minim ullamco","dolor nisi","adipisicing"],"subtype":"minim aliquip sit tempor id"}]}
