{"type":"ad ea","version":"0.10.9","location":"Lorem consequat veniam sunt ullamco","source":{"edit_url":"dolor labore cupidatat et"},"subtype":"minim incididunt labore","canonical_url":"do Excepteur","related_content":{"redirect":[{"type":"reference","version":"0.10.9","canonical_url":"ipsum in id pariatur","redirect_url":"est","referent":{"id":"dolore dolor ut","service":"ex"},"_id":"sit","subtype":"consequat labore velit qui Lorem","alignment":"left","revision":{"editions":["consequat elit sunt minim aliqua"],"branch":"aliquip elit nostrud Ut","parent_id":"eu ad magna eiusmod","published":true}}]," Xt&-s(":[{"consequat_93":"elit sit culpa aliquip","sed_1":-88500073},{"type":"custom_embed","embed":{"id":"laboris dolor sunt fugiat Lorem","url":"deserunt ea"},"subtype":"adipisicing cillum magna velit non","_id":"quis eu consectetur aliqua dolore","alignment":"left"},{"type":"reference","referent":{"id":"id in consequat","service":"elit eu labore ullamco aliquip","provider":"sed dolore irure minim","website":"sint sunt in pariatur"}},{"type":"reference","referent":{"id":"do pariatur","service":"proident qui","type":"ullamco ex consequat Lorem"}}],"Hz(hL7":[{"type":"reference","referent":{"id":"amet labore nulla","website":"ut in in"}},{"type":"reference","referent":{"id":"labore","website":"ut","provider":"amet ipsum","service":"sit dolor ea aliqua","type":"sed sunt est elit"}},{"type":"reference","referent":{"id":"deserunt veniam","provider":"voluptate","type":"minim","website":"consequat nulla ex amet"}},{"type":"custom_embed","embed":{"id":"et nulla mollit ipsum consequat","url":"ad qui cupidatat officia laboris"}}]},"geo":{"latitude":95306962.83717975,"longitude":65191152.879329205,"labore62c":78199580,"consequat_e3":"nulla","euc36":"amet laboris sit","ullamco_":"ut"},"status":"irure enim","promo_items":{"basic":{},"K":{"type":"raw_html","content":"magna commodo id consectetur"}},"editor_note":"dolore","headlines":{"basic":"sint consequat"},"alignment":"right","address":{"country_name":"ut","post_office_box":"consequat velit","locality":"dolore velit","postal_code":"ut laboris Excepteur proident reprehenderit","extended_address":"ullamco in in","street_address":"enim"},"comments":{"allow_comments":true,"display_comments":false,"comments_period":65199977,"moderation_required":false},"channels":["fugiat cillum in sed","ut in in incididunt aute","id sit reprehenderit"],"copyright":"aliquip labore eiusmod deserunt","publish_date":"minim dolore","revision":{"branch":"nostrud exercitation","revision_id":"Excepteur ut","parent_id":"dolore velit pariatur","published":false,"editions":["voluptate","dolore Excepteur nisi id","sed esse proident elit","pariatur mollit cupidatat esse in","velit magna"]},"_id":"aute","syndication":{"search":true,"q=}z8iwn1o":false,"external_distribution":false},"last_updated_date":"in sit deserunt occaecat irure","additional_properties":{},"planning":{"budget_line":"eiusmod Lorem","deadline_miss":19091566,"internal_note":"occaecat cillum exercitation officia","websked_sort_date":"laborum tempor dolor in sint"},"subheadlines":{"basic":"fugiat dolore"},"label":{"basic":{"text":"incididunt eiusmod","url":"nulla anim"}},"description":{"basic":"nulla reprehenderit ex"},"contributors":{"created_by":{"labore2":"in ea id labore eiusmod","deseruntb11":13449397,"dolore_318":-84150340.62453812}},"taxonomy":{"stock_symbols":["est consequat","in aliquip Excepteur amet laboris","in deserunt minim","nulla ipsum deserunt"],"associated_tasks":["30A69C16fa8ee7E03bCC3448","F5dBaEb57FA82C1cdb4a4e2e","FbA6c57112f54ABEB7FC813A","FBAcAAFbB9A6dFf5a939f633","86adbD2b2E4FAeFBf5ef7Adf","d6D5dDbcbcb98A4B0BFEec92","9bafF2702af609ae74951E3F","8Ab9D8AA7C6aE9bA8e2BBDF2","6dD4aBb3c1a1aBDFC61E0451","a5DfF2de27C7f2ecFAAAd486","Ba880f0c62E0DAb2C3d286EF","FfFD284b533f940E4EcbDe9a","0DA7bE5cD2bB4CFacffeFAB2","eD0E0D7DC5e2360Bbaace8d2","66FcE1a3C3F33BAE5f9Ca7C2","01CE11a8F625e7a5cd20E01F","a6261a9ff41fD558039Dfa0d","f1c2cFdfDE7Ef283A3CFEB0C","32C0BdebB35AaD3b94bFCE0e","E6eF57aA7C8945ee2ca585Ca","B04b2eD36fA07bC8Def8Da3D","6e8CBff7C6A4dF2Cc7baf0Af","BBBdf6716Eb9B8E045c57fAF","dD1f1C2Ea5BAEd332DB2c4Ba","B8E209e5DC746E9bC6EA7741","91Ea4a82F958324eeC70FF9B","bFaafbb512C4006b4045CEfe","DbaeF39E1b640b1c895752c2","934E3C99fc9d76c1BdB8b5eE","A50f44C47F6d4dA38f8dd65D","DDb5a3Ec8A23BCAEadf8Dad2","2ac48E5FeaD0F2cCDDc57c10","F8c227FF302A7BAb2Adb519A","6A39dBc1fD30d9f317F1ae2d","4e3e5407171a6CdBba595C6D","1cF2Cd5EBE7468e87Fca7ebE","eCb0B6404Bb1fEF3bCFEfA54","C5cc64Ec15f0B8f0C288f09e","c36A62fcfDaf396e82dF6CDF","Cd9d92a9E597FF2FfB9f0c38","0a0Fdb815F75D049aE45cfC9","Af322E9fb596940E9E86A593","Bb3EEDdf63Dc00EADA3786F8","E56dC9CF3CdccADBedc8A83a","e3cdD87ACc75cF0ec59c391d","Caa6E3dcc82F5DA2Bd6acC6d","21a52Fa6C6AaC0ccDFfF8591","136bb6f322BaCd84dbe3faAf","8fAaD2EF154fC26c087A7Ffd","935cED0C08B792D45f621f28","0Dc329f3Eee1Ce4138Ea94eb","cFA22dDdDFF912C9103C2b9A","fD3a368Ed1D829ca381ea49E","2ad5fb02927F4cdAF848a80d","cEbedb4daa2CdC29AC5969fB","8FfCFB5e8f31FC7e99d661ad","031a0aAdbD8Bad9AEe97f1fC","14E4158eB3AA759f987AdCcf","A869FD857C21b59bb5FD95b2","1FbC5e6aaF4be306cDB8DB86","Ab9bEAA2e65fe71Cf1A63f86","2a9DaC0Fc5cC9c1A72f00F40","d648E847dD0e28cefCB9A2D5","CdFf9fEbEe59a8beeDa7A722","01FdAdD86f6700AF5f91F017","CfB9Bc54dC001A78ef8dD5Ea","be2e7E5a21FADdA13b3A803c","40CDE05CB7F3D65Ea7B5c86f","c3bC5442C7180C1DAFF6eaAD","b1f3Ae373fd5AFA4E20eEbD1","BD1b793ADa05Eec2C3E5bCAB","72Ba89B72c40AbEcc8C5de61","E4C28fEeFcF875A16A4294FF","C236Aad252dCcAcbBB10DbA5","A4b97DbE06eDc4cfb7f1AB39","EC17D15DBF63fb6eaF281bCe","E391dBaD9E221B8A680b2AaB","6C2a8D57Bc29ee60fCbA0fDc","6c364E4838ea3BDd4Dad1ACF","d956bc4E27fFe4bdaeacD9E0","b5628eb6Ec330EBbaDfaa9eA","90Ce6f8Aaa794eBBe4C050cc","daaFaBc207dae1dDAA4E657B","05aF669f1FE08cAcd4ab3Adc","88e26aFa283Fc3c3feAD10D7","70C3BB6A401D8EFD5D9e3F87","8eecAC1DCfEdb5Ed9D82fc1b","CABEB8f8baB21D3495f1A9EF","5f69bDaAdf22FF53D32aDCbF","2Aed1A0e6f17FACE58115A3a","FC482F9C83ECeEF1ba1A88d0","EEE4AfF700e57dE14b5eC980","31cade3a9dAcba25d157C194","dcBF1980782AC0d86F9528Be","FAeFF357a9Ac141f18e903a4","2221da04d6e6DFC8aFEd300f","FaCBC6BdD9DE3EddcE3ea43A","46Aea042BAE13cD25eB62525","5558FaB8F5BBc9CF736Fa8C3","e310A401E6cAeAcEB43AAfD1","7EEADFe7403ecc0bf77b1DbC","DEA3d6F2Fc02cF95fc3617bb","cd524C1fCac231B94Ab3B7d0","dD14Ff39092f9c31BbDFFeCF","d2ff5FFDf8Ca2ebEBEc77719","8eE73fA735a1c9F3A2cA0f2B","f8214d19AAEBb02051AF8964","10EE2CDe5910a430EeFBbAC4","a6e5Fd82dde8BF305B154b6b","450a43E35fC388c5FA65f9dA","5AF50FB4aF2d16Af11d6e2Ed","Cd9EEAfEa51EfAFa9dE6DBd2","7F17EBEA98C8ab6cF3AA1D1E","f08DABCd9Abd8c2cA618daC8","bba41B5ACc4Aa81afcAFC44a","C2EbB351c7ac42b5d6f033DE","eBa7c6baC57Ff9940D4385B3","56BffAC3294Fb573cEFd95e5","3e95F9e75AAd1EfEC99f2BA3","b55b9A3c6eBf2e199EC8D53E","25D48c5aC4FEAceD18bAC6Ac","aCfdDbEE3dE24f3771a5f750","eDFAdd8855abB1013149de72","67Cad777D88b6bD5002bCFB8","b017a1FcC6daffe9A56b0f92","1F0CdE7DD7d1E95dC55eDB61","f0aecBC55ceaA1de675dD25C","83FED340698Adcd2DB87a8c0","4b9B883dBCe3A0D6383Eca7C","Cd1e6ed8108ABD25b4EE46CB","4cfad5dBBcEbD26EbDE8dda3","Cc69b49aF1B8a47D823F0Ecc","fBee9d9aC6438ca1a7a2ecdE","CC9fdB1C81EFfBa54B987f72","cb3c5B7A6E57Ee2CA7FEC7b5","7061B14D2Ae829b0ead13F20","e03ceEd7E6a7c8b910162E30","1FAaC7AD2ee20C271A0C2FBd","C9Ed9B8e26Fc0dCa379E2Ff0","e7F80db4Ee470F5121DBBd2F","A90Cf8cdEEcA6Eb70fB8c8E7","b5eB5A863fBb5A9cFba3eea3","84fCCc80a12C6dE60875FB2D","1FB8BCdc0E2BF8BbAC5a9eab","fBCCBd3Fecee098e596ECCdE","DA6C2c6f3fa4c608f3f10C02","7741bae30FEdD5FC27f37EaD","7fccab68158d663AbA051b1b","A6feFa6050BbD1a9bCd6c132","1E0EBA6B31d5a5E6C6dd0A3d","4c14c2A2445Ce05EeBF4bfc6","1EEc0B95A8C2735efdf3dE83","DA9C273C554e5F4DfaEEFaF5","57fFab41eadc94DB994CbCAC","6dF0a6af4DF7bD16F421D48b","9AAfdb4cb38Ddd6bC5b1e6dF","2506ADA4dd5aEBc02E85dBd7","0D72eC6BaA253cE3A6e0BcAa","4Bab94F9F1979AddFE087949","6CbFF09dBa0C991EF3b1eE46","016Bd3E5eDbfF3eCE1Eb5eFE","FEe6AbD2A593fB4a55cbea0A","cfEe5A30B2abfbe9D177A1E9","0AF4BD386DC4bFB51b51dB6e"]}}
