{"by":[{"type":"author","name":"commodo minim","socialLinks":[{"url":"ut non mollit sit"},{"url":"deserunt sint Excepteur elit mollit","site":"culpa in nulla consequat"},{"site":"velit"},{"site":"exercitation","url":"Duis consequat occaecat"}],"long_bio":"mollit in culpa Ut ad","last_name":"labore fugiat dolore ea id","url":"qui","expertise":"pariatur Excepteur sit","social_links":[{"site":"labore","url":"do"},{"url":"do magna","site":"in minim"},{"site":"reprehenderit cillum","url":"magna"}],"division":"ut fugiat","image":{"type":"image","version":"0.10.9","contributors":{"created_by":{"display_name":"in Duis","user_id":"in"}},"height":32423002,"revision":{"revision_id":"Excepteur ipsum sed exercitation dolor","parent_id":"et anim ad","branch":"anim sint","user_id":"deserunt id consequat","editions":["exercitation Excepteur aliqua ut officia"]},"label":{"basic":{"text":"ipsum","display":false,"url":"ad"}},"caption":"dolor","distributor":{"name":"pariatur commodo eu dolore","category":"freelance","subcategory":"Ut aute ea"},"vanity_credits":{"96":[{"occaecat69":false,"eu07":"ipsum","laboris29":13682997},{"type":"reference","referent":{"id":"sed","service":"occaecat sint id fugiat laboris"},"alignment":"center","channels":["aute sunt"]},{"type":"reference","referent":{"id":"sint","type":"eu","provider":"nulla ullamco elit ipsum veniam"},"subtype":"mollit adipisicing sed occaecat","_id":"adipisicing id cupidatat Lorem"},{"type":"reference","referent":{"id":"elit exercitation","provider":"culpa cillum","type":"section"},"_id":"dolore","alignment":"right"}],"uCWls8E7":[{"cillumc":false,"sintcb2":true,"in5e9":-99439108},{"irure6":"fugiat"},{"reprehenderit402":-85564430,"est_15":true},{"quis_d":-33012952.24448233},{"amet_f":"occaecat velit nostrud","occaecat04":false,"eacbd":"aliqua cillum nulla"}]},"last_updated_date":"anim et occaecat minim dolor","slug":"aliquip voluptate fugiat elit","short_url":"ea nulla deserunt laborum","image_type":"aute ipsum culpa eu","source":{"source_type":"non ea officia occaecat","name":"occaecat ut ullamco velit dolor","edit_url":"exercitation culpa voluptate"},"promo_items":{"basic":{"type":"in in dolor tempor","version":"0.10.9","label":{"basic":{"text":"dolor laborum sed","display":true,"url":"qui velit exercitation commodo laborum"}},"description":{"basic":"dolore amet laboris Duis","!v":"in nisi Excepteur voluptate ea"},"content_aliases":["z4cfa","y7n0p","ac","zfrkp05","l5-g96fxp"],"first_publish_date":"qui elit","channels":["aliquip cupidatat irure veniam","pariatur","commodo deserunt laborum"],"subheadlines":{"basic":"in ut occaecat velit voluptate"},"short_url":"labore ut Lorem sit","vanity_credits":{"xy0jY_":[{"ipsumf7":false},{"sint_de":"tempor","et17e":false},{"Excepteur_47":"proident sint aliqua labore non"},{"occaecat_b5e":false},{"fugiat_5d4":78828507.5038293}],"E":[{"sitd":12430752.046466649,"proident3":-62942605.58978606,"magnaefb":14800039,"minim_90":47239668.7245498},{"labore_f":91224195,"sint_18":58453536},{"exercitation_14e":-80859011.61207576}],"1imMucBA":[{"incididunt_ea_":false,"dolor_e7":-37033843.90229298,"laborea9f":false},{"amet_a0":false,"officia_4fd":56171200.86208764}],"UNIyuXO":[{"euc":"ipsum dolore in enim Excepteur","occaecat_a":false,"nulla_c45":-5537843.316709042,"enim4ce":97494792.74356875},{"ullamco__61":"ipsum irure","adipisicing_b0":true,"eu_1d":false}],"vpzY":[{"et_a26":true},{"eiusmod_b4":"consequat","incididunt_edb":true},{"Excepteur_04":true}]},"owner":{"sponsored":false},"distributor":{"reference_id":"sint","mode":"reference"},"geo":{"latitude":-22877433.75362377,"longitude":25146999.82107213},"canonical_url":"cupidatat Lorem","revision":{"branch":"anim commodo dolor sint","editions":["quis aute ea sed","mollit quis ullamco","nulla non proident","in elit","adipisicing exercitation nisi"],"parent_id":"nisi adipisicing","published":false,"revision_id":"deserunt commodo veniam","user_id":"adipisicing deserunt enim"},"subtype":"dolor consequat minim","taxonomy":{"auxiliaries":[{"_id":"cupidatat irure in dolor est","uid":"non"}],"primary_site":{"referent":{"type":"site"}},"stock_symbols":["velit veniam aute nisi sit","tempor Duis irure laboris ad"],"sections":[{"type":"section","version":"0.10.9","name":"enim et ut velit cillum","path":"proident id commodo ullamco","description":"non nostrud do voluptate","parent_id":"Lorem fugiat qui tempor","_id":"officia","parent":{"default":"Excepteur est","sed51a":true,"minim_b":-35159904},"_website":"amet dolore Excepteur sed sunt","primary":false},{"referent":{"type":"section","ea_bb":56179399,"consectetur2":"sed","cillum_6":87442822,"tempor_da":"proident non et"},"ipsum_52":false},{"referent":{"type":"section","dolord":"dolore minim"},"eu_d1f":"sed tempor","deserunt43_":true,"enim_0_":"ullamco quis in"},{"type":"section","name":"eiusmod sit ullamco commodo","description":"Duis ut","_website":"sint voluptate esse","parent_id":"ex aliqua","parent":{"default":"elit ut minim","ipsum_1ad":-55703447},"primary":false,"_id":"veniam Excepteur nostrud ut sunt","path":"elit"}],"associated_tasks":["deaE3701CBB411a2d55F55Ce","3fA0B1DEA8A0CAbB4A4ff120","901a1E4fC0BcDfc3501d93fA","5c96a41e26f2C3EE3fd35379","e607daB7cB5e18794C15a1bC","ff1caA3aD67FAeFEd7fbbb8F","071fe169FAb76f72aaE9fEA4","7BaE76aEAcefDD01dF7AEDdF","eDB5fa9A5b7Cc3F3E49fABFA","4f4aECAD9ccB71f3b620ecCa","4a4EaD2a795f02A907c975F4","C18dAEf3F1c9C3e5cC9Ba95d","2a0D52cEA003cdBb4344dEAb","B4adbdcffe8bCe52aAB15D74","a5a5a5aFDde8CEE7bFA384DD","c3237599395DdE448889B8Ba","71E0812Af5bf60b2dd9dBccb","FDc5931dfD21D952BFC5A28E","5230b81055eCb62D9935824F","Aa0B2aedcB0710a5Cb033d8c","54F8C9FEeB94b45EAeABf308","EE3Ccd9f13cdEBB63f14C9F1","1cB49f8Dc2ecF4BDf9fdA668","3C41Cf40f35EB50A4D8Ba8Ee","3db3B89F4F0AaDFde9C7EB83","BCd4E8072c0fcD1937e4014e","892b800FB7A3EEFbEe6A7ffD","A4C048CD32C567F0Ff98C5eE","7BE8Bc0F7bb13E30b4fbb535","aD5af7b913253d04e4A3B7Fd","f84F5ECfC7bf4A5A9C1fDaF7","cbcc602f087ecbC8452C0F4F","cdc04B2997D2c87D32a4d909","F0F8E56B9f9eceE8FC5F57CA","d0E096Eafbd5e20F1C3fb835","3dF7b4fCEaC0eE15DE865644","dDCdaee71877a4d5adACC20e","Fe63Dc7ABBe45f97110E2cdA","F1ccbb84d9Cea6Ce287F6fe0","fD8eB31D49CA97f1Eac423F1","b3e2bc75Fdd23051D241cCa8","8E78cb9EdaC784Ee590cb829","A51d2b8D8d09ee78C0bCc0db","0dEC3c0ce4a2BdBD0dAa4Fdd","242F97ddAEBD8CCD70ecbA26","c7C82B61D3d63b6E1eB3C4cA","d44FE4A15B9CdD868Fb70934","BbcE6a21fDbaCD5eE5D7A094","3a090c077ecBBEfd0Bc874CF","A0027276fA940041bb963F9b","B93Cb7c4eAB0CFcefF0831C8","99D2132E53c0bc3A1fa8Bfa5","a5A228AA54de4a8324A7BC0c","ecc5FAd54206B9a1dE942FcB","1cF2a8a85eaADaBFfa9Ee053","794bfeAfBFcDCDEFde347a0c","D59b5FDEfED8FC9A6B68Aae1","ccED1A247cADB19a41Fc0605","32FF8A677b0b0aB999db5AdD","944d5D0A1eFDA9ED1eBb48f1","1bba31454EE0aEdd03dDdd81","99e77532EBD45AA9ade88cBE","D15172aE3C3a22FbFB7b8d7D","7748Ff50A7C0F7EFEE45E3E6","E1AF61fC79Fe6d94875c448c","48fE9FAFbE66036d5b2EdFcA","dD3cB402d29afA45De6cf91F","daC7EafAfC87eAf7F366f929","90EA2AF2C57B4b35dC9d3B46","453C5CEE933fff42aa33e6c7","f8fbc73010103F4CCA13931a","62A257DfbB853bAee7a9eCfC","abB8EB8ED6C0bfB30694BA69","d93c818DAfc1CD3ddBFDBf7d","d992d0f354cc11397ae02a7C","c65dc0CB05dfAE0F08602F4e","C8d9F4d4D6Cc2c9FD625cA5f","e3be6d118Ca8CC3FA0A08dFd","CbfC7DcBc7dA1106bd3fE44E","40CfDDAeFD461Da763eeE78B","1bBf18B4EBFD9DE813e5A25D","55a9aC480a39f3bc4237bcee","A03EE2Ae76eAC3ddFc57FFCC","e9eB4Ec760792Deef5bA8CF0","9dec3b1C1E5D3faD5cCaFBCc","2f6F79e5d5F907A07cb6Edab","5fF7f4bdFD5A43c9227Bb4Ba","f9d7B2fDf80A77DEce2cf3DB","4b531bB805D029bcf96E541b","9AaaCBE2Ddb6b1CBcf24e1E6","36aF9AB6Cbf5c2deaCd9FfCf","eabd42CbfB4Bb9134dCe4cda","33c48acBcbDeEadf0a3A7A72","C63BEf08472FCD30a6dC54B5","18C4ca7CcB2439Fc1FfcdDE3","b41584297dB93cdFEde3f2b9","18EFA9cEfD2EcfCB7Eea3420","4cf6Cf4BADDAfACFdd8c4cf7","9D90eCaF32e5cb6cE8Aeddad","7b3Ef736CFDAa6dEc6AfaCA0","bC6e2d1aF53943C4afCDfa82","c4A21b11Ced0e79093dFadEC","853F0cd4D4CECa1D283971C9","de7a58130Eb4CFa0EeD3AcDB","50ccedC6b4Dd5D17eD754725","a8eFE72fB6A30D540dCe3bD9","Ba4BaC87DFff8a9453931DC4","c2fd0C1c1aa7cffCbF81CE9E","E4f9Ec9feE81494b508Bd9dD","6Aaa61182201F473BacC7Dc1","11A3C19e9c7fC93F5eCf5E4b","0cea88f4b4bDbdA2D78AF2A5","11e568D3ab555AF8c26b22Af","34E896fDF6e0cdfeEaa0df9D","7ed60EB754E2fEFE24CEc8fC","94aae3B6D0de64643811DfCF","6ceaDC23A95E53b3BB6fcec4","d3E6cA972132Ee2b20bb4572","Dd3D96FB7579bdBcFC021B5D","094e62E6e38b7D9A49caFB85","b7E2c0dcaEa5acF8a6F5bDfD","2c3d1CFacd0F1199BEEa92A9","faE3512FfC2B0afEEFAACeEd","Adb9D53cb449EcC87dCF0fB1","6F1D3a97774bD00cc91e85B4","CF7EAa4FfAbE8bB6DC29D651","84F2Eba676e8efD87eAD4D47","9bE01CDEfd8d90B78CC55bA0","EbA1aedD843EFFADaD2d6DeE","9BcFEA2CD608D8e14cB92c49","0B20ae99a8f9ceAc3Bd3bD89","D7b612cf621443f88E79f43F","f09E6Fadd0cfD3BCFC5e1d9e","152CB46Fad64187B5874e67a","C42a3972EDabe62BaFeEe2Fc","9FF61DBC5CC25C6d581FEC99","31B3D6ef1774DCB4F07A52D8","923dFcF9b8116b6Dff5fBa1F","82D0AAb95510e6fb6B4AA3DB","BfDdadC621ACE2AdC584b0fD","cB25A82E36AEFE388C25C732","BBF84C1F6Cc48Cda9b9651dd","5e8cf6a14EeB5Dccc5e131FD","84D61E201ffDcADeDAb86eca","AEB14df6066e711bE625056B","30cAC4aFdd79BF4Af344e7AD","a697b734B9901BE96c3eDea6","B04Cc3690eAa4EB2C891E7bB","1F23faf9A0dDb25F55416F15","Efd0E1B59CB1dD6BBdddEBee","8a61dd8bfA39Ee91212b7dcE","eEa1dBafDaC9BecdA4B601d6","87Bf8d4BEa2e98CcBb2E356B","66523b564C6BC4a59dC01528","6fDF9BBcEE6D10FeDc05D96B","D8B77f65f7c2c8100BD8cF33","f2FA5BE2b66fDf0EEde1c135","7fa01F83bA6C383e9A2AFDBA","4F9cF733e2e9BBFEEbf8a10f","57d99CEA7bc2ebC3EaBdEBfA","7Fec1bDBbCEf3CdEE9958589"],"keywords":[{"keyword":"id sed commodo velit","score":-84494880.65024391,"frequency":-9475903,"tag":"reprehenderit"},{"keyword":"in officia dolor commodo labore","score":-11643871.907706812,"tag":"dolore id non","frequency":-56109363},{"keyword":"pariatur in id ut culpa","score":-446145.7538602203,"tag":"et","frequency":31609747},{"keyword":"magna eu ea proident","score":-73395809.70120431,"tag":"ea aute sint","frequency":-91338950},{"keyword":"minim","score":-59370851.31148145,"tag":"dolor","frequency":-67104807}],"named_entities":[{"_id":"proident adipisicing","name":"non nulla in","type":"aliquip est sint","score":33264427.231554}],"primary_section":{"description":"A primary section object or reference to one. In the Arc ecosystem, a reference here is denormalized into a site from the arc-site-service."}}},"oSD]Y":{"type":"raw_html","content":"Excepteur aute id do eu"}},"channels":["aliqua ex anim culpa","pariatur","deserunt occaecat reprehenderit labore","sint veniam quis"],"canonical_url":"velit in eiusmod culpa voluptate","status":"dolore eu dolore irure pariatur","focal_point":{"x":48054923.399555385,"y":-64014575.13498818},"pitches":{"publication":[{"latest_event":{"edition_id":"consectetur aliquip do"},"creation_event":{"user_id":"pariatur enim","edition_id":"eu culpa laboris ut","edition_time":"veniam nulla irure dolore sint","note":"pariatur nostrud"},"publication_id":"ullamco Duis"},{"creation_event":{"edition_time":"aute elit non id sit","user_id":"exercitation eiusmod","status":"w","edition_id":"in voluptate","note":"in","time":"officia sunt sit"},"latest_event":{"edition_id":"dolore","user_id":"est ut","status":"  g  ","time":"ex","edition_time":"exercitation et","note":"laborum exercitation elit"},"publication_id":"in"},{"publication_id":"dolore culpa nisi anim ut","latest_event":{"edition_id":"aliquip","time":"cillum nisi pariatur","edition_time":"aute in ad consectetur est","status":"  qxj "},"creation_event":{"edition_time":"ea labore","edition_id":"in","user_id":"dolor culpa incididunt ea mollit","note":"officia aliqua"}},{"publication_id":"dolore consequat in voluptate reprehenderit","latest_event":{"status":"t o mge s","edition_id":"ad labore nulla sunt","edition_time":"Lorem sit","note":"eiusmod Lorem exercitation do","time":"enim eiusmod Excepteur"},"creation_event":{"status":"mdm","edition_time":"amet irure ipsum ex","time":"do magna sunt sed et","user_id":"amet Duis Excepteur eiusmod"}},{"publication_id":"in id Excepteur"}],"platform":[{"latest_event":{"status":"m  oj uj  ","user_id":"occaecat in do"},"platform_path":"occaecat quis deserunt ut amet"},{"creation_event":{"status":"  i ","note":"labore reprehenderit","time":"laboris cupidatat","user_id":"commodo Excepteur fugiat"},"latest_event":{"note":"laborum elit pariatur","user_id":"reprehenderit velit"}},{"creation_event":{"time":"fugiat"},"latest_event":{"note":"culpa","status":" s sk","time":"in elit ad dolor proident","user_id":"nisi"},"platform_path":"ipsum amet officia ad anim"},{"creation_event":{"note":"sint tempor sunt ipsum"},"latest_event":{"status":"p  i  ","note":"aliqua eiusmod in fugiat amet","time":"reprehenderit sed amet sit irure","user_id":"aute nulla"},"platform_path":"commodo id cillum"}]},"language":"sed est proident","display_date":"ullamco exercitation magna dolore","created_date":"dolore in in incididunt cupidatat","headlines":{"ex0":2110363,"ut_2":true},"related_content":{"eqtEy`%":[{"type":"custom_embed","embed":{"id":"eiusmod exercitation","url":"laborum consequat ad ex"}},{"type":"custom_embed","embed":{"id":"officia anim velit","url":"commodo laborum ea"}},{"type":"adipisicing ipsum ullamco elit incididunt","address":{"country_name":"aute laboris","region":"commodo irure ullamco tempor","street_address":"laborum minim","extended_address":"aute","locality":"pariatur officia tempor","post_office_box":"eiusmod ipsum nulla"},"workflow":{"note":"laborum sunt quis deserunt mollit","status_code":84541575},"content_aliases":["p7qqn","aavsru0681","yh","ku6sv3o00dn"],"syndication":{">r":false,"search":true},"channels":["magna exercitation velit","ad culpa"],"short_url":"ea dolore sit","contributors":{"created_by":{"user_id":"sed ad anim","display_name":"in Ut nisi"}},"comments":{"display_comments":true,"comments_period":-13897309},"planning":{"websked_sort_date":"non aliqua quis","story_length":{"character_count_actual":-54862630,"inch_count_planned":-54160200,"word_count_actual":-65182443,"inch_count_actual":-14643444,"line_count_planned":29106352},"budget_line":"dolore officia sint","deadline_miss":-82534506},"status":"amet nulla dolore est","vanity_credits":{"SItx8J":[{"aliquipc35":false},{"in_c5":45436248.12849867},{"ad_4e":"eiusmod pariatur non exercitation"},{"sunt_1a":-82231100.1701069,"velit_49":"in in laboris incididunt"},{"pariatur__e6":87300168.0141522}],"by":[{"qui_05":false,"ina":-55660865.35999091}],"photos_by":[{"culpa87_":-766958}],"GP6hegTgO":[{"Lorem72":"est laborum ut elit pariatur","incididuntd":-92554686.89502329}]},"content_restrictions":{"geo":{"restrictions":[{"restriction_id":"qui"}]},"content_code":"Lorem","embargo":{"active":true,"end_time":"tempor","description":"Excepteur"}},"_id":"laboris minim aute","first_publish_date":"consequat Duis irure nostrud","pitches":{"publication":[{"publication_id":"anim sit","latest_event":{"user_id":"voluptate nisi labore sint","edition_id":"occaecat consequat","time":"proident velit"},"creation_event":{"user_id":"do consequat culpa veniam velit","edition_id":"dolor","status":" v  ","time":"Excepteur elit laborum culpa","note":"tempor velit occaecat reprehenderit","edition_time":"irure consectetur nulla proident minim"}},{"creation_event":{"time":"voluptate","edition_id":"dolore","note":"voluptate","user_id":"Lorem dolor officia sed velit","status":" q "},"publication_id":"dolor reprehenderit in"},{"latest_event":{"note":"ut velit est Ut qui","edition_id":"commodo","status":" zg","time":"nisi sunt","user_id":"culpa ex Excepteur","edition_time":"mollit dolore id irure"}}],"platform":[]},"last_updated_date":"deserunt ea veniam labore","publish_date":"Excepteur et commodo veniam","canonical_url":"tempor officia nulla","language":"incididunt in Lorem nostrud","source":{"edit_url":"ad incididunt et aliqua","name":"voluptate Duis dolor est","source_id":"mollit ullamco","source_type":"dolore cillum consequat Excepteur"},"slug":"Duis officia consequat Excepteur","taxonomy":{"sites":[{"type":"site","name":"fugiat officia consequat sed","primary":true,"path":"ea"}],"tags":[{"text":"aute Ut consequat","type":"tag","description":"irure"},{"text":"elit","type":"tag","description":"sint"}],"primary_site":{"type":"site","name":"laborum","parent_id":"cupidatat","primary":true,"description":"et Excepteur proident tempor cupidatat","path":"elit aliquip exercitation occaecat fugiat"},"sections":[{"referent":{"type":"section","Excepteurd__":28056741},"enim304":false,"quis9f0":-50564499.22221882,"reprehenderit_769":true}],"named_entities":[{"_id":"eu cupidatat dolor velit ad","name":"in amet dolor","type":"culpa"},{"_id":"ut veniam","name":"dolor laborum Excepteur enim","type":"aliquip eu esse ea Excepteur","score":46306054.03968838}],"topics":[{"_id":"velit adipisicing enim","score":61546443.809674084,"uid":"deserunt incididunt sint dolor"},{"_id":"fugiat do ex ea et","score":33383438.769873127,"uid":"sunt"},{"_id":"eu deserunt","score":46186964.545485765,"uid":"id incididunt reprehenderit eu ea","name":"eiusmod aliquip ut aliqua"}],"primary_section":{"description":"A primary section object or reference to one. In the Arc ecosystem, a reference here is denormalized into a site from the arc-site-service."},"seo_keywords":["ullamco Ut","dolore","ipsum culpa Lorem reprehenderit laboris"],"keywords":[{"keyword":"consequat esse do fugiat ex","score":23209734.238349184,"tag":"deserunt elit consectetur magna sed","frequency":-79194735},{"keyword":"elit irure aliquip sint","score":93404940.40427828,"frequency":33402989,"tag":"voluptate"},{"keyword":"laboris","score":22342769.873738095,"frequency":7953482,"tag":"irure aliquip cupidatat"},{"keyword":"ipsum veniam ea in","score":-70514108.09873281,"tag":"dolor deserunt cupidatat eiusmod","frequency":57444623}],"stock_symbols":["do in qui commodo ea"]},"editor_note":"cillum irure ut","created_date":"ea cupidatat eu tempor Duis","label":{"basic":{"text":"laborum"}},"distributor":{"name":"sint non commodo","subcategory":"veniam velit","category":"staff"},"display_date":"proident ad nisi dolore consequat","copyright":"reprehenderit enim in tempor ullamco"},{"nisic9a":false,"Excepteur_a":5257098.2573497,"do664":"tempor aliquip"}],"redirect":[{"type":"reference","referent":{"id":"fugiat","provider":"sint"}}],"e<x@jT":[{"type":"mollit","planning":{"budget_line":"ut","deadline_miss":22333749,"websked_sort_date":"tempor dolore qui proident aliqua","story_length":{"word_count_planned":36121436,"word_count_actual":-98849852,"character_count_actual":85591489},"scheduling":{"will_have_image":false,"planned_publish_date":"in non fugiat"}},"taxonomy":{"tags":[{"text":"ea ipsum nostrud incididunt ut"},{"text":"elit quis amet incididunt","description":"Lorem irure"},{"text":"esse commodo incididunt"},{"text":"consectetur"},{"text":"dolore velit","type":"tag","description":"occaecat voluptate ipsum Lorem labore"}],"keywords":[],"topics":[{"_id":"laborum magna consectetur irure","score":11057744.09531954,"uid":"sunt","name":"et exercitation proident sit ipsum"}],"named_entities":[{"_id":"labore in","name":"ut deserunt eu est","type":"ullamco nulla sit exercitation labore","score":71857238.80472302},{"_id":"occaecat et","name":"est ullamco","type":"Duis aute","score":1122533.1928918213}],"primary_site":{"description":"Deprecated in 0.10.9. (See `primary_section` instead.) A primary site object or reference to one. In the Arc ecosystem, a reference here is denormalized into a site from the arc-site-service."},"auxiliaries":[],"sections":[],"primary_section":{"description":"A primary section object or reference to one. In the Arc ecosystem, a reference here is denormalized into a site from the arc-site-service."},"stock_symbols":["ea","irure laborum ea","dolore esse in minim labore","cillum pariatur eu eiusmod","velit adipisicing proident exercitation"],"seo_keywords":["veniam sunt officia ex","ea laboris","aute ex adipisicing officia ut"],"associated_tasks":["d5Dfaf4d650de4a9247C4dAa","4723a1DfEe229Cf4CEd53F9f","b1d091e151f18072cd2eC342","bbAf6EbbE359A80F4cdCeA51","aC67cf60C82A2C2C4d3aE9dD","870E722c2c0Ce01E423D58Dc","22FFbcadfebAd48689DBfdDC","4DB4C6D9186ce2265E5b4fBb","c69b7e70F9ad608EED6C40e7","5205A3FcE735286C63679b4d","580E29dbDca8102650f49518","e9FDa3108cb9cEcf2a831C38","2dEf4A35c824B8C5CB89EcfA","844d3fedF7DbF84cD7c1c6fc","E0BccFa9A5AFBbc43FCcf22d","eEfacB5CCA823757E261ABAd","aab2d1f5DA7C61252ECC112C","b0CA2E9ffA3bf10C7A7BF4eB","d7bDbdB11f59B7c76702e4cd","DCf5bFdCcDF7A15BeBe2ceca","7cc38FadCd0a48C9ef899Fbb","13623A2F78c60018DdD18B9a","511cDC7FB3A73BaEF2DC4cbf","d0eDa2DffFcea62f3aBE5969","1E4b0Ff27FCcdda22169E2f4","e3DC0dE032a813CdAddAC13a","daA1a4F0C87CceD906cc1756","d4f2222Dfc3c8ad8feC62BC3","E581EAE92C300aEcad7C787F","57de6C5F8fBDb1FaD3FfA796"]},"location":"proident Duis occaecat sunt et","distributor":{"reference_id":"ad ex","mode":"reference"},"contributors":{"created_by":{"display_name":"incididunt","user_id":"nostrud","Lorem_ed":"Duis amet culpa id aliquip"}},"slug":"cupidatat eu ut ipsum","workflow":{"status_code":68688724,"note":"incididunt"},"content_restrictions":{"ea2":52284547,"sed_0f3":39118891,"aliquip_572":"consectetur fugiat deserunt esse voluptate","officiaa":"in ullamco ea aliqua dolor"},"pitches":{"publication":[{"publication_id":"proident qui non sed"}]},"status":"cillum Duis pariatur laboris incididunt","channels":["enim","eu aliqua et","nostrud minim tempor velit in","dolore aute consequat ut","ea pariatur culpa enim non"]},{"mollit_c_f":3292024.788720742},{"ad29":true},{"magnaf1d":60684321},{"sed_a1":true,"labore6":39415005}],"Y=9#TLTEPO":[{"magna_b_7":-24863875.4154118,"ipsum6d":88531915},{"Excepteur_f7b":false},{"etc":"minim ea","consequat8":false},{"ut_f5":false,"tempor_7a":"Lorem esse tempor ad"},{"aute_a":"laborum in anim magna dolor","nostrud_909":true}]},"licensable":false,"publish_date":"exercitation sint sed voluptate"},"location":"culpa nostrud dolore sit minim"},{"irure_0":90259188.9348591},{"nulla_dc":true,"eae27":"ea aliquip"},{"Duis__f0":"proident"},{"pariatur_f":"officia Ut"}],"photos_by":[{"quis_7a":true,"ad9":-39302855.68915775},{"ea__b":true,"officia_e":-6281554}],"":[{"ut_8fd":348624.9888866544,"ea2":false,"nisi_e4":-94867057.4640918},{"occaecat_ff":89609322,"dolor_a59":-58448628,"laborum_4":-77676792}],"2M1xo":[{"officia8":94153954},{"cupidatat_d":false,"dolor_c5":"anim Lorem aliquip aute qui","incididunt_d8":-50557787},{"nisi06c":85540032},{"pariatur_05":53389141,"ullamco_ea":8946619},{"id_a1":-74394773.83921495,"elitd_f":true}],"Euh1":[{"Lorema":-50136825,"suntd8_":"qui do culpa deserunt amet"},{"do__":44500396.27376664}],"ipG":[{"aliquip_e":"est do deserunt"},{"occaecat72b":-50464478.80435463}]}
