{"type":"tags","ids":["pariatur do tempor sed ut","in esse voluptate culpa dolor","laborum","incididunt dolor consectetur","magna quis et enim","in et","occaecat Excepteur tempor in pariatur","fugiat","aliqua cillum","culpa cupidatat sunt","aliquip et exercitation","nisi","elit velit eu veniam ad","pariatur","occaecat sunt nulla ut aliquip","in nulla velit enim nostrud","exercitation occaecat amet pariatur sit","sit tempor proident ad ea","in eu dolore","dolore officia non nisi dolore","ullamco cupidatat","Duis ut","amet","ut ex aliquip","adipisicing aliqua in","eu non deserunt minim","Duis","aliquip cupidatat reprehenderit","ut Duis nostrud veniam","consectetur magna eu incididunt ea","laborum","adipisicing nisi","amet sunt dolore","fugiat Excepteur velit aliqua ea","ad eiusmod minim","reprehenderit ut in elit velit","commodo dolore in culpa","in ex","dolor","dolore elit dolor","veniam et","occaecat","aliquip consectetur laborum","consequat sed mollit Excepteur","anim cillum ut non","tempor ad culpa","dolor pariatur veniam Excepteur","exercitation velit dolore qui","ullamco","ut sint deserunt ullamco","Lorem laborum","do","aliquip ut commodo","occaecat Duis","elit aute fugiat ut voluptate","ad est amet do Excepteur","nisi elit nostrud amet","ullamco Duis elit consequat","elit enim sint","non","aliqua non incididunt velit","elit est fugiat","Excepteur esse et","in Excepteur nulla dolor","quis Lorem","culpa velit laboris veniam","proident","cillum Duis","non dolore pariatur mollit et","sit ullamco nisi","in esse fugiat Lorem in","ea esse est in dolore","enim proident","non","dolor labore","voluptate","dolore nisi sint","est dolor exercitation","elit ullamco est in","ea laborum","tempor sint","culpa ullamco Lorem veniam ut"],"Excepteur_149":77702807,"essef":11538350,"exf5a":"incididunt qui esse mollit"}
