[{"type":"correction","text":"ut aliqua laboris","additional_properties":{},"subtype":"cillum consequat mollit ad in","alignment":"left","channels":["id magna"],"correction_type":"tempor et sit consequat","_id":"culpa irure sint"},{"type":"correction","text":"Duis","channels":["cillum reprehenderit","mollit Excepteur laboris","minim cupidatat ex est commodo","consectetur"],"additional_properties":{},"_id":"consectetur ut","alignment":"right","subtype":"dolore culpa","correction_type":"esse aliqua Excepteur laborum"},{"type":"correction","text":"esse sunt","_id":"cillum","correction_type":"aute"}]
