{"type":"gallery","version":"0.10.9","websites":{"QsRAH8":{"website_url":"enim adipisicing culpa","website_section":{"type":"section","version":"0.10.9","name":"occaecat consequat labore","_id":"cillum ut"}},"VBvd":{"website_section":{"type":"reference","referent":{"id":"anim ipsum adipisicing","provider":"consequat laboris irure anim","type":"section","service":"sint dolor nostrud ex","website":"incididunt dolor laborum"},"channels":["reprehenderit nulla eiusmod incididunt","aliqua adipisicing consectetur","reprehenderit ea enim Duis","ex officia sint elit Excepteur"],"subtype":"dolore do"}}},"channels":["nulla sint labore in","culpa et pariatur laboris voluptate","ex quis commodo id","ut ut ex deserunt"],"pitches":{"publication":[{"latest_event":{"edition_time":"in enim tempor est","note":"labore proident do aliqua","status":"ns l","edition_id":"sunt sint laboris pariatur"},"creation_event":{"note":"eiusmod","edition_id":"aliqua Ut consequat irure nisi","edition_time":"aliquip consequat dolor"},"publication_id":"ipsum aliqua consectetur commodo"},{"latest_event":{"note":"amet anim mollit","edition_id":"aute incididunt do culpa","status":"  ac","time":"Excepteur minim"},"creation_event":{"user_id":"voluptate in veniam","edition_id":"do"}},{"publication_id":"Ut irure enim aute","latest_event":{"status":"  j","time":"commodo Duis","edition_id":"enim","edition_time":"eu reprehenderit consectetur","note":"ut do sed aute Duis"},"creation_event":{"edition_id":"sit occaecat","note":"cillum","edition_time":"et Ut officia","status":" od  tr ym"}},{"latest_event":{"time":"cillum Ut irure cupidatat","edition_time":"consectetur Duis cupidatat exercitation","status":" ","edition_id":"id","note":"exercitation aliquip nostrud"},"publication_id":"eu pariatur"},{"publication_id":"ut","latest_event":{"edition_time":"occaecat","status":" rd ","note":"dolore"},"creation_event":{"edition_time":"sunt officia","status":"ezd","time":"veniam sed","edition_id":"magna sunt"}}],"platform":[{"creation_event":{"time":"ullamco Excepteur in ipsum quis","note":"nostrud amet","status":"","user_id":"nulla"}},{"platform_path":"id eu","latest_event":{"time":"elit commodo cupidatat","note":"laborum Duis"},"creation_event":{"note":"voluptate est eiusmod officia mollit","status":"q   csw lm","time":"cupidatat aliquip"}},{"latest_event":{"note":"sed nulla non","status":"yrl  priw"},"creation_event":{"note":"ullamco id in","user_id":"Lorem ad elit","status":"lyp  ","time":"qui eiusmod aliquip officia adipisicing"}},{"creation_event":{"user_id":"ipsum deserunt laborum","time":"veniam adipisicing elit","note":"nostrud deserunt ut","status":" b"},"latest_event":{"user_id":"dolore","status":"y u","time":"aliquip aute","note":"incididunt Excepteur"},"platform_path":"sit enim deserunt exercitation nostrud"}]},"display_date":"Lorem incididunt irure","taxonomy":{"seo_keywords":["labore","labore eiusmod pariatur sed","Excepteur mollit ullamco do","dolor"],"primary_site":{"referent":{"type":"site","magna_c78":77057302.2236405,"consequata34":"commodo minim amet","Ut_6":true,"ex_d1":9830192.076254278}},"stock_symbols":["amet Duis reprehenderit ad magna","Ut pariatur","exercitation irure esse officia cillum","velit ex id elit laboris","in ea aliquip"],"topics":[{"_id":"sed","score":19419486.637549892,"uid":"consequat in enim","name":"laborum minim commodo"}],"primary_section":{"referent":{"type":"section","ullamco2":false},"voluptate_b":true,"cillum6e":true},"auxiliaries":[{"_id":"irure laborum","uid":"enim aliquip in nulla culpa"}],"sections":[{"type":"section","name":"ex proident ipsum","primary":true,"description":"Ut in non do","parent":{"default":"consequat in esse","cillum_1c3":"consequat aute sed ex","dolore4ce":false,"dolor2":true,"ipsum_8ef":-52144110,"animc5":-68723271},"path":"officia laborum","_id":"id sint aliqua magna ullamco","parent_id":"dolor","_website":"eiusmod"}],"sites":[{"referent":{"consequat_56":63053305.81346014,"veniam__69":true},"cillum01":-23717175.835498378,"laborum__2":true,"laborisa_":-90773806}],"keywords":[{"keyword":"sunt","score":-61971701.11751911},{"keyword":"id sunt nostrud","score":20404284.290473968,"tag":"incididunt esse Ut labore in","frequency":-75399176},{"keyword":"esse cillum officia incididunt eu","score":-87973393.76037864,"frequency":29923768}],"associated_tasks":["fCDFCb6aeBcfdb116EAA2327","540C98e02dFecE1f848eFC3c","3Ef5F7b9Ac872f12cbD0eDF2","45733CA2ffc878286AfCeBCb","5abC6dC9FAA596eCa252a1Ac","e703aB322474d6Bb0BaAA5c2","12e1aC2024e60FFB8576B3bc","1BEDa819ccb55608EBf4539e","09B67529acffEADcd9CcE7ED","F56C2be51C6f429DdEe1A9eA","BBf5fCC5d24B196bFDE0D757","C7bBa81E50be5Dcf6a9e5A1A","3DeAF628494fFDF4cCB48C9c","5d33BBCe7B13dad3D8201751","F1abb3c244eC8b5D746945aA","475EdF84ff61B745Cfb38Fd8","28e71932C32517BFA7aD0Cfd","cb59a4b4D9aF1f133cDD1eEA","5Aa2A15e94AD92ef13Ac68c3","85BD251A03b4E1d4a219CBB8","EA8adccceba09CE310AeFe8B","f537aeEcc84EDaE86Eec2dAD","BEFA1F3aa42d1A9bcaac0FE6","0411dfa39E3cea36A644989D","E764e21Bb2ab96FAB123Ab86","88e84F21b1BEA95dd9B0D79B","359ABdE97Bea8bbBbfeC8aC0","B40dB1FF9daEF8e1E85c2727","FFD18cDbB619fcB93CbaDBD9","AA3Cf5BdaE1BbBeb8bdEBdec","409AD21eA09DDD3D3656fAF1","d0bDc000eEfFE6200cCE58b3","3a9f2B7DAbc55FCC58a27182","cd54E9cBAE00A2CD4D6bD8C4","bEe1FDDD8f0620b0f5F71A3a","e87BECf0fCd2dFbfe6FA7B0D","D96AaBCBB1f8d7abeED8a4F5","dA5d9e6CD0D1FeBbbf3C04B6","aE4aBdc7AF17436B91eF0e1E","818c0CEd0caDac901fc36A8a","b7Ec488cDfDcdF2e9bDc14d5","FfAff9EAf7Cdc73e2Be2cE46","02D1EcEfF3F9a5FB16dC4b3b","10ED5b7ECFFfd729ee5Ecc7A","f6D7DF99FcC2AFFEC129b56e","bFFe33ae224FC6Dac35b437d","E3f5deeEa87eEC4b2Bfa24f7","41e8b18B6DAD8e989c3C29dC","d3abe0b9Ade0A6BB5A8b1175","DBC408cDd6BeF01b08Ca340F","aD81FDb9e2B7Adc7804bd204","f1FFF2AB58381d32f5e1F92b","EEB8FDEaCDbd24bCe8BbA5da","752CfaE8daaDc4CCeff3c43a","D63E9c1e8Cb25Bf9fBd0F7bf","C0C837c71BC67B342b93F523","3EDEC64F4a02BF2f9dCd3305","396EAcbD45d61E05cB51bea2","5A8d6C8fE43cbCe60F11Fd67","B828bF9aA10dc2CFfE6DDd26","0b0A9A0c59245e8BfDc090a5","B4C9Ef1cf7DCc9b8A0D139dB","C12AECD0548bFa65bcdf6e04","E71c3E3BB3Bbd905f39d65cC","FCfbDADad9eC5eFed3fab2dC","B0CA88Fa2CDF24ceF2c2AFF2","653c4CAd6D3C6FA166b385aa","903AAE69b3a58AEEbFEaecA6","37aEcAA60d07b6BaCD8E1cba","CeeC43782Cc0FEbE976FA9FE","3D665fCA423c11c809CFf73a","ed08822acfE39Cb2Ef72e8DC","F6cCE13d5889eaDC2d0e53Ca","B3AFcF7F95f6BBD7BfcdBcf4","0c2Ac5cd8C5c0EfEa05B5BD1","4d86edD403fE13F2A7db17fA","EFDf241ac5CdE985E98Db91b","2EECFbbAC729eEBEB4Ad3f6D","a5fB9fE12a787EabC6aF1fF2","Bd5beeDF65ceF70Ac0847715","Be4B1A862CdB3666Ac45da0e","BecE18Db60CddD2454Bd4aad","2e1D32Dec5dDFa8aAfDd2100","Ca4B9064BcB1DBCe1A1ade02","9EF4A6fFE1578dEdF22B164c","5210F393eeDfeFEBadE5E019","0cEa8bAb4A79bcc0DeB1EeC3","C331196E6b296ba40eeaef21","B48eFa76A4FFa3BFe864E8af","B3f8d00D888ceBC86404cD0B","4CE9BD8B15ADaA898CcEA4Ba","D77Ed759d2D419FE3e2Cd3B7","a74bE9B557BcE6EA6AB3bb12","CBaCf403a7E77060ef4DEd82","4bA5BFfbECC03f84Fc4fF78B","C9d37FCffa2cDadeB10Ec081","A3Ea4a35d7DCe6cFf6eb433D","b8A36cd985B6A56fBDdc6DD5","6ee38F91b4a4b67eA6935bFe","6C2c1bCDf07aebbe7ead7796","12dABB82BaDEEbFFdF2936EA","867b049b7FfeE7e0D0eAFD10","c790baC1B174d8ff4Fcb8A97","E147eB139CFbd05ACD2557cD","0FA6aB5e1Bd2bbCeeFFDFE0D","BCF4E35747B5044C8116cD5F","908d9Be894DD7Bf84fcacE2e","FAa08ACd8cFeBF8Ab77e3C3e","C7d277d9644bc6fFcBE5e4aE","dA658dE74ee92bab3f1B655C","c6a972Cc6d2cB929fbed31C6","9e9B69BF4DAFE39aAD6F80A8","86A868a756Ee68B88F1220bB","B3Af8d9E1e4e77F8Cdc4bbd6","b2b98bc9AFEf16b18071a8FB","3C6d4C9f9d4DCe2E4b45CdCF","Ad5f72fA9eB3ff7aeeAD848f","B0fA03eF0f0510c9cFA6cA6F","CaAc419ecdb2dbe4e1A95F48","7dBcc6f4FCfA3bbeF0c4A50B","154Ce1f8Fbc6BC85Bebc4EaD","620a5f27bDf977f991Abf4aE","30E699BFc7AF95F3754aE7f0","d44cAfd2c06AcBaCFc71c5F9","9dca8dbd0E6A9cDa2a784aA6","F17AB9E29B6D4CDBAfAF6d8E","B9E6BfBbe2df09cDBE558038","4B5A58636abCedfaDAb7E03E","F13C1a5E4552cA4AF6c295Fb","b6B1b4F469F8890cD05EBbe8","4c9d3EBd2A136fd19b8DE7BF","B1B2cc6be888B1Ec9973bCeF","ae50aBbf2Fa722DD54D3df1f","f816fe47c5DA02f9daFdEF00","6E03DB0f30fC87070F1CD948","bBb3ABd8dAbfbC2EeCDF3DaF","38bfde3C941fBab5CB7ce03c","a5C121F027cdBcE41A3ABc9b","ceF0F3e5B8e07a95DEe50bec","93e6d1000CB60DdB33eedCe8","Ea3AE7620ebEe4C3aad00bD9","CAcD78cc3D5CffD602EdFe6C","6125D9f650c5D2EED15A988B","5BDBCFCeeAA0Cd2CF4a8d3c3","ee65bf9E198DdC8CB2a3c1d6","e1B42aCCC4BbB045B2177DeE","bB01445cD9cf0bf0839bAd9b","475AEbCAcaf0F74c940A7A1C","9558bFAffBEf37EE4D7BAC6C","5c90ca6F9eaC506d8af5284a","Ba92BB21d6d51EAddE942Afc","3D0c5DfC6B7Ea0aDDFFaCdC5","3b138EA4EeBA645469C887Ad","17501Fa4650aDb167D86A7ce","3Dfb5e8D5Bcc3AECF6Af579A","3aaB4adBFd6EbEc83a0EAa5d","abDDB4C0a20Ad113E7dC3baC","4cba81E9dFDBd1a3CDB22BcF","27fF0fb6b92c6D8CCdAEF102","aBBDe4e43615a2E1Fb1EE7cF"]},"headlines":{"basic":"pariatur do dolore aliquip qui"},"alignment":"right","copyright":"Ut quis id","short_url":"ullamco velit dolor Duis labore","address":{"region":"exercitation est eu nulla ut","extended_address":"magna velit Excepteur","street_address":"nostrud consequat aliquip exercitation minim","country_name":"magna aute officia consectetur Lorem"},"revision":{"branch":"sed id","editions":["ex","in aute aliqua","Lorem Excepteur magna","in dolor Lorem","tempor occaecat in non nisi"],"parent_id":"adipisicing non","published":true,"revision_id":"consectetur Lorem dolore veniam est"},"publish_date":"id cillum anim nulla","promo_items":{"basic":{"type":"raw_html","content":"minim","alignment":"right"}},"source":{"edit_url":"enim proident mollit","name":"ea","source_id":"consequat dolor pariatur dolore"},"distributor":{"reference_id":"nisi esse sunt","mode":"reference"},"credits":{"":[{"type":"author","name":"veniam proident quis Excepteur et","socialLinks":[{"url":"laboris commodo nulla","site":"dolor eiusmod commodo labore"},{"site":"consectetur","url":"id"}],"education":[{"school_name":"ex consequat"}],"slug":"consectetur","books":[{"book_url":"ut"},{"book_title":"sed"},{"book_title":"Lorem et","book_url":"elit sit exercitation"},{"book_title":"anim irure elit consectetur sit","book_url":"Ut incididunt"}]},{"quis5e4":true,"Duis_99":5847932}],"by":[{"sunt_b4":false,"mollitc0":"dolore Lorem reprehenderit deserunt"}],"photos_by":[{"id1":"id nisi quis pariatur","minimd61":"nostrud elit"},{"in43":33789378,"amet445":false},{"reprehenderit_d60":-27073422.86848329,"quisc39":-35794057.08626311,"eiusmod5":78948154,"exercitationd30":36406716,"id_50":-67958143.27228671},{"deserunt_87":78224395.76044732,"qui2ad":-69724927.04136051},{"ete":62021821}]},"created_date":"cillum quis elit dolor","last_updated_date":"aliqua amet sunt id eiusmod","workflow":{"note":"cillum officia eiusmod","status_code":78982242},"first_publish_date":"ad","content_elements":[{"type":"esse adipisicing minim do enim","gallery_properties":{"adipisicing_f":true},"subtype":"proident laborum","channels":["est mollit cillum culpa reprehenderit"],"alignment":"left"},{"type":"amet dolor exercitation cupidatat nisi"},{"type":"eiusmod","channels":["dolore minim voluptate consectetur proident","veniam do","esse do ullamco","velit","est dolor"],"gallery_properties":{"reprehenderitc0":54496468},"alignment":"right"}],"planning":{"deadline_miss":-75184025,"scheduling":{"planned_publish_date":"nulla non","scheduled_publish_date":"officia","will_have_gallery":false},"story_length":{"line_count_planned":-10740214,"character_encoding":"ea dolore incididunt","inch_count_actual":51812540,"line_count_actual":-64908530,"character_count_actual":66907149},"budget_line":"ex","internal_note":"veniam aliqua cillum ex irure","websked_sort_date":"in exercitation"},"content_restrictions":{"veniam5e":-34080946.63172498,"dolorf":-14565342.044421703},"geo":{"longitude":-70546589.42206253,"latitude":16473767.320501849},"tracking":{},"_id":"deserunt ut Ut","website":"commodo Excepteur sunt in","content_aliases":["j6","t1lu3nmixny"],"website_url":"aute minim quis ut incididunt","additional_properties":{},"vanity_credits":{"by":[{"anim_c01":"in tempor dolore labore adipisicing","ullamco_686":43123821.70875132},{"in0":"in magna dolor aliqua sunt","in927":false,"velitb":"dolor anim eu sit","veniam77":-1101126},{"nisi_a":true}],"6ggv":[{"velit7a_":"deserunt amet sed"},{"occaecat4c":28471687.653192207,"mollit_1a":-91042473,"cupidatat_fd":84590715,"sint_879":-92300895}],"photos_by":[{"velit_e":49719442.13595405}]},"comments":{"display_comments":true,"moderation_required":true,"allow_comments":false,"comments_period":-68530276},"slug":"velit sit","contributors":{"created_by":{"user_id":"sunt mollit ad laboris","display_name":"minim"}},"editor_note":"adipisicing"}
