{"\\.fz.Ks":[{"type":"custom_embed","embed":{"id":"nulla minim in dolor dolore","url":"nostrud ea commodo"},"_id":"amet aliqua ut eu velit","channels":["sint dolore in veniam officia","veniam qui","anim in","anim tempor minim"],"subtype":"sunt","alignment":"center"}],"redirect":[{"type":"redirect","version":"0.10.9","canonical_url":"esse quis","redirect_url":"consectetur incididunt officia","referent":{"id":"Duis reprehenderit","provider":"sint cupidatat in nisi"},"_id":"do adipisicing culpa","subtype":"cillum eiusmod proident do veniam"}]}
