{"has_published_edition":true,"scheduled_operations":{"publish_edition":[{"operation_date":"id amet nisi aute","operation_revision_id":"Excepteur ea aute veniam","operation_edition":"elit dolor nisi veniam","operation":"publish_edition"},{"operation_revision_id":"elit culpa magna dolor amet","operation_edition":"enim anim nulla cillum commodo","operation":"publish_edition","operation_date":"aliquip non minim eu"},{"operation_date":"tempor","operation_edition":"elit in","operation_revision_id":"et nulla"}]},"editions":{"default":{"edition_published":true,"edition_date":"culpa in","edition_name":"pariatur ex irure commodo quis"},"n94yTe":{"edition_published":true,"edition_date":"sunt ea aliquip labore ut","edition_name":"elit labore"}}}
