{"35e":[{"type":"author","name":"ex ullamco"},{"type":"author","name":"commodo ut est","first_name":"laboris adipisicing","languages":"deserunt sint nostrud","bio":"ut minim eiusmod id laborum","social_links":[{"url":"fugiat occaecat","site":"in"}],"contributor":false},{"type":"reference","referent":{"id":"anim Duis cillum eu reprehenderit","service":"mollit","type":"section"},"subtype":"eiusmod"},{"Duis_79":"culpa Duis"},{"ut_43f":-87921690,"eta":"reprehenderit Duis eu"}],"photos_by":[{"proident9":-35972668.34252739,"aliquip_5_b":27909511.277860805,"minim3":"Excepteur sit Duis cillum anim","Ut917":"Lorem elit"},{"nostrud5":-80442387.54268599,"consequat09":25086395.31722863,"commodo_15a":"do proident qui Lorem","deserunt6":-98760578.70135324,"minim3a6":"fugiat Lorem dolore"},{"dolore_f8":-33929450,"consectetur48d":-64996884.76907255,"deserunt_3":15897105.637350067}],"by":[{"dolore_e_1":"enim cillum laboris sed officia"},{"in_0d":true,"ullamcof":"labore proident","ad_2_":"consequat in ullamco aliquip"},{"autebe":-93863563,"sunt06":59592332.17198709,"deserunt8":34445289.58546656}],"IQDZ1":[{"officia_d":13312331}],"Y":[{"occaecat5c":-12350444,"magnaf5":"esse cupidatat","occaecatd32":"eiusmod"}],"JjA":[{"ipsum_43_":70262008.84561032,"eac5":true}],"IKmuTzlB":[{"deserunt4":true},{"consecteturf0_":-71172193,"do_33":false,"elit8b":61585897,"irure59":false},{"aliquab6b":-32071252.57821524,"eliteb":false}]}
