{"auxiliaries":[{"_id":"culpa do","uid":"Excepteur","name":"mollit laboris do ipsum qui"},{"_id":"id nisi consectetur enim pariatur","uid":"Excepteur nostrud","name":"labore est reprehenderit"},{"_id":"ullamco Lorem nulla","uid":"tempor","name":"velit esse"},{"_id":"in consectetur","uid":"irure ad ipsum","name":"pariatur sed consectetur sint sit"},{"_id":"sint quis dolore","uid":"enim","name":"in"}],"associated_tasks":["0fbBBd0dA6cAb9838D03DB8b","5FFe3ae9047256C096ec41d3","dFFc672eB29e4EBf16ceE6db","eDBcaB548BB5ef95cCa9637a","FcecAe8Ccae9828f83a4eB2d","B0408C84D1B7dD6dd958c9C0","a5EE82dDefca1D334f299B79","9FbBBfBE0ef3AB31e7CBE5aF","e296Fa22361fEe31Aa5aCFF4","Cdd0EFaEb5930654Ba4C6cEf","E3Df08fEa4F9d90aB1cCFD7C","b7782e3d41f5Cfe7eBcAb7A6","9eF961BfFe5C6f7C533CfA8B","cE921b8c1dEBb51A5e00B188","9fd322709e9cD8328CF33Bb3","D24DaA41bb4dBd704AfEFbad","FCC032CFCc322FD7cb2BEEBD","C17c9984CE65FC6426dfcbCF","FBAFab7fe53E2f5Ec6d920CA","5b6E6Ae766AfA8Db0D2dd9dF","4AB0aD9dCee4ca06afc64Ba0","DDf7b9A4f28dAACE52Bb793C","FEdE0076Bb4d8f7D4A94c1bf","822AFbbf18e55feBf0e57Ce6","6475e018e7fcD680d7Fa37D7","aD3b44d06eB3F50eAcaaE9b7","d9D30272e426B5F2fd7EEBE3","DF4730BBF199Fc4ed78aB27c","96eD7A4Ea8F5E099D185144A","1c1136f21b4D3fE73819DE69","b915bF6A75c23c8A2fc43bdD","D90FBcE6Adcc8a8deE7E8CE5","17e442dd00BC5D3d0bB465cF","968E5fC3FdB4849BaDafBfDE","eF6431a7c2729Fd75EcBBb4D","394ff73b27B3eb12e9F172AB","eeEfDfAfC84Ac9fA4be65Abb","dD4FDebD4f8Ca847a1fa57E0","CF4868df0BDacdE1Dd20Fb7A","04a68B3BA9CffB50a1fce5b0","0fF6EAAfeCb410Eadcb8bd38","4A4bC1F50dFD72aC0dBD42C1","bB7CCca6Ff09cd13D35fB5b1","B65AfBfd3bAE856FfA33acad","A006d6CcCb0Dc40FEF5fca47","aBd0e1be2D7BaE53B477EF1f","bdD5c59BAedE0A0D4a0F5804","202f2aA8DD68e4EEBe35dDC1","aaFDb47D2D70B4bfBF7DdADb","F48ADc68AB5BfD488f8e1C60","bfd5fCb38100b5aB551709bc","f81ccE91F1272aD4ADf2AAda","d72df8Be7F4cD1d2ABcaCbf6","B0B6eF79d5cec7A87FCAb000","3Ecec17793F0bc7260238FAA","b3E0FE457088276BcE5ec79E","47f8Ec9FE8d0Ca0FD64e9d2d","145f8c07CefdBd6A46B9f8cC","fdcb8B24CA5d1fb9b7E94C57","8d33a82BCbCC982E5FB0Ff55","787BfE75404FbACa9BECcEAA","fDf54653eECCfCA85dF6bef4","1dda7D5Bb10c6b579FC95Cca","2af830C86cF13aEE8DC4BF9F","6ea957EcbeDd4B0f5C1c00dA","7f206d4f90ca34D638afa1bc","89c28f5CD0a97cFF6f6b8F74","A46Cd1fd57b9CA31B2A8fe73","AF99A4CC2C19730130cDa541","E99B9DF9bdeF612869D471CF","D1eB3A4E4dDBfF3Cc09b04A4","09bf3e99BeEeedCEDcdfd1f3","EADB2f8E4d14c4eA1cADD35b","c93Bf90Fb1aCbAC7Ce9ce8E0","6aEfdd017dBA33d4Badfaf81","1DA7f1Ad4e4EdAc42DD53a5c","AEEFfeB2B223fb98B5BbA117","24a681B3b8a0bF92f0737DBC","0Bea03a3a9EdB859d2C41aEE","2d15aC5fEca31bFA4374Aaaa","d15AB011F3dfCAB4e4CC45A2","D20A5B3ADe8affE6a4b0Fe40"],"seo_keywords":["ullamco dolor ex cillum"],"topics":[{"_id":"Lorem ut reprehenderit","score":76527130.96523613,"uid":"ea dolore Ut","name":"exercitation sunt"}],"keywords":[{"keyword":"mollit","score":60181117.89613423,"frequency":-23072107,"tag":"cillum"},{"keyword":"voluptate in mollit ea id","score":-43294732.49949096,"tag":"incididunt","frequency":91404937},{"keyword":"amet est in dolor commodo","score":-13466240.26166135,"frequency":72222589,"tag":"sit quis pariatur"},{"keyword":"cupidatat laborum","score":-81841944.14395489,"frequency":70434045,"tag":"qui"}],"primary_section":{"type":"section","version":"0.10.9","name":"consectetur","parent_id":"quis dolore aliquip ullamco"},"tags":[{"text":"dolor non elit culpa deserunt"},{"text":"velit","type":"tag","_id":"proident commodo","subtype":"laboris ut","slug":"aute","description":"sit cillum"},{"text":"cupidatat qui dolor","subtype":"sed","slug":"nisi anim consequat consectetur quis","_id":"est officia qui","description":"quis officia reprehenderit exercitation ut","type":"tag"},{"text":"irure esse ad non occaecat"},{"text":"labore non eu quis incididunt","type":"tag","description":"magna","subtype":"mollit irure elit","slug":"minim sint reprehenderit","_id":"et"}],"additional_properties":{},"sections":[{"type":"section","name":"deserunt culpa et","path":"exercitation ut amet"}],"stock_symbols":["cillum quis dolor","ex cupidatat eu sit esse","sunt laboris laborum","ipsum deserunt qui Lorem","fugiat non magna"],"sites":[{"type":"site","name":"cupidatat","primary":true,"path":"anim qui nostrud","parent_id":"reprehenderit veniam","description":"est ullamco reprehenderit et proident"},{"type":"reference","referent":{"id":"officia laborum ut","type":"section","website":"dolore magna proident velit","provider":"cupidatat aliqua in"}},{"type":"site","name":"cillum sunt","parent_id":"dolore dolor labore","primary":true,"path":"ut ad occaecat"},{"type":"site","name":"anim consectetur ipsum reprehenderit proident","description":"id aliquip","parent_id":"non incididunt sed qui dolore","primary":true,"path":"dolore quis sunt mollit"}],"primary_site":{"description":"Deprecated in 0.10.9. (See `primary_section` instead.) A primary site object or reference to one. In the Arc ecosystem, a reference here is denormalized into a site from the arc-site-service."},"named_entities":[{"_id":"commodo mollit tempor reprehenderit enim","name":"voluptate adipisicing laborum","type":"aute pariatur","score":-5080360.778376654},{"_id":"ut Lorem laboris","name":"anim reprehenderit non","type":"in","score":-36659297.41434373},{"_id":"reprehenderit in ex anim occaecat","name":"ex consectetur ullamco cupidatat aute","type":"minim","score":13991779.366583452}]}
