{"type":"image-operation","operation":"insert","_id":"consequat irure consectetur esse aliquip","organization_id":"sint","priority":"ingestion","display_date":"elit Excepteur","date":"nisi","app_name":"minim eu sunt ipsum id","version":"officia non","body":{"type":"image","version":"0.10.9","first_publish_date":"pariatur veniam","pitches":{"publication":[{"publication_id":"ut consectetur Lorem elit","latest_event":{"edition_time":"Ut deserunt quis","edition_id":"culpa occaecat cillum dolore"},"creation_event":{"status":" p  fla","edition_id":"labore officia Lorem ad","time":"elit Lorem nisi","edition_time":"aliqua aliquip eu ea"}}],"platform":[{"latest_event":{"time":"nulla officia cillum","status":"","note":"et minim","user_id":"enim pariatur aliqua anim cupidatat"},"creation_event":{"note":"aliqua","status":"m    nvk ","time":"eu incididunt","user_id":"enim ullamco"}}]},"canonical_url":"cillum ut veniam ipsum","content_restrictions":{"geo":{"restrictions":[{"restriction_id":"adipisicing mollit irure cupidatat"}]},"aliquip_d":67080468},"last_updated_date":"ea amet et deserunt","subheadlines":{"basic":"veniam nulla","4\\V":"exercitation culpa officia enim eiusmod"}},"submit_date":"fugiat id eiusmod cupidatat","publish_date":"voluptate"}
