objectId,inSize,totalTime,generated
draft2019_09_valid_boolean_schema_id10_subschema1_not_2,144,2257,True
draft2019_09_valid_boolean_schema_id18_subschema1_not_2,145,204,True
draft2019_09_valid_boolean_schema_id16_subschema1_not_2,145,196,True
draft2019_09_valid_boolean_schema_id14_subschema1_not_2,147,195,True
draft2019_09_valid_boolean_schema_id12_subschema1_not_2,147,208,True
draft2019_09_valid_boolean_schema_id13_subschema1_not_2,148,219,True
draft2019_09_valid_boolean_schema_id11_subschema1_not_2,148,214,True
draft2019_09_nonvalid_boolean_schema_id1_subschema1_not_2,182,230,True
draft2019_09_nonvalid_boolean_schema_id9_subschema1_not_2,183,192,True
draft2019_09_nonvalid_boolean_schema_id7_subschema1_not_2,183,206,True
draft2019_09_valid_type_id54_subschema1_not_2,185,211,True
draft2019_09_valid_type_id52_subschema1_not_2,185,207,True
draft2019_09_valid_minItems_id3_subschema1_not_2,185,250,True
draft2019_09_valid_minimum_id10_subschema1_not_2,185,188,True
draft2019_09_nonvalid_boolean_schema_id5_subschema1_not_2,185,201,True
draft2019_09_nonvalid_boolean_schema_id3_subschema1_not_2,185,192,True
draft2019_09_valid_type_id58_subschema1_not_2,186,202,True
draft2019_09_valid_type_id57_subschema1_not_2,186,186,True
draft2019_09_valid_type_id56_subschema1_not_2,186,208,True
draft2019_09_valid_type_id35_subschema1_not_2,186,233,True
draft2019_09_valid_multipleOf_id2_subschema1_not_2,186,204,True
draft2019_09_nonvalid_boolean_schema_id4_subschema1_not_2,186,204,True
draft2019_09_nonvalid_boolean_schema_id2_subschema1_not_2,186,210,True
draft2019_09_valid_type_id53_subschema1_not_2,187,214,True
draft2019_09_valid_type_id38_subschema1_not_2,187,208,True
draft2019_09_valid_type_id28_subschema1_not_2,187,245,True
draft2019_09_valid_type_id19_subschema1_not_2,187,220,True
draft2019_09_valid_minLength_id3_subschema1_not_2,187,199,True
draft2019_09_valid_minimum_id3_subschema1_not_2,187,205,True
draft2019_09_valid_maximum_id3_subschema1_not_2,187,230,True
draft2019_09_valid_type_id59_subschema1_not_2,188,201,True
draft2019_09_valid_type_id43_subschema1_not_2,188,203,True
draft2019_09_valid_type_id42_subschema1_not_2,188,207,True
draft2019_09_valid_type_id36_subschema1_not_2,188,205,True
draft2019_09_valid_type_id32_subschema1_not_2,188,203,True
draft2019_09_valid_type_id25_subschema1_not_2,188,204,True
draft2019_09_valid_type_id24_subschema1_not_2,188,222,True
draft2019_09_valid_type_id16_subschema1_not_2,188,201,True
draft2019_09_valid_type_id15_subschema1_not_2,188,205,True
draft2019_09_valid_boolean_schema_id17_subschema1_not_2,188,224,True
draft2019_09_valid_type_id7_subschema1_not_2,189,218,True
draft2019_09_valid_type_id6_subschema1_not_2,189,214,True
draft2019_09_valid_type_id60_subschema1_not_2,189,198,True
draft2019_09_valid_type_id55_subschema1_not_2,189,251,True
draft2019_09_valid_type_id48_subschema1_not_2,189,208,True
draft2019_09_valid_type_id47_subschema1_not_2,189,189,True
draft2019_09_valid_type_id46_subschema1_not_2,189,185,True
draft2019_09_valid_type_id41_subschema1_not_2,189,202,True
draft2019_09_valid_type_id40_subschema1_not_2,189,215,True
draft2019_09_valid_type_id29_subschema1_not_2,189,197,True
draft2019_09_valid_type_id20_subschema1_not_2,189,191,True
draft2019_09_valid_type_id14_subschema1_not_2,189,220,True
draft2019_09_valid_multipleOf_id6_subschema1_not_2,189,213,True
draft2019_09_valid_maxLength_id3_subschema1_not_2,189,216,True
draft2019_09_valid_maximum_id8_subschema1_not_2,189,203,True
draft2019_09_valid_type_id5_subschema1_not_2,190,204,True
draft2019_09_valid_type_id44_subschema1_not_2,190,192,True
draft2019_09_valid_type_id3_subschema1_not_2,190,189,True
draft2019_09_valid_type_id37_subschema1_not_2,190,200,True
draft2019_09_valid_type_id34_subschema1_not_2,190,216,True
draft2019_09_valid_type_id33_subschema1_not_2,190,211,True
draft2019_09_valid_type_id27_subschema1_not_2,190,186,True
draft2019_09_valid_type_id26_subschema1_not_2,190,205,True
draft2019_09_valid_type_id18_subschema1_not_2,190,202,True
draft2019_09_valid_type_id17_subschema1_not_2,190,225,True
draft2019_09_valid_minProperties_id3_subschema1_not_2,190,205,True
draft2019_09_valid_minimum_id9_subschema1_not_2,190,227,True
draft2019_09_valid_type_id9_subschema1_not_2,191,210,True
draft2019_09_valid_type_id8_subschema1_not_2,191,211,True
draft2019_09_valid_type_id51_subschema1_not_2,191,203,True
draft2019_09_valid_type_id30_subschema1_not_2,191,280,True
draft2019_09_valid_type_id13_subschema1_not_2,191,213,True
draft2019_09_valid_type_id4_subschema1_not_2,192,205,True
draft2019_09_valid_type_id45_subschema1_not_2,192,200,True
draft2019_09_valid_pattern_id2_subschema1_not_2,192,225,True
draft2019_09_valid_boolean_schema_id15_subschema1_not_2,195,214,True
draft2019_09_valid_multipleOf_id8_subschema1_not_2,197,207,True
draft2019_09_valid_const_id2_subschema1_not_2,220,195,True
draft2019_09_valid_const_id36_subschema1_not_2,221,220,True
draft2019_09_valid_const_id35_subschema1_not_2,221,198,True
draft2019_09_valid_const_id34_subschema1_not_2,221,213,True
draft2019_09_valid_const_id3_subschema1_not_2,222,208,True
draft2019_09_valid_const_id41_subschema1_not_2,223,203,True
draft2019_09_valid_const_id37_subschema1_not_2,223,200,True
draft2019_09_valid_const_id17_subschema1_not_2,223,196,True
draft2019_09_valid_const_id12_subschema1_not_2,223,205,True
draft2019_09_valid_const_id31_subschema1_not_2,224,208,True
draft2019_09_valid_const_id14_subschema1_not_2,224,199,True
draft2019_09_valid_const_id43_subschema1_not_2,225,198,True
draft2019_09_valid_const_id18_subschema1_not_2,225,197,True
draft2019_09_valid_const_id15_subschema1_not_2,226,199,True
draft2019_09_nonvalid_boolean_schema_id8_subschema1_not_2,226,193,True
draft4_valid_minimum_id10_subschema1_not_2,229,197,True
draft4_valid_maximum_id14_subschema1_not_2,229,200,True
draft2019_09_valid_type_id70_subschema1_not_2,229,188,True
draft4_valid_minimum_id7_subschema1_not_2,230,214,True
draft4_valid_maximum_id11_subschema1_not_2,230,213,True
draft2019_09_valid_const_id44_subschema1_not_2,230,197,True
draft2019_09_nonvalid_minimum_id5_subschema1_not_2,231,208,True
draft2019_09_nonvalid_minLength_id3_subschema1_not_2,232,201,True
draft2019_09_nonvalid_minItems_id3_subschema1_not_2,232,193,True
draft2019_09_nonvalid_minimum_id6_subschema1_not_2,232,210,True
draft2019_09_nonvalid_minimum_id4_subschema1_not_2,232,229,True
draft2019_09_nonvalid_items_id10_subschema1_not_2,232,219,True
draft2019_09_nonvalid_minimum_id8_subschema1_not_2,233,195,True
draft2019_09_nonvalid_items_id11_subschema1_not_2,233,187,True
draft2019_09_nonvalid_boolean_schema_id6_subschema1_not_2,233,193,True
draft2019_09_nonvalid_type_id3_subschema1_not_2,234,200,True
draft2019_09_nonvalid_type_id10_subschema1_not_2,234,195,True
draft2019_09_nonvalid_not_id6_subschema1_not_2,234,206,True
draft2019_09_nonvalid_multipleOf_id1_subschema1_not_2,234,195,True
draft2019_09_nonvalid_minimum_id7_subschema1_not_2,234,252,True
draft2019_09_nonvalid_minimum_id3_subschema1_not_2,234,242,True
draft2019_09_nonvalid_minimum_id2_subschema1_not_2,234,206,True
draft2019_09_nonvalid_minimum_id1_subschema1_not_2,234,212,True
draft2019_09_nonvalid_maxLength_id3_subschema1_not_2,234,204,True
draft2019_09_nonvalid_maxLength_id1_subschema1_not_2,234,209,True
draft2019_09_nonvalid_maximum_id5_subschema1_not_2,234,198,True
draft2019_09_nonvalid_maximum_id3_subschema1_not_2,234,210,True
draft2019_09_nonvalid_maximum_id2_subschema1_not_2,234,244,True
draft2019_09_nonvalid_maximum_id1_subschema1_not_2,234,212,True
draft2019_09_nonvalid_type_id9_subschema1_not_2,235,206,True
draft2019_09_nonvalid_type_id8_subschema1_not_2,235,219,True
draft2019_09_nonvalid_type_id1_subschema1_not_2,235,188,True
draft2019_09_nonvalid_type_id13_subschema1_not_2,235,237,True
draft2019_09_nonvalid_multipleOf_id3_subschema1_not_2,235,212,True
draft2019_09_nonvalid_minLength_id2_subschema1_not_2,235,212,True
draft2019_09_nonvalid_maxLength_id2_subschema1_not_2,235,194,True
draft2019_09_valid_multipleOf_id9_subschema1_not_2,236,213,True
draft2019_09_valid_maxProperties_id8_subschema1_not_2,236,244,True
draft2019_09_nonvalid_type_id7_subschema1_not_2,236,197,True
draft2019_09_nonvalid_type_id5_subschema1_not_2,236,216,True
draft2019_09_nonvalid_type_id4_subschema1_not_2,236,216,True
draft2019_09_nonvalid_pattern_id6_subschema1_not_2,236,197,True
draft2019_09_nonvalid_pattern_id5_subschema1_not_2,236,200,True
draft2019_09_nonvalid_minLength_id1_subschema1_not_2,236,201,True
draft2019_09_nonvalid_maximum_id6_subschema1_not_2,236,207,True
draft2019_09_nonvalid_type_id2_subschema1_not_2,237,199,True
draft2019_09_nonvalid_pattern_id4_subschema1_not_2,237,200,True
draft2019_09_nonvalid_pattern_id3_subschema1_not_2,237,201,True
draft2019_09_nonvalid_multipleOf_id4_subschema1_not_2,237,217,True
draft2019_09_nonvalid_multipleOf_id2_subschema1_not_2,237,213,True
draft2019_09_nonvalid_minProperties_id5_subschema1_not_2,237,193,True
draft2019_09_nonvalid_minProperties_id4_subschema1_not_2,237,205,True
draft2019_09_nonvalid_minProperties_id3_subschema1_not_2,237,203,True
draft2019_09_nonvalid_maxProperties_id6_subschema1_not_2,237,190,True
draft2019_09_nonvalid_maxProperties_id5_subschema1_not_2,237,206,True
draft2019_09_nonvalid_maximum_id4_subschema1_not_2,237,208,True
draft2019_09_nonvalid_type_id6_subschema1_not_2,238,199,True
draft2019_09_nonvalid_type_id11_subschema1_not_2,238,202,True
draft2019_09_nonvalid_pattern_id7_subschema1_not_2,238,209,True
draft2019_09_nonvalid_pattern_id2_subschema1_not_2,238,194,True
draft2019_09_nonvalid_maxItems_id3_subschema1_not_2,238,208,True
draft2019_09_nonvalid_type_id12_subschema1_not_2,239,203,True
draft2019_09_nonvalid_pattern_id1_subschema1_not_2,239,200,True
draft2019_09_nonvalid_pattern_id8_subschema1_not_2,240,199,True
draft2019_09_nonvalid_multipleOf_id5_subschema1_not_2,243,208,True
draft2019_09_nonvalid_maxProperties_id4_subschema1_not_2,243,210,True
draft2019_09_valid_const_id46_subschema1_not_2,250,243,True
draft2019_09_valid_enum_id10_subschema1_not_2,251,214,True
draft2019_09_valid_const_id48_subschema1_not_2,252,206,True
draft2019_09_valid_allOf_id13_subschema1_not_2,255,203,False
draft2019_09_valid_anyOf_id10_subschema1_not_2,256,193,True
draft2019_09_valid_allOf_id14_subschema1_not_2,256,206,False
draft2019_09_valid_type_id73_subschema1_not_2,258,218,True
draft2019_09_valid_type_id75_subschema1_not_2,259,199,True
draft2019_09_valid_type_id66_subschema1_not_2,259,234,True
draft2019_09_valid_type_id65_subschema1_not_2,259,226,True
draft2019_09_valid_type_id74_subschema1_not_2,260,217,True
draft2019_09_valid_type_id64_subschema1_not_2,260,209,True
draft2019_09_valid_type_id68_subschema1_not_2,261,195,True
draft2019_09_valid_type_id67_subschema1_not_2,261,211,True
draft2019_09_valid_enum_id2_subschema1_not_2,266,223,True
draft2019_09_valid_maxItems_id3_subschema1_not_2,270,201,True
draft2019_09_nonvalid_minItems_id2_subschema1_not_2,271,204,True
draft2019_09_nonvalid_maxItems_id1_subschema1_not_2,271,202,True
draft2019_09_nonvalid_const_id1_subschema1_not_2,275,202,True
draft2019_09_nonvalid_const_id14_subschema1_not_2,275,214,True
draft2019_09_nonvalid_const_id12_subschema1_not_2,275,211,True
draft2019_09_nonvalid_const_id15_subschema1_not_2,277,226,True
draft2019_09_nonvalid_const_id13_subschema1_not_2,277,202,True
draft2019_09_nonvalid_allOf_id5_subschema1_not_2,277,214,True
draft2019_09_valid_items_id13_subschema1_not_2,278,199,True
draft2019_09_nonvalid_const_id16_subschema1_not_2,279,223,True
draft4_nonvalid_minimum_id7_subschema1_not_2,280,199,True
draft4_nonvalid_maximum_id10_subschema1_not_2,280,188,True
draft2019_09_valid_oneOf_id8_subschema1_not_2,280,222,True
draft4_nonvalid_minimum_id6_subschema1_not_2,281,196,True
draft4_nonvalid_minimum_id5_subschema1_not_2,281,200,True
draft4_nonvalid_minimum_id4_subschema1_not_2,281,205,True
draft4_nonvalid_maximum_id9_subschema1_not_2,281,205,True
draft4_nonvalid_maximum_id8_subschema1_not_2,281,207,True
draft4_nonvalid_maximum_id7_subschema1_not_2,281,208,True
draft2019_09_valid_oneOf_id10_subschema1_not_2,281,216,True
draft2019_09_nonvalid_const_id7_subschema1_not_2,281,209,True
draft2019_09_nonvalid_const_id5_subschema1_not_2,281,205,True
draft2019_09_nonvalid_const_id17_subschema1_not_2,281,215,True
draft2019_09_valid_oneOf_id11_subschema1_not_2,283,193,True
draft2019_09_nonvalid_minProperties_id2_subschema1_not_2,283,206,True
draft2019_09_nonvalid_maxProperties_id1_subschema1_not_2,283,202,True
draft2019_09_nonvalid_const_id6_subschema1_not_2,283,208,True
draft2019_09_valid_type_id79_subschema1_not_2,286,198,True
draft2019_09_nonvalid_type_id16_subschema1_not_2,286,207,True
draft2019_09_valid_type_id80_subschema1_not_2,288,232,True
draft2019_09_nonvalid_required_id5_subschema1_not_2,290,215,True
draft2019_09_nonvalid_additionalItems_id8_subschema1_not_2,293,225,True
draft2019_09_nonvalid_not_id1_subschema1_not_2,294,201,True
draft2019_09_nonvalid_minItems_id1_subschema1_not_2,294,209,True
draft2019_09_nonvalid_maxItems_id2_subschema1_not_2,294,234,True
draft2019_09_valid_maxProperties_id3_subschema1_not_2,296,225,True
draft2019_09_valid_additionalProperties_id13_subschema1_not_2,299,225,True
draft2019_09_valid_items_id2_subschema1_not_2,302,199,True
draft2019_09_nonvalid_enum_id5_subschema1_not_2,305,215,True
draft2019_09_nonvalid_const_id18_subschema1_not_2,305,216,True
draft2019_09_nonvalid_allOf_id6_subschema1_not_2,305,212,True
draft2019_09_nonvalid_const_id19_subschema1_not_2,307,204,True
draft2019_09_nonvalid_enum_id4_subschema1_not_2,308,204,True
draft2019_09_valid_oneOf_id17_subschema1_not_2,310,210,True
draft2019_09_valid_const_id23_subschema1_not_2,311,190,True
draft2019_09_nonvalid_items_id13_subschema1_not_2,311,193,True
draft2019_09_valid_const_id20_subschema1_not_2,312,212,True
draft2019_09_valid_allOf_id20_subschema1_not_2,312,197,True
draft2019_09_valid_allOf_id18_subschema1_not_2,312,225,True
draft2019_09_valid_const_id24_subschema1_not_2,313,193,True
draft2019_09_nonvalid_minProperties_id1_subschema1_not_2,313,205,True
draft2019_09_nonvalid_maxProperties_id2_subschema1_not_2,313,205,True
draft2019_09_nonvalid_anyOf_id5_subschema1_not_2,313,213,True
draft2019_09_nonvalid_allOf_id4_subschema1_not_2,313,219,False
draft2019_09_valid_const_id21_subschema1_not_2,314,204,True
draft2019_09_nonvalid_anyOf_id6_subschema1_not_2,314,199,True
draft2019_09_valid_properties_id17_subschema1_not_2,317,219,True
draft2019_09_nonvalid_type_id14_subschema1_not_2,317,194,True
draft2019_09_valid_not_id4_subschema1_not_2,318,228,True
draft2019_09_valid_items_id16_subschema1_not_2,318,202,True
draft2019_09_valid_not_id5_subschema1_not_2,321,183,True
draft2019_09_valid_const_id29_subschema1_not_2,321,216,True
draft2019_09_nonvalid_type_id15_subschema1_not_2,321,198,True
draft2019_09_valid_const_id26_subschema1_not_2,322,207,True
draft2019_09_nonvalid_maxProperties_id3_subschema1_not_2,322,193,True
draft2019_09_valid_const_id30_subschema1_not_2,323,209,True
draft2019_09_valid_patternProperties_id19_subschema1_not_2,324,203,True
draft2019_09_valid_const_id27_subschema1_not_2,324,205,True
draft2019_09_nonvalid_items_id9_subschema1_not_2,324,196,True
draft2019_09_valid_patternProperties_id21_subschema1_not_2,327,201,True
draft2019_09_nonvalid_enum_id1_subschema1_not_2,329,198,True
draft2019_09_nonvalid_properties_id9_subschema1_not_2,330,198,True
draft2019_09_nonvalid_patternProperties_id12_subschema1_not_2,337,193,True
draft2019_09_nonvalid_items_id2_subschema1_not_2,343,189,True
draft2019_09_valid_ref_id23_subschema1_not_2,345,196,True
draft2019_09_nonvalid_oneOf_id4_subschema1_not_2,345,306,True
draft2019_09_valid_properties_id18_subschema1_not_2,347,195,True
draft2019_09_nonvalid_type_id21_subschema1_not_2,350,189,True
draft2019_09_nonvalid_items_id12_subschema1_not_2,350,202,True
draft2019_09_valid_additionalProperties_id8_subschema1_not_2,352,204,True
draft2019_09_valid_patternProperties_id20_subschema1_not_2,354,204,True
draft2019_09_nonvalid_additionalProperties_id9_subschema1_not_2,357,212,True
draft2019_09_nonvalid_type_id18_subschema1_not_2,364,202,True
draft2019_09_valid_allOf_id11_subschema1_not_2,365,195,True
draft2019_09_valid_not_id9_subschema1_not_2,366,194,True
draft2019_09_valid_oneOf_id3_subschema1_not_2,367,196,True
draft2019_09_valid_const_id6_subschema1_not_2,368,191,True
draft4_nonvalid_patternProperties_id4_subschema1_not_2,369,221,True
draft4_nonvalid_patternProperties_id3_subschema1_not_2,369,213,True
draft2019_09_valid_oneOf_id4_subschema1_not_2,369,209,True
draft2019_09_valid_anyOf_id4_subschema1_not_2,369,199,True
draft2019_09_nonvalid_patternProperties_id5_subschema1_not_2,369,195,True
draft2019_09_nonvalid_patternProperties_id4_subschema1_not_2,372,196,True
draft2019_09_nonvalid_additionalItems_id7_subschema1_not_2,374,204,True
draft2019_09_valid_const_id9_subschema1_not_2,375,209,True
draft2019_09_nonvalid_allOf_id8_subschema1_not_2,375,206,True
draft2019_09_nonvalid_allOf_id7_subschema1_not_2,375,190,True
draft2019_09_nonvalid_properties_id10_subschema1_not_2,376,196,True
draft2019_09_nonvalid_const_id9_subschema1_not_2,377,207,True
draft2019_09_nonvalid_anyOf_id11_subschema1_not_2,377,207,True
draft2019_09_nonvalid_items_id3_subschema1_not_2,378,196,True
draft2019_09_nonvalid_items_id1_subschema1_not_2,378,210,True
draft2019_09_valid_enum_id4_subschema1_not_2,379,208,True
draft2019_09_nonvalid_oneOf_id7_subschema1_not_2,379,217,True
draft2019_09_nonvalid_const_id8_subschema1_not_2,379,202,True
draft2019_09_nonvalid_anyOf_id10_subschema1_not_2,379,205,True
draft2019_09_valid_const_id7_subschema1_not_2,380,210,True
draft2019_09_nonvalid_additionalItems_id3_subschema1_not_2,380,216,True
draft2019_09_nonvalid_patternProperties_id11_subschema1_not_2,383,275,True
draft2019_09_valid_required_id2_subschema1_not_2,387,211,True
draft2019_09_nonvalid_const_id11_subschema1_not_2,387,209,True
draft2019_09_valid_patternProperties_id3_subschema1_not_2,389,235,True
draft2019_09_nonvalid_not_id2_subschema1_not_2,389,230,True
draft2019_09_nonvalid_const_id10_subschema1_not_2,389,199,True
draft2019_09_valid_patternProperties_id4_subschema1_not_2,394,199,True
draft2019_09_nonvalid_type_id20_subschema1_not_2,396,187,True
draft2019_09_valid_oneOf_id5_subschema1_not_2,400,195,True
draft2019_09_valid_anyOf_id5_subschema1_not_2,400,202,True
draft2019_09_nonvalid_type_id17_subschema1_not_2,401,223,True
draft2019_09_valid_ref_id3_subschema1_not_2,402,196,True
draft2019_09_valid_oneOf_id7_subschema1_not_2,404,216,True
draft2019_09_valid_anyOf_id7_subschema1_not_2,404,200,True
draft2019_09_nonvalid_default_id2_subschema1_not_2,404,190,True
draft2019_09_nonvalid_additionalItems_id2_subschema1_not_2,407,205,True
draft2019_09_nonvalid_ref_id11_subschema1_not_2,410,193,True
draft2019_09_nonvalid_required_id4_subschema1_not_2,412,199,True
draft2019_09_nonvalid_required_id3_subschema1_not_2,412,196,True
draft2019_09_nonvalid_required_id2_subschema1_not_2,412,211,True
draft2019_09_nonvalid_patternProperties_id3_subschema1_not_2,412,213,True
draft2019_09_valid_oneOf_id27_subschema1_not_2,413,210,True
draft2019_09_valid_anyOf_id18_subschema1_not_2,413,207,True
draft2019_09_valid_allOf_id22_subschema1_not_2,413,201,True
draft2019_09_nonvalid_additionalProperties_id6_subschema1_not_2,413,196,True
draft2019_09_nonvalid_patternProperties_id1_subschema1_not_2,415,209,True
draft2019_09_nonvalid_additionalItems_id4_subschema1_not_2,419,221,True
draft2019_09_valid_const_id10_subschema1_not_2,421,230,True
draft2019_09_valid_additionalItems_id8_subschema1_not_2,421,246,True
draft2019_09_valid_enum_id5_subschema1_not_2,427,201,True
draft2019_09_nonvalid_not_id5_subschema1_not_2,429,219,True
draft2019_09_valid_additionalItems_id2_subschema1_not_2,432,209,True
draft2019_09_nonvalid_type_id19_subschema1_not_2,433,204,True
draft2019_09_nonvalid_additionalProperties_id10_subschema1_not_2,435,280,True
draft2019_09_valid_items_id6_subschema1_not_2,438,233,True
draft2019_09_nonvalid_allOf_id3_subschema1_not_2,440,430,True
draft2019_09_nonvalid_oneOf_id1_subschema1_not_2,442,291,True
draft2019_09_nonvalid_anyOf_id3_subschema1_not_2,442,293,True
draft2019_09_nonvalid_anyOf_id1_subschema1_not_2,442,247,True
draft2019_09_nonvalid_additionalItems_id9_subschema1_not_2,442,257,True
draft2019_09_nonvalid_additionalItems_id5_subschema1_not_2,442,257,True
draft2019_09_valid_patternProperties_id12_subschema1_not_2,443,291,True
draft2019_09_valid_patternProperties_id11_subschema1_not_2,443,238,True
draft2019_09_nonvalid_oneOf_id2_subschema1_not_2,444,208,True
draft2019_09_nonvalid_anyOf_id2_subschema1_not_2,444,260,True
draft2019_09_valid_additionalItems_id15_subschema1_not_2,445,213,True
draft2019_09_nonvalid_items_id7_subschema1_not_2,447,257,True
draft2019_09_valid_not_id8_subschema1_not_2,448,211,True
draft2019_09_nonvalid_patternProperties_id2_subschema1_not_2,449,202,True
draft2019_09_nonvalid_default_id4_subschema1_not_2,450,211,True
draft2019_09_valid_patternProperties_id17_subschema1_not_2,451,215,True
draft2019_09_nonvalid_default_id1_subschema1_not_2,451,217,True
draft2019_09_valid_ref_id8_subschema1_not_2,453,321,True
draft2019_09_valid_patternProperties_id15_subschema1_not_2,453,220,True
draft2019_09_valid_enum_id7_subschema1_not_2,455,222,True
draft2019_09_nonvalid_enum_id2_subschema1_not_2,456,204,True
draft2019_09_valid_ref_id4_subschema1_not_2,457,207,True
draft2019_09_valid_default_id6_subschema1_not_2,457,222,True
draft2019_09_nonvalid_required_id1_subschema1_not_2,458,215,True
draft2019_09_valid_ref_id6_subschema1_not_2,462,202,True
draft2019_09_valid_ref_id33_subschema1_not_2,465,213,True
draft2019_09_nonvalid_additionalItems_id6_subschema1_not_2,465,222,True
draft2019_09_nonvalid_properties_id4_subschema1_not_2,466,211,True
draft2019_09_nonvalid_properties_id3_subschema1_not_2,466,222,True
draft2019_09_valid_properties_id2_subschema1_not_2,468,206,True
draft2019_09_valid_properties_id3_subschema1_not_2,469,203,True
draft2019_09_nonvalid_const_id2_subschema1_not_2,469,221,True
draft2019_09_nonvalid_ref_id1_subschema1_not_2,472,225,True
draft2019_09_nonvalid_not_id3_subschema1_not_2,472,206,True
draft2019_09_valid_additionalProperties_id11_subschema1_not_2,473,209,True
draft2019_09_nonvalid_additionalProperties_id4_subschema1_not_2,475,209,True
draft4_valid_ref_id36_subschema1_not_2,477,211,True
draft2019_09_valid_patternProperties_id13_subschema1_not_2,477,225,True
draft2019_09_nonvalid_additionalProperties_id7_subschema1_not_2,482,221,True
draft2019_09_nonvalid_default_id6_subschema1_not_2,484,236,True
draft2019_09_nonvalid_additionalProperties_id3_subschema1_not_2,484,221,True
draft2019_09_nonvalid_oneOf_id3_subschema1_not_2,486,206,True
draft2019_09_nonvalid_items_id5_subschema1_not_2,486,201,True
draft2019_09_nonvalid_anyOf_id4_subschema1_not_2,486,205,True
draft2019_09_nonvalid_oneOf_id12_subschema1_not_2,493,201,True
draft2019_09_nonvalid_anyOf_id12_subschema1_not_2,493,214,True
draft2019_09_nonvalid_allOf_id9_subschema1_not_2,493,218,True
draft2019_09_nonvalid_additionalItems_id1_subschema1_not_2,495,217,True
draft2019_09_nonvalid_default_id3_subschema1_not_2,501,210,True
draft2019_09_valid_ref_id34_subschema1_not_2,503,192,True
draft2019_09_nonvalid_enum_id3_subschema1_not_2,503,205,True
draft2019_09_nonvalid_const_id4_subschema1_not_2,505,206,True
draft2019_09_valid_additionalProperties_id2_subschema1_not_2,512,203,True
draft2019_09_nonvalid_items_id4_subschema1_not_2,513,215,True
draft2019_09_nonvalid_properties_id2_subschema1_not_2,514,183,True
draft6_valid_ref_id39_subschema1_not_2,515,194,True
draft2019_09_nonvalid_patternProperties_id6_subschema1_not_2,515,192,True
draft2019_09_nonvalid_patternProperties_id7_subschema1_not_2,518,208,True
draft2019_09_nonvalid_not_id4_subschema1_not_2,519,205,True
draft2019_09_nonvalid_additionalProperties_id1_subschema1_not_2,521,204,True
draft2019_09_valid_additionalProperties_id15_subschema1_not_2,526,211,True
draft2019_09_nonvalid_patternProperties_id10_subschema1_not_2,526,210,True
draft2019_09_nonvalid_ref_id2_subschema1_not_2,527,220,True
draft2019_09_nonvalid_ref_id4_subschema1_not_2,528,216,True
draft6_valid_ref_id35_subschema1_not_2,531,217,True
draft2019_09_nonvalid_patternProperties_id9_subschema1_not_2,532,317,True
draft2019_09_nonvalid_default_id5_subschema1_not_2,532,396,True
draft2019_09_nonvalid_ref_id3_subschema1_not_2,538,197,True
draft2019_09_nonvalid_items_id6_subschema1_not_2,539,194,True
draft2019_09_nonvalid_additionalItems_id11_subschema1_not_2,541,225,True
draft2019_09_valid_allOf_id29_subschema1_not_2,543,205,True
draft2019_09_valid_allOf_id27_subschema1_not_2,543,211,True
draft2019_09_valid_allOf_id25_subschema1_not_2,543,190,True
draft2019_09_valid_allOf_id24_subschema1_not_2,543,199,True
draft2019_09_valid_allOf_id23_subschema1_not_2,543,194,True
draft2019_09_valid_allOf_id28_subschema1_not_2,544,197,True
draft2019_09_valid_allOf_id26_subschema1_not_2,544,193,True
draft2019_09_nonvalid_properties_id1_subschema1_not_2,546,201,True
draft2019_09_nonvalid_additionalProperties_id8_subschema1_not_2,546,199,True
draft2019_09_nonvalid_patternProperties_id8_subschema1_not_2,547,196,True
draft2019_09_nonvalid_additionalProperties_id5_subschema1_not_2,553,205,True
draft2019_09_nonvalid_additionalProperties_id2_subschema1_not_2,560,190,True
draft2019_09_nonvalid_items_id8_subschema1_not_2,566,201,True
draft6_nonvalid_ref_id18_subschema1_not_2,592,232,True
draft2019_09_valid_enum_id16_subschema1_not_2,605,217,True
draft2019_09_valid_oneOf_id18_subschema1_not_2,635,209,True
draft2019_09_nonvalid_allOf_id10_subschema1_not_2,647,195,True
draft2019_09_valid_enum_id15_subschema1_not_2,655,196,True
draft2019_09_nonvalid_additionalItems_id10_subschema1_not_2,665,201,True
draft2019_09_valid_enum_id13_subschema1_not_2,690,216,True
draft2019_09_valid_enum_id12_subschema1_not_2,690,212,True
draft2019_09_valid_oneOf_id21_subschema1_not_2,695,206,True
draft2019_09_valid_properties_id9_subschema1_not_2,720,186,True
draft2019_09_valid_properties_id11_subschema1_not_2,720,206,True
draft2019_09_valid_properties_id14_subschema1_not_2,724,196,True
draft2019_09_nonvalid_enum_id7_subschema1_not_2,762,190,True
draft2019_09_nonvalid_oneOf_id9_subschema1_not_2,768,186,True
draft2019_09_nonvalid_oneOf_id8_subschema1_not_2,768,210,True
draft4_valid_oneOf_id21_subschema1_not_2,785,212,True
draft2019_09_valid_oneOf_id25_subschema1_not_2,791,193,True
draft2019_09_nonvalid_enum_id6_subschema1_not_2,796,218,True
draft4_valid_oneOf_id20_subschema1_not_2,814,224,True
draft2019_09_valid_additionalItems_id13_subschema1_not_2,819,203,True
draft2019_09_valid_oneOf_id24_subschema1_not_2,820,198,True
draft2019_09_nonvalid_properties_id8_subschema1_not_2,831,205,True
draft2019_09_nonvalid_properties_id7_subschema1_not_2,831,193,True
draft2019_09_valid_properties_id8_subschema1_not_2,848,193,True
draft2019_09_valid_allOf_id3_subschema1_not_2,898,196,True
draft4_nonvalid_oneOf_id9_subschema1_not_2,899,203,True
draft2019_09_valid_allOf_id2_subschema1_not_2,902,202,True
draft4_nonvalid_oneOf_id10_subschema1_not_2,903,220,True
draft2019_09_nonvalid_properties_id6_subschema1_not_2,905,210,True
draft2019_09_nonvalid_properties_id5_subschema1_not_2,905,194,True
draft2019_09_nonvalid_oneOf_id10_subschema1_not_2,905,218,True
draft2019_09_nonvalid_oneOf_id11_subschema1_not_2,909,207,True
draft2019_09_valid_oneOf_id14_subschema1_not_2,932,204,True
draft2019_09_valid_oneOf_id15_subschema1_not_2,933,735,True
draft2019_09_valid_anyOf_id14_subschema1_not_2,933,194,True
draft2019_09_valid_allOf_id4_subschema1_not_2,937,328,True
draft2019_09_nonvalid_oneOf_id5_subschema1_not_2,1029,204,True
draft2019_09_nonvalid_anyOf_id7_subschema1_not_2,1029,201,True
draft2019_09_nonvalid_oneOf_id6_subschema1_not_2,1033,220,True
draft2019_09_nonvalid_anyOf_id8_subschema1_not_2,1033,230,True
draft2019_09_nonvalid_anyOf_id9_subschema1_not_2,1063,198,True
draft2019_09_nonvalid_allOf_id1_subschema1_not_2,1063,198,True
draft2019_09_valid_allOf_id9_subschema1_not_2,1114,203,True
draft2019_09_valid_allOf_id7_subschema1_not_2,1147,192,True
draft2019_09_valid_allOf_id8_subschema1_not_2,1149,235,True
draft2019_09_valid_allOf_id6_subschema1_not_2,1152,246,True
draft2019_09_valid_items_id26_subschema1_not_2,1190,221,True
draft2019_09_nonvalid_allOf_id2_subschema1_not_2,1345,211,True
draft2019_09_valid_items_id25_subschema1_not_2,1420,217,True
draft2019_09_nonvalid_items_id16_subschema1_not_2,1513,241,True
