objectId,exceptionMessage
wp_106_Normalized,One or more errors occurred. (Specified argument was out of the range of valid values. (Parameter 'count'))
wp_120_Normalized,One or more errors occurred. (Specified argument was out of the range of valid values. (Parameter 'count'))
wp_110_Normalized,One or more errors occurred. (Specified argument was out of the range of valid values. (Parameter 'count'))
wp_115_Normalized,One or more errors occurred. (The node already has a parent.)
wp_22_Normalized,One or more errors occurred. (The node already has a parent.)
wp_32_Normalized,One or more errors occurred. (The node already has a parent.)
wp_18_Normalized,One or more errors occurred. (The node already has a parent.)
wp_25_Normalized,One or more errors occurred. (The node already has a parent.)
wp_19_Normalized,One or more errors occurred. (The node already has a parent.)
wp_20_Normalized,One or more errors occurred. (The node already has a parent.)
wp_114_Normalized,One or more errors occurred. (The node already has a parent.)
wp_34_Normalized,One or more errors occurred. (The node already has a parent.)
wp_112_Normalized,One or more errors occurred. (Specified argument was out of the range of valid values. (Parameter 'count'))
wp_21_Normalized,One or more errors occurred. (The node already has a parent.)
wp_113_Normalized,One or more errors occurred. (The node already has a parent.)
wp_116_Normalized,One or more errors occurred. (The node already has a parent.)
wp_33_Normalized,One or more errors occurred. (The node already has a parent.)
wp_13_Normalized,One or more errors occurred. (The node already has a parent.)
wp_28_Normalized,One or more errors occurred. (The node already has a parent.)
wp_23_Normalized,One or more errors occurred. (The node already has a parent.)
wp_14_Normalized,One or more errors occurred. (The node already has a parent.)
wp_8_Normalized,One or more errors occurred. (The node already has a parent.)
wp_105_Normalized,One or more errors occurred. (The node already has a parent.)
wp_26_Normalized,One or more errors occurred. (The node already has a parent.)
wp_0_Normalized,One or more errors occurred. (The node already has a parent.)
wp_27_Normalized,One or more errors occurred. (The node already has a parent.)
wp_15_Normalized,One or more errors occurred. (The node already has a parent.)
wp_6_Normalized,One or more errors occurred. (The node already has a parent.)
wp_123_Normalized,One or more errors occurred. (The node already has a parent.)
wp_3_Normalized,One or more errors occurred. (The node already has a parent.)
wp_17_Normalized,One or more errors occurred. (The node already has a parent.)
wp_35_Normalized,One or more errors occurred. (The node already has a parent.)
