objectId,inSize,totalTime,generated
wp_87_Normalized,117,297,True
wp_86_Normalized,118,1,True
wp_59_Normalized,133,27,True
wp_82_Normalized,133,10,True
wp_61_Normalized,145,1,True
wp_60_Normalized,147,0,True
wp_66_Normalized,154,0,True
wp_90_Normalized,154,0,True
wp_95_Normalized,159,35,True
wp_69_Normalized,163,1,True
wp_36_Normalized,164,17,True
wp_70_Normalized,171,1,True
wp_71_Normalized,180,0,True
wp_39_Normalized,196,0,True
wp_44_Normalized,196,6,True
wp_56_Normalized,206,2,True
wp_108_Normalized,217,29,True
wp_50_Normalized,225,1,True
wp_40_Normalized,242,0,True
wp_46_Normalized,244,2,True
wp_52_Normalized,253,0,True
wp_64_Normalized,256,1,True
wp_97_Normalized,283,5,True
wp_92_Normalized,290,0,True
wp_38_Normalized,293,0,True
wp_99_Normalized,316,0,True
wp_101_Normalized,329,8,True
wp_43_Normalized,334,0,True
wp_88_Normalized,360,0,True
wp_67_Normalized,373,1,True
wp_41_Normalized,401,1,True
wp_42_Normalized,500,1,True
wp_54_Normalized,549,2,True
wp_62_Normalized,571,6,True
wp_77_Normalized,579,0,True
wp_91_Normalized,627,8,True
wp_55_Normalized,634,8,True
wp_93_Normalized,640,1,True
wp_58_Normalized,642,2,True
wp_65_Normalized,659,6,True
wp_106_Normalized,680,5,False
wp_49_Normalized,753,0,True
wp_120_Normalized,808,1,False
wp_109_Normalized,832,11,True
wp_72_Normalized,858,1,True
wp_110_Normalized,913,1,False
wp_122_Normalized,1066,8,True
wp_104_Normalized,1072,0,True
wp_102_Normalized,1135,4,True
wp_84_Normalized,1184,11,True
wp_121_Normalized,1220,19,True
wp_63_Normalized,1230,10,True
wp_45_Normalized,1252,11,True
wp_37_Normalized,1290,22,True
wp_76_Normalized,1300,13,True
wp_89_Normalized,1605,29,True
wp_80_Normalized,1652,25,True
wp_10_Normalized,1721,138,True
wp_85_Normalized,1750,7,True
wp_119_Normalized,2303,2,True
wp_68_Normalized,2344,6,True
wp_75_Normalized,2349,1,True
wp_115_Normalized,2424,3,False
wp_22_Normalized,2696,10,False
wp_111_Normalized,2754,1,True
wp_48_Normalized,2754,3,True
wp_79_Normalized,2790,1,True
wp_32_Normalized,2819,2,False
wp_24_Normalized,2829,1,True
wp_18_Normalized,2905,2,False
wp_25_Normalized,2930,1,False
wp_19_Normalized,2958,1,False
wp_20_Normalized,3139,24,False
wp_57_Normalized,3211,12,True
wp_30_Normalized,3214,2,True
wp_114_Normalized,3315,10,False
wp_34_Normalized,3589,4,False
wp_103_Normalized,3621,17,True
wp_51_Normalized,3689,1,True
wp_112_Normalized,4072,2,False
wp_107_Normalized,4292,2,True
wp_21_Normalized,4598,13,False
wp_113_Normalized,4621,12,False
wp_47_Normalized,4765,2,True
wp_74_Normalized,4842,12,True
wp_116_Normalized,5076,4,False
wp_33_Normalized,5213,14,False
wp_11_Normalized,5304,8,True
wp_13_Normalized,5621,3,False
wp_28_Normalized,5664,3,False
wp_12_Normalized,5757,12,True
wp_117_Normalized,5770,13,True
wp_29_Normalized,5872,2,True
wp_16_Normalized,5990,2,True
wp_23_Normalized,6047,3,False
wp_73_Normalized,6162,18,True
wp_14_Normalized,6449,13,False
wp_118_Normalized,6845,7,True
wp_81_Normalized,7837,3,True
wp_31_Normalized,8311,3,True
wp_2_Normalized,8902,4,True
wp_100_Normalized,9749,9,True
wp_94_Normalized,23860,16,True
wp_96_Normalized,100027,21,True
wp_53_Normalized,100048,8,True
wp_78_Normalized,100148,15,True
wp_83_Normalized,100192,9,True
wp_8_Normalized,100344,13,False
wp_105_Normalized,100546,16,False
wp_4_Normalized,100554,8,True
wp_1_Normalized,104992,14,True
wp_9_Normalized,105788,13,True
wp_26_Normalized,107125,15,False
wp_5_Normalized,108152,15,True
wp_0_Normalized,109060,14,False
wp_27_Normalized,109508,23,False
wp_15_Normalized,109531,13,False
wp_6_Normalized,111498,14,False
wp_98_Normalized,111978,19,True
wp_123_Normalized,116157,9,False
wp_7_Normalized,116261,15,True
wp_124_Normalized,120959,9,True
wp_3_Normalized,127086,10,False
wp_17_Normalized,139858,26,False
wp_35_Normalized,145128,18,False
