objectId,nbErrors,errorsTypes,errorsMessages
wp_108_Normalized,8,"type,type,type,type,type,type,type,type",$.Qui: integer found     string expected    $.dolorem: integer found     string expected    $.est: object found     string expected    $.in: integer found     string expected    $.doloribus: integer found     string expected    $.dolor: integer found     string expected    $.nesciunt: boolean found     string expected$.ut: array found     string expected
wp_46_Normalized,7,"pattern,pattern,pattern,pattern,pattern,pattern,pattern",$[0]: does not match the regex pattern ^([a-z])([a-z0-9-])*$    $[2]: does not match the regex pattern ^([a-z])([a-z0-9-])*$    $[3]: does not match the regex pattern ^([a-z])([a-z0-9-])*$    $[5]: does not match the regex pattern ^([a-z])([a-z0-9-])*$    $[6]: does not match the regex pattern ^([a-z])([a-z0-9-])*$    $[7]: does not match the regex pattern ^([a-z])([a-z0-9-])*$$[8]: does not match the regex pattern ^([a-z])([a-z0-9-])*$
wp_91_Normalized,3,"required,type,type",$.basic: is missing but it is required    $.Mollitia: null found     string expected$.culpa: number found     string expected
wp_55_Normalized,5,"required,type,type,type,type",$.basic: is missing but it is required    $.Dolorem: object found     string expected    $.repellat: boolean found     string expected    $.sed: integer found     string expected$.et: boolean found     string expected
wp_93_Normalized,2,"type,type",$.Aut: object found     boolean expected$.quaerat: number found     boolean expected
wp_65_Normalized,5,"required,type,type,type,type",$.basic: is missing but it is required    $.Iure: object found     string expected    $.possimus: array found     string expected    $.accusamus: object found     string expected$.enim: boolean found     string expected
wp_10_Normalized,5,"type,enum,type,enum,type",$.id: integer found     string expected    $.type: does not have a value in the enumeration [planning-note-operation]    $.type: array found     string expected    $.operation: does not have a value in the enumeration [update]$.operation: object found     string expected
wp_119_Normalized,1,type,$._id: number found     string expected
wp_24_Normalized,1,type,$._id: boolean found     string expected
wp_57_Normalized,2,"required,required",$.reference_id: is missing but it is required$.mode: is missing but it is required
wp_103_Normalized,6,"type,type,enum,type,enum,type",$.organization_id: integer found     string expected    $.id: boolean found     string expected    $.type: does not have a value in the enumeration [url-operation]    $.type: boolean found     string expected    $.operation: does not have a value in the enumeration [insert-redirect]$.operation: number found     string expected
wp_51_Normalized,4,"type,type,type,type",$[0]: integer found     object expected    $[1]: string found     object expected    $[2]: number found     object expected$[3]: string found     object expected
wp_107_Normalized,1,enum,$.alignment: does not have a value in the enumeration [left     right     center]
wp_47_Normalized,9,"type,type,type,type,type,required,type,type,type",$[0]: number found     object expected    $[1]: integer found     object expected    $[2]: string found     object expected    $[3]: number found     object expected    $[4]: array found     object expected    $[5].type: is missing but it is required    $[6]: boolean found     object expected    $[7]: number found     object expected$[8]: number found     object expected
wp_11_Normalized,7,"type,type,type,enum,type,enum,type",$.organization_id: array found     string expected    $.id: boolean found     string expected    $.body: number found     object expected    $.type: does not have a value in the enumeration [platform-pitch-operation]    $.type: integer found     string expected    $.operation: does not have a value in the enumeration [create     update]$.operation: number found     string expected
wp_12_Normalized,14,"type,type,additionalProperties,additionalProperties,additionalProperties,additionalProperties,additionalProperties,additionalProperties,additionalProperties,additionalProperties,enum,type,enum,type",$.organization_id: boolean found     string expected    $.id: boolean found     string expected    $.body.Reiciendis: is not defined in the schema and the schema does not allow additional properties    $.body.accusamus: is not defined in the schema and the schema does not allow additional properties    $.body.modi: is not defined in the schema and the schema does not allow additional properties    $.body.qui: is not defined in the schema and the schema does not allow additional properties    $.body.aperiam: is not defined in the schema and the schema does not allow additional properties    $.body.architecto: is not defined in the schema and the schema does not allow additional properties    $.body.quis: is not defined in the schema and the schema does not allow additional properties    $.body.fuga: is not defined in the schema and the schema does not allow additional properties    $.type: does not have a value in the enumeration [publication-pitch-operation]    $.type: array found     string expected    $.operation: does not have a value in the enumeration [create     update]$.operation: integer found     string expected
wp_29_Normalized,5,"required,additionalProperties,additionalProperties,additionalProperties,required",$.type: is missing but it is required    $.Illo: is not defined in the schema and the schema does not allow additional properties    $.vel: is not defined in the schema and the schema does not allow additional properties    $.eveniet: is not defined in the schema and the schema does not allow additional properties$.content: is missing but it is required
wp_16_Normalized,6,"type,type,enum,type,enum,type",$.organization_id: null found     string expected    $.id: number found     string expected    $.type: does not have a value in the enumeration [site-service]    $.type: integer found     string expected    $.operation: does not have a value in the enumeration [insert     update     delete]$.operation: integer found     string expected
wp_31_Normalized,2,"type,type",$.content_elements: integer found     array expected$.additional_properties: string found     object expected
wp_2_Normalized,6,"enum,type,type,type,enum,type",$.type: does not have a value in the enumeration [clavis-operation]    $.type: integer found     string expected    $.branch: null found     string expected    $.organization_id: null found     string expected    $.operation: does not have a value in the enumeration [update]$.operation: integer found     string expected
wp_100_Normalized,3,"type,type,type",$.Maxime: number found     object expected    $.culpa: boolean found     object expected$.voluptatibus: array found     object expected
wp_96_Normalized,7,"type,type,type,type,type,type,type",$.Dolor: integer found     array expected    $.et: integer found     array expected    $.quia: boolean found     array expected    $.aut: string found     array expected    $.autem: null found     array expected    $.necessitatibus: string found     array expected$.ipsam: string found     array expected
wp_53_Normalized,9,"type,type,type,type,type,type,type,type,type",$.Et: integer found     array expected    $.in: boolean found     array expected    $.quis: null found     array expected    $.totam: null found     array expected    $.quos: integer found     array expected    $.natus[0]: number found     object expected    $.natus[1]: integer found     object expected    $.natus[2]: boolean found     object expected$.natus[3]: number found     object expected
wp_78_Normalized,1,type,$.Harum: number found     object expected
wp_83_Normalized,2,"type,type",$.Quas: integer found     array expected$.quia: boolean found     array expected
wp_4_Normalized,2,"enum,type",$.version: does not have a value in the enumeration [0.10.9]$.version: number found     string expected
wp_1_Normalized,6,"type,type,enum,type,enum,type",$.organization_id: object found     string expected    $.id: integer found     string expected    $.type: does not have a value in the enumeration [author-service]    $.type: number found     string expected    $.operation: does not have a value in the enumeration [insert     update     delete]$.operation: integer found     string expected
wp_9_Normalized,6,"type,type,enum,type,enum,type",$.organization_id: number found     string expected    $._id: number found     string expected    $.type: does not have a value in the enumeration [image-operation]    $.type: boolean found     string expected    $.operation: does not have a value in the enumeration [insert     update     delete     publish     unpublish]$.operation: boolean found     string expected
wp_5_Normalized,5,"type,enum,type,enum,type",$.organization_id: number found     string expected    $.type: does not have a value in the enumeration [content-operation]    $.type: number found     string expected    $.operation: does not have a value in the enumeration [insert-story     delete-story     insert-gallery     delete-gallery     insert-video     delete-video     insert-redirect     delete-redirect]$.operation: array found     string expected
wp_98_Normalized,1,type,$[2].subtype: boolean found     string expected
wp_7_Normalized,4,"enum,type,enum,type",$.type: does not have a value in the enumeration [gallery-operation]    $.type: array found     string expected    $.operation: does not have a value in the enumeration [insert     update     delete]$.operation: boolean found     string expected
wp_124_Normalized,5,"type,type,enum,enum,type",$.organization_id: integer found     string expected    $.id: boolean found     string expected    $.type: does not have a value in the enumeration [video-operation]    $.operation: does not have a value in the enumeration [insert     update     delete]$.operation: number found     string expected
