{
  "Vero": [
    false,
    {
      "Id": "Autem ut incidunt aperiam repudiandae.\nEx iure repellat nostrum.\nOmnis at animi error cum voluptatibus ut.\nVel dolores velit reiciendis culpa iure dolore.\nOdio culpa non animi quibusdam sit non.\nEt quasi aut sit.",
      "rerum": [
        7032660139143159953909583079.5,
        "Cupiditate iure nihil nam aut voluptatibus consequatur voluptatum tempora.",
        -166472725096193364,
        false
      ],
      "iure": "Facere necessitatibus quae vitae et dolorem dolorum minus alias similique.\nNumquam cum aut modi ullam.\nEt qui quo fuga velit et.\nUnde asperiores commodi ut doloribus cum quisquam.\nAssumenda vitae sapiente rem rerum aut natus autem."
    },
    {
      "Quidem": {
        "At": [
          [
            -542757878056467907,
            false,
            6120861710379448709926266653.5,
            true,
            -5581676643140476796571693001.3,
            null,
            null,
            4290437284431911617881366837.5
          ],
          null,
          "Autem et amet non harum.",
          -6087418150050003079264428800.6,
          221401039042574721,
          -1138499845074223622
        ],
        "pariatur": null,
        "delectus": "Neque ipsam consequatur.",
        "voluptatem": -614012004569959900,
        "est": 118849272149540253,
        "voluptas": 5702309262545622456558129819.5,
        "placeat": false,
        "modi": 4528345479889458066072611983.5,
        "et": {
          "Illum": -209800556113821731,
          "porro": "Non harum doloribus sapiente tempora tempora.",
          "numquam": {
            "Quis": false,
            "assumenda": false,
            "qui": "Ullam laboriosam dolores placeat quis cumque."
          },
          "et": "Sed ratione et fugit quasi similique et voluptatem doloribus. Esse accusamus autem incidunt dolor aut praesentium esse placeat inventore. Consequatur tempore necessitatibus. Dolor aut eligendi sint. Saepe voluptatem corporis quae. Veritatis quo nobis porro nostrum et facere ad impedit inventore.",
          "rerum": [
            [
              true,
              true,
              "Explicabo id omnis fuga architecto possimus ea quidem sit. Ut commodi enim. Iusto nemo ipsa deserunt. Corrupti accusamus rerum reiciendis sit ea inventore animi. Delectus est delectus possimus odit enim. Eius consequatur blanditiis velit sapiente in quis doloremque.",
              {
                "Fugiat": true,
                "necessitatibus": "velit",
                "quisquam": 167214544000591095003409297.5,
                "doloribus": "nihil",
                "consequatur": null,
                "ipsa": false,
                "non": 6541792791659020755358649593.5,
                "velit": -6287404320573801815868263194.8
              },
              "Qui et qui quisquam provident laborum amet veniam incidunt. Culpa quasi quis et cupiditate ex provident eaque neque. Tenetur dolorem consectetur iusto hic expedita. Et sit ex consectetur. Ea sapiente quisquam molestias sapiente culpa.",
              "Repellendus non ut.",
              215978581038383993
            ],
            -48314322961145278,
            -335953750944987929
          ],
          "illum": -2614489301280866491025140808.4,
          "neque": 366517493727262272,
          "vel": 754760737265551996
        }
      },
      "et": {
        "Nobis": null,
        "voluptas": false,
        "est": -6566751947870195565478330827.2,
        "eius": 3304646857207350809000236396.5,
        "qui": "neque"
      },
      "aliquam": "Impedit et ut.",
      "repudiandae": null,
      "corporis": "Amet quasi et. Sit nulla deleniti dolores. Nulla sed quia et accusantium. Ab et voluptatibus porro ducimus quia. Veniam magnam fugiat voluptas tempore distinctio rem. Praesentium facilis consequatur consectetur non veritatis hic.",
      "sit": "Voluptatem porro corporis et aliquam.\nBlanditiis quia aperiam et impedit.\nVelit ut nulla aut animi molestiae.\nSimilique corporis ea.",
      "necessitatibus": null,
      "veritatis": true,
      "porro": "Aperiam voluptas et provident magni. Tempora cupiditate ea est culpa non qui vel quis aspernatur. Est a omnis consectetur minus. Omnis in cum provident voluptas et eos quidem dicta. Incidunt occaecati reprehenderit quis. Est dolore dolor corrupti laborum.",
      "recusandae": {
        "Nostrum": -7077212858371696920242449087.1,
        "debitis": null,
        "non": [],
        "ipsum": true,
        "sunt": false,
        "aut": [
          2923181795189457150115051412.5,
          -1500848640497886293799568878.4,
          "est",
          -532559094340278354,
          258464979740265274,
          true,
          {
            "Laboriosam": false,
            "ea": true,
            "non": 3529286399445965751140105090.5,
            "enim": 3704679803779963627547522988.5,
            "est": [
              [
                [
                  false,
                  "Provident quasi perspiciatis quisquam. Molestias dicta deserunt. Repellat minus quia incidunt in dicta animi voluptatum. Qui omnis qui error veniam. Iste tempora aliquam rerum et quisquam voluptas quisquam.",
                  false
                ],
                7119088408838814769096490511.5,
                "Dolorum temporibus maxime. Ab officiis accusantium debitis perferendis temporibus ullam non blanditiis. Et molestiae voluptatem. Non temporibus sed quae non molestias.",
                730376977445587739,
                [
                  [
                    1145771915970935865,
                    -454906346907551879474503624.2,
                    89341251164404074,
                    true,
                    5697159799326438831484167084.5,
                    "Assumenda quia rerum voluptatem cum laboriosam sunt a.",
                    null,
                    "Voluptate cum possimus aut dolore deserunt.",
                    472377035286292453035604159.5
                  ],
                  [
                    {
                      "Est": null
                    },
                    20139306332617527,
                    "Soluta recusandae earum et consectetur. Autem dignissimos nemo. Eveniet tempore praesentium quia quis enim voluptas cupiditate qui. Cumque ut commodi necessitatibus quos. Non deleniti aut ex repellat consequatur culpa sint earum sit.",
                    -6820070562753474444129628879.4,
                    "Quod ipsam perferendis exercitationem consequatur non."
                  ],
                  true,
                  null,
                  2347417335259494266203381263.5,
                  {
                    "Odio": {
                      "Error": null,
                      "commodi": -1075047808937192871,
                      "laborum": "dicta",
                      "recusandae": -81305038837015025,
                      "error": 4963194432571196360463572698.5,
                      "vero": 5122198023074925062034635774.5
                    }
                  },
                  -3643758875388255262143371162.1,
                  null,
                  "dolor"
                ],
                null,
                true
              ],
              243676831643841530,
              -1139181167902125297223228215.2,
              877514725079760907069853327.5,
              "Doloremque excepturi occaecati velit tenetur.\nNostrum qui eveniet ea rerum eveniet voluptatem.\nSapiente ullam molestiae iusto et corporis quia explicabo et eos.\nAlias dolor neque fugit et asperiores ipsam soluta perspiciatis.\nUllam blanditiis nisi ex harum eum.\nVeniam tenetur fugit totam rerum ad ratione et neque illo."
            ],
            "deleniti": 3917359994028690261018881311.5,
            "doloremque": null,
            "voluptatem": -348161534043685749
          },
          "Officiis sed expedita aperiam sed ducimus nisi delectus et. Ea molestiae aliquid quis ut. Voluptatem necessitatibus aut nihil voluptatem quis adipisci repellat. Eligendi quasi esse sed corporis expedita.",
          -281154372733054999
        ],
        "fugiat": true,
        "voluptatem": 4303410144302968790905481006.5
      }
    },
    -353991430586566734253083936.9,
    false,
    null,
    false,
    null,
    "Harum ipsam iure aut et nisi voluptas. Quo modi dolorem incidunt molestias vero sint minus. Quidem nobis sunt eos et consequatur. Doloremque sit consequatur quae et impedit. Soluta quo voluptatem est sed veniam magni animi eum."
  ],
  "quidem": {
    "Ut": false,
    "porro": false,
    "repellat": 7822051911380288499709058577.5
  },
  "in": "Placeat consequatur soluta libero.\nAliquam aut sed corrupti dolorem ratione corrupti dolor a non.\nDistinctio nesciunt in assumenda laudantium et molestiae nostrum.\nFuga sed ut adipisci eligendi dolorem facere quo nobis dignissimos.",
  "quam": true
}
