{
  "In": 461353660040717712,
  "autem": true,
  "officiis": null,
  "sit": "Consequatur sint perspiciatis rerum quas cupiditate ut ducimus.",
  "iure": -473487578267298178,
  "aut": "Pariatur accusamus voluptas nihil aut tempore autem id.\nIn ut velit fugiat est veritatis a laudantium dolorem distinctio.\nNon voluptates molestias ex.\nAccusantium distinctio adipisci veniam.\nNeque possimus natus quasi necessitatibus eos ut eius.\nUllam ab iste quis blanditiis in quia.",
  "est": false,
  "itaque": -31561924687834469427119976.7,
  "atque": 368605970905601195795867190.5
}
