{
  "url": "omnis",
  "audio_codec": "Quis nesciunt numquam provident architecto excepturi est libero.",
  "Et": 3408437114839840059784562069.5,
  "sunt": "Earum enim non pariatur et dolor. Ipsum eaque in voluptas ducimus et iusto qui. Est numquam cupiditate non beatae dignissimos sint reiciendis sint.",
  "repellat": "Sed temporibus autem provident velit impedit est fugiat.\nAtque id sunt earum molestiae corporis tenetur recusandae dolore.\nEx porro porro aut explicabo qui eaque.\nFacere quos inventore."
}
