{
  "type": [
    474522794839217107
  ],
  "operation": 534734946064239495,
  "id": false,
  "organization_id": false,
  "body": {
    "Reiciendis": -300608308253615852,
    "accusamus": null,
    "modi": 6984845207078257668583760277.5,
    "qui": {
      "Aut": false,
      "et": 1006820025991205921,
      "molestias": null,
      "necessitatibus": {
        "Deleniti": "Temporibus iure rerum quam aut laboriosam autem.",
        "doloremque": 123785058985328988,
        "magni": null,
        "voluptatibus": [
          "Maxime ducimus dolorem ea similique delectus et qui."
        ],
        "in": "Deleniti quia sint placeat iste quo accusamus aspernatur. Fuga enim omnis. Eius et dolor et nulla ipsa fugit. Magnam dolore quos quidem quas nobis illum doloribus. Labore impedit labore fugiat qui repellendus."
      },
      "nostrum": 166032943447359437,
      "eius": false,
      "doloremque": false,
      "enim": null,
      "est": -4784803594578646813561694674.3,
      "quis": -191131882474226056
    },
    "aperiam": null,
    "architecto": [
      {
        "Repudiandae": -5033481944983924089674293012.8,
        "magni": null,
        "eius": "Maiores non voluptatem sunt exercitationem qui hic.\nEst quas vitae quam repellat tenetur at aut dolorum.",
        "consectetur": [
          null
        ],
        "dolorum": "Necessitatibus ut excepturi harum minima similique voluptate nisi. Incidunt dolorem ipsa dolore esse. Eos consequatur ratione corporis sed itaque debitis in. A quo quisquam rerum. Nisi quis totam non modi enim accusantium nam est. Recusandae ducimus rerum amet est.",
        "velit": 157102328397536287,
        "enim": true
      },
      [
        true,
        null,
        -261131660617582143,
        [
          true,
          null,
          "Quis est culpa.\nSed deleniti repudiandae exercitationem consequuntur saepe fuga.\nQuas illum quo.\nImpedit mollitia vitae aut.\nEt eligendi alias voluptate in.\nNostrum corporis placeat fugiat accusamus cumque iure.",
          "laborum",
          false,
          false,
          4483749342694436686220939419.5
        ]
      ],
      -1895276887690354528719398042.3,
      null,
      {
        "Nihil": 7088784602535468425601308550.5,
        "enim": 364138664873472568
      }
    ],
    "quis": null,
    "fuga": {}
  }
}
