{
  "type": [
    [
      true,
      -7288018007735215984923540804.6,
      null,
      -5458068544103621052188780826.1,
      389015225588186132,
      [
        [
          491612999402418840,
          true,
          -2735150609141987364427116888.4,
          [
            null,
            "Non cupiditate corrupti totam consequatur hic non.\nAutem deserunt nobis modi unde sapiente iure dolorum.\nMaiores quia fugiat omnis ab quisquam repellendus non ipsa.\nRerum et est et quia sint inventore esse doloribus impedit.",
            true,
            -5507646386253759309576476124.4
          ],
          true,
          "Dolor et fugit tempore nihil maxime accusantium voluptatibus rerum.",
          -984982939843932922,
          true,
          "eius",
          [
            -1059266026111103057,
            true,
            null,
            false,
            -278542729404061063,
            -5738641985504044435022679281.1,
            5086461833426460507681727484.5,
            [
              "Itaque distinctio doloremque qui in similique laboriosam facilis molestiae facere.\nVoluptas assumenda in at et maxime libero dolorum.\nAut delectus quam.\nEius dolores minus omnis quisquam dolorem quia quis reprehenderit.\nOmnis et reprehenderit tenetur dolore commodi et rerum.\nVoluptas fugit quaerat tenetur corporis exercitationem optio porro id.",
              {
                "Sit": 7684472818508515501530752893.5,
                "nostrum": {
                  "Id": null,
                  "libero": [
                    true,
                    "Beatae unde minus modi cum mollitia qui et quia.\nAtque cumque enim non nesciunt quasi nihil quaerat pariatur ut.\nOdit architecto sequi fugiat.",
                    -148023586326170810,
                    "ducimus",
                    {
                      "Placeat": 974970486547671761,
                      "laborum": -716831243590305456,
                      "quos": 5079125345837065962096422846.5,
                      "natus": false,
                      "fugit": "Quam ut molestiae tempora quo explicabo.\nExercitationem ut officiis quibusdam nisi ea eum consequuntur dolorum.\nEt et dolorem beatae et vitae nesciunt occaecati odit praesentium.\nTemporibus enim voluptatem reprehenderit dolore ducimus ut tempora voluptatem.",
                      "voluptatum": -606531076278008022,
                      "eius": 1111015602928760217564736026.5
                    },
                    false,
                    {
                      "Sapiente": -885087777293247260,
                      "repudiandae": 954949210607521660,
                      "non": [
                        true,
                        1042339190724796703680622381.5,
                        "Eaque dolores perspiciatis.\nRepellat autem quia totam magnam omnis est sapiente illo.\nFacere cumque culpa et et nostrum beatae.\nLabore ut et asperiores et dicta.\nConsequatur omnis ea vel hic dignissimos est voluptatem deleniti.\nEnim et dolorum sed doloremque et veniam ex qui accusamus.",
                        true,
                        -5472680349767806069000880479.8,
                        "Labore recusandae dignissimos quaerat deserunt fugit expedita. Adipisci quis modi. Ea laborum voluptatem harum. Necessitatibus delectus rem qui voluptatum mollitia sit. Aliquid distinctio fugit ducimus exercitationem."
                      ],
                      "excepturi": false,
                      "ducimus": [
                        "Illum doloribus quaerat necessitatibus. Itaque consequatur eum quasi debitis dignissimos autem odio officia. Ipsum aliquid molestias rerum ut necessitatibus ut possimus. Sunt vel ipsum. Voluptatem facilis ut dolorem earum ducimus numquam rem.",
                        7644177596478173181258704951.5,
                        -813798516489959782,
                        true
                      ],
                      "aut": -2875313712047558910750267146.1,
                      "ut": false,
                      "architecto": false,
                      "quos": "Et veniam totam nemo quas asperiores numquam occaecati culpa."
                    }
                  ]
                },
                "minus": 983418218014018693,
                "laudantium": "Minima autem sit veritatis non laborum.\nVoluptas eos ea necessitatibus quae quos.\nQuos ad accusamus dolorem mollitia voluptatem ab sint et impedit.",
                "dolores": null,
                "quas": 678153515086890050,
                "ut": null,
                "repellat": [
                  -293599612413759384,
                  -698065566822947734,
                  null,
                  535997470509776705,
                  1500611274556646577623263556.5,
                  "Soluta magni asperiores provident reprehenderit occaecati est quia et.",
                  "voluptates",
                  -650654187613970217,
                  -825930434919687296
                ],
                "dolor": true,
                "recusandae": null
              },
              false,
              4965517165631245962709876092.5,
              5636805570305546355034393456.5
            ],
            [
              {
                "Tempora": "Nulla impedit laboriosam esse eos vel fuga dolorum rerum.",
                "magni": -400959999622143482,
                "nisi": 6939685893713857567374308236.5,
                "id": true,
                "pariatur": true,
                "corporis": -2503805493921221672645402584.0,
                "fuga": 4070193822037662159231724692.5,
                "quia": "Illo quibusdam error."
              },
              false,
              -933046039319523712,
              false,
              null
            ]
          ]
        ],
        -203513221615518740234182324.5,
        "Et aliquam voluptatem repellendus aliquid.\nSapiente qui explicabo.\nId molestiae qui officiis et suscipit itaque.\nQuidem voluptatibus labore.\nConsequatur cum velit dicta totam.",
        null,
        -4823303756493966992480247132.7,
        {
          "Quod": {
            "Voluptatem": null,
            "ut": [
              3943036759189019928737403334.5,
              2942131565131741052665551018.5,
              [
                null,
                "non"
              ],
              {
                "Qui": {
                  "Voluptatem": [
                    null,
                    "Voluptatem tempore vel cupiditate quisquam amet culpa veritatis.",
                    true,
                    null,
                    -7561242860543302705861411288.4,
                    null,
                    "Et id voluptate facere aut aperiam amet. Vero aut quia vero omnis dolorem dicta praesentium minus quos. Saepe perspiciatis voluptatum quae quae et et. Quam officiis magni est unde dignissimos quisquam molestiae. Odit voluptatem consequuntur voluptatem.",
                    null,
                    5146588519071851684282231767.5,
                    94414074634180910
                  ],
                  "nesciunt": 5498111513433191936493695219.5,
                  "adipisci": {
                    "Eum": -774473184814307709,
                    "magnam": "eaque",
                    "vitae": -1719212947022623262958267119.0
                  },
                  "sit": -577924459824226042
                },
                "repellat": "aliquid",
                "ut": {
                  "Ea": {
                    "Aliquam": false,
                    "sapiente": false,
                    "repellat": 1615597003054418686824345765.5,
                    "pariatur": [
                      149013566873603581,
                      "Deserunt fugit nemo ut in. Repellendus quia similique ad. Porro fuga totam. Accusantium consequatur ut placeat numquam sunt voluptates. Cum eos earum. Soluta totam nemo reiciendis excepturi.",
                      null
                    ],
                    "aliquam": "laborum"
                  },
                  "ad": -2855607616371769627952588696.9,
                  "rerum": "In non odio et praesentium.\nIpsum ut et fugiat enim exercitationem dolorem explicabo rerum.\nPariatur consequatur aliquid.\nDolorem rerum tempora magni nobis veniam accusantium sunt.",
                  "animi": null,
                  "quia": null
                },
                "enim": "debitis",
                "iusto": {
                  "Ut": "Doloremque saepe nesciunt blanditiis ut fuga commodi necessitatibus.",
                  "reiciendis": null,
                  "eveniet": {
                    "Numquam": "Excepturi quos itaque ut ex cupiditate minus est dolorum a.\nAdipisci tempore a similique.\nSit possimus quam sunt blanditiis iure ab qui sed.\nQui repudiandae velit nesciunt et provident.",
                    "enim": -7852254473352350453077751592.7,
                    "eos": -1060928294695593163127966830.6,
                    "dolorem": [
                      false,
                      false,
                      true,
                      -544816042839994362193242663.2,
                      true,
                      "autem",
                      {
                        "Nihil": false,
                        "ipsa": 20029736105977819,
                        "hic": -813917057507951257
                      },
                      "Dolores praesentium voluptatem.",
                      null
                    ],
                    "doloremque": "Nobis eum dolores non cum voluptatem tempore commodi.\nEos qui atque neque aut.\nDolor consequatur error non dolores libero sed.\nAperiam esse vitae numquam impedit.\nMollitia ut corrupti vel.\nNostrum quos incidunt voluptatem aperiam.",
                    "pariatur": true,
                    "excepturi": -5653550328432819389023964370.6,
                    "est": "eaque",
                    "aut": null
                  },
                  "nostrum": {
                    "Et": "Sed odio a necessitatibus ducimus sed maiores.",
                    "accusantium": [
                      {
                        "Dignissimos": -453152935781858257
                      },
                      -47484969813490502,
                      true,
                      -5694134503451393060396358544.7,
                      true,
                      "Id at facere accusantium.",
                      true
                    ],
                    "veritatis": -7570481588458359710827052875.7,
                    "quaerat": "Perferendis animi atque adipisci quaerat aut aperiam cumque quia eos.\nSit ut magni.\nConsequatur sint repudiandae.\nImpedit et ut.",
                    "consequuntur": -2958813798041880045529231120.3,
                    "non": false,
                    "ducimus": "Cumque sed aperiam."
                  },
                  "est": "Voluptas harum consectetur cupiditate dolorum recusandae eos dolorem atque minima. Blanditiis pariatur doloremque laboriosam sequi. Doloremque voluptatem omnis. Harum id accusantium ut ut nostrum qui. Saepe perferendis enim corrupti. Molestiae enim et.",
                  "aut": -6809884991309233119398296075.8,
                  "nisi": null,
                  "dolor": 988079570985740458,
                  "exercitationem": [
                    null
                  ]
                },
                "qui": 5623424880412687220927443722.5,
                "est": 115693777285065850,
                "excepturi": 1150635865192794527017730907.5,
                "labore": 4533838440177160485461439422.5
              },
              null,
              -391296710024962681
            ],
            "officia": null,
            "quidem": null,
            "est": false,
            "iusto": 930945269813243321,
            "dolore": "Dolore reiciendis et architecto sed quo perferendis. Adipisci omnis eum. Nihil officiis qui. Excepturi enim voluptas et omnis."
          },
          "velit": [
            "Quis id ut hic. Et iure voluptatibus et qui nemo. Similique suscipit numquam ea consectetur non dicta facere maiores. Animi eveniet praesentium autem dolorem quisquam quia consequatur sit. Natus sed ipsam reiciendis porro saepe. Reprehenderit et aut voluptas voluptatem totam."
          ],
          "natus": true
        }
      ],
      null,
      -716291676487985043,
      -3031303366997327203214955998.3,
      "Dolores sit dolorem dolorem molestiae. Dignissimos vitae ut. Alias quam est aut velit sed ipsam. Ratione et error consequatur ullam accusamus ab nihil harum. Rerum ea molestias minima minus a amet quod. Ut doloribus aliquam quasi."
    ]
  ],
  "operation": {
    "Eligendi": false,
    "id": -3583741254869720505584884303.5,
    "et": true,
    "consequatur": null,
    "omnis": "Illo ut voluptatibus maiores consequuntur natus voluptas. Alias a eligendi culpa adipisci. Enim voluptatem qui alias velit. Et sunt vitae sed alias.",
    "mollitia": [],
    "architecto": 6158691279999189491123165252.5,
    "est": false,
    "animi": {
      "Eveniet": null
    }
  },
  "id": -743876926646361168,
  "organization_id": "Non adipisci velit.\nEst qui rerum.\nAssumenda inventore quasi itaque voluptas hic in debitis.\nVoluptatibus earum perspiciatis consequuntur corporis aliquid rerum.",
  "note": "Vel nihil laboriosam sequi veniam expedita.\nExercitationem minima perferendis aut molestiae eaque molestias.\nQuidem placeat architecto.\nSint qui in omnis.",
  "Quae": -7173058704658078277258781182.6,
  "nihil": "Qui placeat at at quia maxime perferendis. Mollitia modi consequatur. Sint consequatur dolores. Velit impedit quis velit modi ad ut dolores fugiat. Incidunt eos aut sequi rerum nisi aut ducimus. Aut reprehenderit natus est ducimus assumenda alias animi perspiciatis.",
  "consequuntur": "aut",
  "commodi": true
}
