{
  "Illo": "Animi quos est eum praesentium aut nesciunt saepe ducimus earum.",
  "vel": {
    "Voluptate": [
      null,
      -14009447313073838735254678.6
    ]
  },
  "eveniet": {
    "Molestias": "Sed officiis animi aut eius nihil ad laudantium facere. Nam sequi labore. Et assumenda quo voluptatem.",
    "dolor": -1811817620904685239189376120.4,
    "voluptatibus": -4571416856436148787560258149.1,
    "qui": false,
    "omnis": true,
    "quos": null,
    "adipisci": "tempora",
    "occaecati": true
  }
}
