{
  "content_elements": -787119740370698479,
  "additional_properties": "Ex animi quibusdam. Enim ea labore quia laudantium nulla dicta odio perferendis. Tempore ipsa impedit. Nesciunt velit repellat distinctio cupiditate et commodi aliquid. Quidem atque voluptates occaecati provident.",
  "Modi": {
    "Voluptatem": null,
    "consequatur": true,
    "quibusdam": "et",
    "inventore": 150778720951571993,
    "voluptas": [
      "Eveniet qui consequatur.",
      507953051605721687,
      null,
      [
        4706252486338133515782446700.5,
        null,
        7000774318205465168353535045.5
      ]
    ],
    "voluptatum": false,
    "debitis": "Placeat eum doloribus quidem expedita.\nInventore iusto ut.\nVel ipsum sequi quia iure illum voluptatem.\nEt et quasi quod architecto.\nCorrupti qui corrupti quis tenetur fugiat qui.",
    "sunt": -859779332556692039
  },
  "odio": null,
  "error": null
}
