{
  "Porro": "Cum sunt adipisci.\nQuo soluta culpa omnis ut.\nNihil natus et facilis voluptas excepturi.\nSed sed autem magni optio ea.\nRerum cumque et.\nAdipisci corporis velit harum harum voluptatem sequi nesciunt.",
  "et": true,
  "in": true,
  "sint": [
    true,
    null,
    null,
    -1519869978333684557605738616.3,
    [
      "Quae aut itaque dolores.",
      null,
      "Ut qui iure ab labore qui quia."
    ],
    5552769733276644424675762497.5,
    [
      32158283658393197,
      [
        true
      ],
      null,
      -3930420034013671614587378798.0,
      1854201118294627825737235915.5,
      -6473220929319775652441603751.2,
      1034146200125345901443320409.5,
      -2734419142916280137461852660.0,
      -2307963788897217255545110877.7
    ],
    6249918042141480987489138446.5,
    -595482048537019372
  ],
  "dicta": null,
  "doloremque": "Officia ut quia repudiandae iusto dolorem qui quo."
}
