{
  "Dolorem": {
    "Voluptate": -377714792251170471,
    "qui": null,
    "quis": -1001614547604515817,
    "molestiae": false,
    "illo": "Maiores et culpa sunt minima quia distinctio.",
    "labore": true,
    "incidunt": -942755701248370748
  },
  "nemo": "cupiditate",
  "repellat": true,
  "sed": 635297031266859031,
  "et": false,
  "blanditiis": "Autem consequuntur quis. Maxime tempore hic sit repellat doloribus optio nulla et. Omnis hic deleniti nulla perspiciatis odit voluptas voluptatem quos molestiae."
}
