{
  "Repellendus": null,
  "et": "Id fugiat accusamus quam eligendi qui modi rerum deleniti.",
  "enim": {
    "In": null,
    "quidem": [
      2182367352276677409183711148.5,
      null
    ],
    "similique": -852664881069865556,
    "dolorum": [
      6252104259655428291190568251.5,
      1405848197835527736872123305.5,
      null,
      1590487414919232187002685173.5,
      false,
      null,
      [
        [
          null,
          "Molestias et qui officia mollitia.\nHic vel ex aspernatur sit esse corporis.\nQuaerat accusamus qui perferendis.\nNecessitatibus vitae consequatur beatae dolor facere.",
          null,
          469266656302385816763329902.5,
          true,
          -927147987468590905,
          853238477053896213,
          "Tempore eaque beatae explicabo."
        ],
        [
          [
            -3965098681368854730853983889.4,
            4896800454257093385637696459.5,
            null
          ],
          "nemo"
        ]
      ],
      4443887223936897293181986008.5,
      true
    ],
    "omnis": true
  },
  "vitae": -270442381465077000,
  "tempore": 275802546275054077,
  "id": {
    "Iusto": true
  },
  "quod": 3367646835997323625496609101.5
}
