{
  "Eaque": "Assumenda est laboriosam.",
  "odit": {
    "Hic": [
      999034073969148557,
      {
        "Blanditiis": -7829055375707130792273915684.5,
        "et": 799886110386303253,
        "consequuntur": true,
        "id": null,
        "reprehenderit": -236762743621279739
      },
      null,
      false,
      "Unde deserunt veritatis aperiam dolorem ea dicta.\nIpsam veritatis a.\nAutem qui accusantium culpa rerum.",
      null,
      -5041895485613470192222699926.9,
      -4664450227684912885784609939.2,
      false
    ],
    "voluptatem": {
      "Modi": 579330241895821528
    },
    "nam": true,
    "facere": 5441110816693787449077884210.5,
    "quas": "qui",
    "iste": 5401266059784685915722865146.5,
    "dolorem": null
  },
  "possimus": 4768210839922125,
  "qui": false,
  "earum": "Esse aut omnis soluta recusandae magnam.",
  "saepe": "Deleniti magni assumenda laudantium.\nQuaerat autem enim laborum aut reprehenderit debitis est modi.\nCupiditate sit voluptatem et quasi tempora.\nOptio deserunt omnis.\nIpsam delectus voluptatem.",
  "sit": null,
  "dolor": null
}
