{
  "Iure": {
    "Dolorum": {
      "Ad": "Aut esse harum perspiciatis consequatur nesciunt consequatur modi aut. Magni accusantium ipsum nobis culpa sed modi nobis enim. Molestiae laboriosam sapiente ut deserunt ut asperiores molestiae. Harum sint voluptas odio nulla dolore. Eos illum fuga tenetur necessitatibus consequuntur fuga dolor.",
      "qui": [
        null,
        [
          false,
          {
            "Quisquam": true,
            "ad": null,
            "asperiores": [
              120895241977646419,
              -6043199439043780578166424340.1,
              4639060518830614199747895650.5,
              1083669429161338819,
              251587231189107732264102191.5,
              null,
              [
                null,
                192920005869361034,
                -172891773310107589,
                [
                  [
                    -192714452392029315,
                    -5371238573604025117141096885.6,
                    [
                      5407685706108765928758636401.5,
                      null,
                      "Qui blanditiis voluptas aliquam laboriosam est. A sit porro aut libero soluta. Et necessitatibus aut assumenda sunt aliquam impedit eum vel. Est cupiditate qui commodi asperiores ullam non amet. Vel nihil rem nihil nemo illo minima nemo est dolorem.",
                      696789411255731787,
                      "Ea provident culpa cupiditate ut quia velit.",
                      [
                        -4671222235946769652824908246.3,
                        "Dolorum voluptate consequatur enim consequuntur cum voluptatem iusto explicabo.",
                        false,
                        null,
                        [
                          211139220594833831,
                          "Quis ea qui minima.\nOmnis sint harum.",
                          6108175743097252425313115898.5
                        ],
                        4965758718107340102590159246.5
                      ],
                      -686175601907370744
                    ]
                  ],
                  6670313408440436011895555189.5
                ],
                {
                  "Sunt": null,
                  "sit": 858480723339153485,
                  "officia": -849379870769697007
                },
                755004898159688879959172141.5,
                -4679857731108402683205217481.2
              ],
              "Nostrum earum sit qui consequatur autem quae. Voluptate nulla eaque molestiae velit corporis velit. Et repellendus dolor."
            ],
            "minus": 418631467005108588,
            "architecto": null,
            "quia": null,
            "laborum": null
          },
          null,
          {
            "Molestias": 4271473534822439860041580513.5,
            "aut": true,
            "dolorum": "Nobis aperiam qui. Eum officia nobis reiciendis quam magnam dolores ullam. Incidunt quos pariatur voluptas.",
            "blanditiis": [
              "Et consequuntur saepe aliquid rerum sed culpa.\nUllam non quia libero asperiores odio accusamus non assumenda eveniet.",
              -1618650904877278765870320955.6
            ],
            "et": true,
            "rem": -4453976943961329297150165180.1,
            "voluptates": null,
            "optio": -183475114096489763
          },
          -619165220538510912,
          5218826801938933285548431105.5,
          [
            37754936168081031,
            false,
            "Dignissimos dolor aut quia aperiam.\nAtque delectus ut alias in.\nConsectetur distinctio non itaque quidem expedita accusamus.",
            null,
            null,
            false
          ],
          "ad"
        ],
        "Quaerat ad et consectetur.",
        true,
        null,
        [
          -621598158249065321,
          -402265704208053106,
          -805510894059469187,
          {
            "Nulla": "Velit officiis autem et consequuntur eum et a. Dolore est beatae nobis dolores quaerat. Est quo qui nihil consequatur aut natus. Est magnam qui qui. Sunt harum excepturi quia odit vitae.",
            "minima": -1016533550135192825,
            "possimus": -1988729112259536918520072347.9,
            "cumque": null,
            "eaque": 1020147747965071171,
            "perferendis": null,
            "quis": {
              "Natus": true,
              "occaecati": true,
              "itaque": null,
              "illum": [
                false,
                {
                  "Dignissimos": false,
                  "fuga": 223854572344665633,
                  "cum": {
                    "Sed": [
                      "Harum quae autem sunt ab dicta.\nEt cumque est enim odit est necessitatibus illo necessitatibus.\nSit voluptatem dignissimos aliquid nobis delectus voluptas recusandae.\nAut esse nobis minima deleniti odit nihil autem.",
                      true,
                      false
                    ],
                    "ab": null,
                    "voluptates": -5368967711474648059647107810.0,
                    "quae": true,
                    "culpa": null
                  },
                  "aut": "Illo ducimus placeat fuga sunt error ut nesciunt officiis.",
                  "qui": false,
                  "sit": 28107409988124497782124153.5,
                  "voluptas": true,
                  "adipisci": null,
                  "necessitatibus": null
                },
                {
                  "Tempora": false,
                  "voluptas": {
                    "Accusamus": -7067340408270752860935373714.3,
                    "eligendi": "Vitae voluptatem voluptatibus dolorum nulla et et veritatis ex.\nUt optio maxime officia eligendi ipsa.",
                    "id": false,
                    "optio": 519282619730693995,
                    "doloremque": [
                      null,
                      false,
                      {
                        "Nisi": -3292129809909518138767602668.9,
                        "velit": false,
                        "nihil": "nulla",
                        "quam": -3961488668427755634908383714.6,
                        "hic": true,
                        "saepe": "et",
                        "totam": [
                          1114227183941746670,
                          null,
                          "reprehenderit",
                          false,
                          -662329440070238229,
                          null,
                          -5961665356370400401992315279.8
                        ],
                        "ad": true,
                        "exercitationem": "molestias"
                      },
                      -956002664483699464,
                      null,
                      -6833497448800015500279187228.5,
                      false,
                      765753925480485085
                    ],
                    "rem": 5107051379226187986013531438.5,
                    "consectetur": "Sit amet blanditiis vel dolor modi harum omnis qui reprehenderit.\nQuia hic aut omnis.\nRerum asperiores praesentium qui consequatur sit.\nNam atque quo nihil.",
                    "nihil": true,
                    "possimus": null
                  },
                  "ratione": null,
                  "nemo": "Consectetur est tenetur velit. Quas laudantium consequatur est sit quis aut libero. Laboriosam unde id molestiae dicta aut ea. Quos repellendus et suscipit porro enim ducimus quaerat nobis. Ut doloremque odio molestias incidunt inventore libero. Voluptate suscipit alias qui enim deserunt facilis.",
                  "omnis": "At cum consequuntur repellendus aut quia maiores dolorem.",
                  "enim": true,
                  "accusamus": false,
                  "blanditiis": -861033856406380862
                },
                "Animi similique accusantium.\nConsequuntur aut tempore doloribus aut nesciunt harum cumque vel.\nOptio sequi quia doloribus.\nFugiat minima magnam et dignissimos autem quia et quos laborum.\nConsequuntur accusamus unde.",
                4758979367590534706561037748.5,
                238825451963482308,
                -1724247560893508765769240700.9,
                [
                  {
                    "Quod": "qui"
                  },
                  "Voluptas iure accusantium voluptatem omnis maxime.",
                  "Unde facere neque qui qui. Voluptatem ipsum expedita ut ut sunt at. Exercitationem est at ipsum fuga est. Et tenetur sit voluptatem recusandae dolores non et. Officia qui omnis ut veritatis.",
                  -123314105280175509,
                  "qui",
                  null,
                  [
                    452333516852498587,
                    {
                      "Deserunt": null,
                      "consequatur": true,
                      "repellat": null,
                      "dolorum": -3816688174943898196808287437.4,
                      "veritatis": "beatae",
                      "amet": 663189212772314660
                    },
                    false,
                    "Dolorum repellat ut exercitationem recusandae ab nihil.\nAb eum qui provident aut quod laboriosam aut.\nSapiente voluptatum dolorem quis dolor recusandae.\nSimilique id ea.\nNon ipsa nisi eos omnis dolores."
                  ]
                ],
                true,
                265641206098893534
              ],
              "excepturi": null,
              "neque": null,
              "esse": "atque",
              "quia": 847307489154099348,
              "qui": 1065813041396125834,
              "perspiciatis": false
            }
          },
          null,
          -1003508502224847897,
          "Voluptatibus omnis fugit ut. Natus libero illo vel aut. Quis eum veniam doloribus error optio facilis. Assumenda adipisci voluptatibus ut illum eveniet ut placeat dolore non.",
          "Sunt quia fugiat.",
          true
        ],
        -86689563525737738,
        [
          5562200912511455912830512299.5,
          null,
          false,
          {
            "Vitae": {
              "Molestias": "dolore",
              "repudiandae": "saepe",
              "non": null,
              "recusandae": "Delectus est fugit.",
              "id": [
                null,
                "atque"
              ]
            },
            "dolor": -5328153586351262592192385372.0,
            "et": null,
            "nesciunt": 4086287524345286469498733106.5,
            "sit": "Est explicabo totam.",
            "qui": 2447452323593627248270647056.5,
            "reprehenderit": 501860892597932197,
            "eos": -6135121669143200452406807537.0,
            "nihil": false
          },
          71568846802592005,
          false
        ],
        null
      ],
      "vitae": 609082030928726504326640268.5,
      "suscipit": true,
      "iure": "Nulla incidunt temporibus voluptatem blanditiis. Architecto in laudantium et quis suscipit. Aliquam sed voluptatem.",
      "iste": 1865119797610469118406815248.5,
      "natus": "Numquam expedita vero totam. Illo odio aliquid vitae doloremque fuga. Voluptas quo omnis. Non sit maiores dolores.",
      "aut": 1393732878173663683248637917.5
    }
  },
  "possimus": [
    6060045899330228964650091009.5,
    "Ea placeat quasi ducimus vel voluptates saepe. Voluptatem rerum sint iusto et maiores. Iusto eum aperiam molestiae cupiditate neque iure minima. Omnis natus ratione corrupti culpa. Eligendi voluptatem qui iusto.",
    "sint"
  ],
  "accusamus": {
    "Magnam": true,
    "tempora": false
  },
  "enim": true,
  "rerum": "Nihil nulla aperiam necessitatibus ex et.\nAliquam et ut culpa nobis sint est eaque sint.\nRecusandae illo quae voluptatem ut quia dolores.\nDucimus consequatur eaque sint."
}
