{
  "Numquam": "Excepturi nostrum qui officiis cupiditate consequatur quo. Ut vel a adipisci reiciendis numquam non. Adipisci alias nihil cupiditate doloremque et et occaecati. Quo veritatis architecto suscipit non quibusdam eum eveniet. Nostrum dolores quisquam voluptatibus ex quo.",
  "aspernatur": 218766000290016439987225291.5,
  "molestiae": null,
  "ut": 437140939324341378,
  "debitis": "Quia voluptatibus quia consequatur culpa placeat. Et exercitationem omnis perferendis deleniti. Rerum qui debitis.",
  "sed": false
}
