{
  "x": 4238276696916363621011307384.5,
  "y": -3165648508156427536377154866.5,
  "Tempore": false,
  "molestiae": -46743200451558374,
  "fuga": true,
  "iste": "Sapiente est pariatur amet molestiae repellat. Sed aut sunt praesentium occaecati. Quod veniam earum distinctio et est ipsa non dicta. Autem aliquid voluptatum non dolor cumque non dolor. In et cupiditate sed necessitatibus corporis quaerat.",
  "in": [
    [],
    [
      "Consectetur est qui eligendi dolores est dignissimos. Molestias excepturi neque unde suscipit vel repellendus eveniet. Esse distinctio architecto tenetur laborum dolor sed. Dolores quidem asperiores laudantium tenetur. Reiciendis facilis eligendi est ut in suscipit aut.",
      602057633301057295,
      -540429488497027829,
      false,
      963046298643051188
    ],
    {
      "Debitis": "Voluptas voluptatum et reiciendis maiores vel.\nRepellat fugit aut sunt tenetur.\nSed consequatur deserunt impedit.\nNesciunt explicabo illum.\nAb incidunt ut quisquam.\nQuam commodi autem voluptatum magnam."
    },
    true,
    349381945323144506,
    null,
    -1006432144610962587
  ]
}
