{
  "type": [
    -4602043198558631352258216983.1,
    -1029400098157054963,
    -430180869284268751315413397.3
  ],
  "operation": false,
  "_id": "Eos rerum tempora culpa consequuntur excepturi nemo qui quo id.\nArchitecto consequatur quo.\nIusto dolorem reprehenderit quo architecto ut sit qui facilis et.",
  "organization_id": "Mollitia pariatur architecto impedit consequatur omnis et ea et.\nQui qui dolores quaerat commodi quia.\nNostrum iste velit similique autem aut est id et eius.\nLaborum quia corporis quo non omnis in aut culpa.",
  "Tempore": "Sit qui autem sed sit qui dicta. Et eaque in qui. Animi nulla veritatis eum nisi qui. Aut nihil est dolorem velit earum vel aperiam. Vitae quia harum excepturi consequuntur est natus deleniti sit quibusdam.",
  "blanditiis": -7746916086470462862341999668.4,
  "velit": [
    "Ab nihil placeat ab.\nIusto ullam quia.\nTempore quia dolores et et eos voluptatem.\nQuis possimus voluptas totam quo at corrupti.\nBeatae dicta ut ut.",
    -580098772156257011
  ],
  "sit": false
}
