{
  "In": null,
  "quidem": -2351228385557132241928904288.6,
  "doloremque": "Ipsam id recusandae facilis tenetur dicta sit. Quas tempore provident commodi iusto praesentium blanditiis. Id repellat quis temporibus sunt omnis nobis. Perferendis amet laudantium vel vitae quos inventore. Illo quia id officia necessitatibus. Dolor qui quos nobis omnis tenetur ea.",
  "magni": null,
  "error": -301274128828788285,
  "dolores": {
    "Ut": null,
    "eaque": -338100982691870566,
    "aut": "Perferendis incidunt accusamus alias et doloremque eveniet et eligendi sed.\nConsequatur ratione qui aut accusantium nesciunt est eum voluptas ut.",
    "tenetur": "Est eos expedita libero officiis rerum dolor impedit.\nCorrupti beatae itaque quaerat sint.\nVoluptatem quibusdam quis fugiat.",
    "mollitia": null
  },
  "eaque": null
}
