{
  "Vero": 535532198666098888392362388.5,
  "sint": null,
  "qui": [
    null,
    [
      {
        "Totam": true,
        "asperiores": "Vero labore error quis dolorem odio quia ab asperiores. Totam enim ad et dolores. Qui beatae fugiat quis.",
        "temporibus": "vel",
        "maiores": -5840923975495891568999736380.4,
        "ea": [
          "Repellat qui omnis.\nExpedita fugit nostrum natus voluptatem.\nVoluptas et omnis facilis eos omnis consectetur officiis.",
          "Sit fugit maxime."
        ]
      },
      {
        "Neque": -1176695653343014088439998124.9,
        "est": [
          "cum",
          [
            [
              {
                "Earum": null,
                "reprehenderit": 6781474565745927113564811129.5,
                "velit": -845567638264197429,
                "maiores": false,
                "vitae": "Velit quos ut saepe necessitatibus laboriosam corrupti omnis. Illo nihil qui quia. Mollitia recusandae occaecati ipsa dolores ea architecto. Quibusdam libero non. Incidunt similique aut est."
              },
              -1617240982397835586356528619.6,
              null,
              "distinctio",
              [
                -548854351429099774,
                [
                  false,
                  1711053989265857164864080162.5,
                  null
                ],
                -463169890791298806,
                true,
                "Nulla quo rerum quo nihil reprehenderit voluptatem eos.\nEa eum incidunt neque.",
                410113193996789133024153545.5,
                false,
                [
                  -2301356374515793849325660576.4,
                  "Omnis omnis maxime.\nEst consequatur eum incidunt magni placeat ipsa laudantium.\nRatione dolorem laboriosam hic facilis.",
                  644548113623765211,
                  4120830882222177339265748488.5,
                  -3329734817284917036786819023.9
                ],
                true
              ],
              true
            ],
            -6620547584895956183109220538.9,
            -6783699732971958186525679769.1
          ],
          -275166175489612100,
          "Incidunt qui optio aperiam ullam itaque et. Ab pariatur qui sed eius necessitatibus eveniet consectetur. Esse suscipit quasi eligendi delectus quos velit ipsam vel adipisci.",
          -163923201696626982
        ],
        "sunt": null
      },
      -1079495012743868940,
      false,
      null
    ],
    null,
    [
      "assumenda"
    ],
    "Ducimus aspernatur cumque animi sunt labore et officiis.",
    null
  ],
  "doloremque": {
    "Id": -2312850305376199722258689391.3,
    "magnam": false,
    "commodi": 326829862708138120,
    "ut": null,
    "inventore": true,
    "reiciendis": "Fugit vitae autem suscipit rerum facere eligendi mollitia totam nulla. Corporis expedita occaecati fugiat debitis sed molestias. Est porro quia nihil. Facilis doloribus non debitis distinctio maxime enim architecto ea.",
    "dignissimos": null,
    "quibusdam": "Nihil voluptatem consequatur atque tempora praesentium voluptatibus iusto laboriosam mollitia. Ea iure accusamus consequatur sint eum minus ad. Voluptatem eos id quas explicabo. Fuga consequuntur atque suscipit et pariatur id."
  },
  "asperiores": "Aut aut quae.",
  "voluptas": "quam"
}
