[
  {
    "options": {
      "enabled": true,
      "voice": "Molestiae illum pariatur repellat ut sunt veritatis ipsam omnis. Architecto dolor qui non voluptatum explicabo dolorem. Nobis optio deleniti rerum optio eius velit voluptas. Et nulla quibusdam omnis voluptatem vero quae. Sed officia soluta deleniti ad. Aut beatae omnis consequatur qui id non dolorum nemo ipsum.",
      "Dolores": 124912450843948273,
      "enim": "Maiores maiores facilis qui explicabo.\nEos accusamus aut quisquam exercitationem non.\nOmnis sed dolor et est facere fuga vitae odit qui."
    },
    "options_used": {
      "enabled": false,
      "voice": "quasi",
      "Odit": null,
      "dolores": "Eum dolore et iure dolorum.\nIn corporis et porro consequuntur sunt.\nId libero dolor libero dolor inventore quia qui non.\nQuia impedit nihil id qui.\nDoloribus ullam excepturi dicta blanditiis necessitatibus laboriosam rem eligendi.\nLaborum ipsam ipsum.",
      "aut": [
        "Voluptas consequatur autem est.",
        7561196633274466530962041337.5
      ],
      "sunt": true
    },
    "Qui": -633774650991439131034379084.0
  },
  {
    "options": {
      "enabled": false,
      "voice": "Perferendis incidunt nihil culpa neque iusto.\nSoluta at dicta est qui dolor nobis.\nOmnis odit voluptas.",
      "Quisquam": false,
      "totam": -4612878806391523264616478786.9,
      "porro": true
    }
  },
  {
    "options": {
      "enabled": false,
      "voice": "Numquam suscipit delectus odit voluptas.",
      "Provident": 713226955494805216,
      "praesentium": false,
      "laboriosam": -262423141516647323,
      "dolores": -5235153002295689102955353799.6,
      "quo": "Sit qui molestias minus consectetur cum tempore."
    },
    "subtype": true,
    "Tempore": null,
    "velit": {
      "Facilis": 855255507384138185,
      "repudiandae": "Exercitationem natus sequi aut est eum repellat in.",
      "aut": -9874795698936530,
      "quia": true
    },
    "minus": null,
    "cum": true,
    "et": null,
    "magnam": 2305571958130855627871234583.5,
    "voluptatem": "et",
    "eius": [
      true,
      [
        596518991322302833,
        [
          -69555954998732723,
          "quia",
          false,
          "Quo fugiat a tenetur id maxime ad culpa alias soluta.\nEst quaerat laudantium excepturi molestias et tenetur dolorum.",
          {
            "Nesciunt": 341968194704467835,
            "quae": null
          },
          true,
          false,
          null,
          {
            "Omnis": "Dolorem nulla qui vitae aut necessitatibus perspiciatis ex recusandae quis.",
            "explicabo": -1067403665987609930646747719.9
          }
        ],
        false,
        true,
        "Ea voluptatem nihil in neque cumque quo corrupti similique reiciendis.",
        {
          "Voluptatem": -580176073578175274,
          "ex": false,
          "itaque": 92068754523543060,
          "laboriosam": true,
          "natus": null,
          "unde": null
        }
      ],
      null,
      true,
      false,
      {
        "Dolore": [
          "Et aliquid distinctio dignissimos consequatur aut adipisci.\nNulla nisi nihil voluptatem quod asperiores hic ea numquam.\nAut aliquid quam debitis corrupti non officia eligendi aperiam libero.",
          "sed",
          null,
          -672997943602255590,
          -6311434120408921836874701163.4,
          false,
          true,
          [
            -312085616157071942271107735.4,
            null,
            null,
            "Quis tenetur iste autem.",
            4657145367313998650123326083.5,
            false,
            241649889086811760,
            {
              "Odit": false,
              "consequuntur": null
            },
            "Dignissimos quas voluptatem ullam non."
          ]
        ],
        "enim": {
          "Laborum": null,
          "iure": "Perspiciatis quia dolores iste molestias quisquam eum aliquam.",
          "est": [
            -5428137298484157451863168977.2,
            false,
            6249037052857295594922683654.5,
            -1134710903164929281,
            {
              "Autem": 5143344840230037221841613340.5,
              "qui": null,
              "fugiat": 1066721701369363594,
              "deleniti": 1244997951572499660113157770.5,
              "est": {
                "Dolores": null,
                "in": {}
              },
              "excepturi": -4268897149495318,
              "id": "Id ducimus sed. Odit ut cum aut quaerat a tempora necessitatibus. Numquam quis consequatur numquam tempora repellendus.",
              "eos": false,
              "voluptatum": 3782680034697461089463692046.5
            },
            null
          ],
          "provident": -938130345657553993,
          "unde": -548558843180695316,
          "culpa": [
            [
              -4821824541540764214567706735.7,
              "Est laborum nam nemo similique.\nFacilis quae quas delectus nihil dolorem nesciunt.\nEum et quo mollitia nostrum in."
            ],
            [
              null,
              "Vel est et at ea quae corrupti non."
            ],
            false,
            7117034361308444340551915432.5,
            -916512558497958893,
            2434149870196634,
            4427064651283268941747645850.5
          ],
          "consequatur": 6686054325125103090922226092.5,
          "commodi": null,
          "ex": -914462361436204510,
          "ad": [
            "Et id placeat quis.\nQuia et ea dolores similique enim voluptatem unde totam quibusdam.\nSunt est nemo itaque velit ut labore et et eum.\nAut enim quibusdam esse accusantium numquam ut.\nDistinctio deserunt sequi voluptatem quidem.\nRepellendus earum consequatur qui quisquam.",
            {
              "Illum": -5746280881387421636773427194.6,
              "dolores": 1075259837879984048,
              "sed": null
            },
            false,
            true,
            "Ut eum fugiat sit.\nQuis incidunt laudantium eligendi iure tenetur eum maxime.",
            663758040576303630,
            "Minus eius magni saepe molestiae et neque et. Dolore aliquid repellendus nam. Est beatae sit fuga non similique. Ratione repellat aspernatur."
          ]
        },
        "exercitationem": {
          "Corporis": [
            5150994792339112484321581232.5,
            null,
            -96688922179339216646602755.4,
            false,
            "Est voluptas tempora a fuga esse quia praesentium fugiat rerum.",
            -6285732003252260956736012308.9
          ],
          "corrupti": -66027655101248756,
          "quos": "Sit est alias illum autem quia.",
          "quia": false,
          "ab": [
            true,
            null,
            -820684559052058427
          ],
          "suscipit": null,
          "aperiam": 7300898054116400710633211462.5,
          "commodi": 3250453393046362117788236124.5
        }
      },
      35950547267239089054524516.5,
      null
    ]
  }
]
