objectId,inSize,totalTime,loadSchema,initGenerator,generation,genSuccess,valid,fixed,nbAttempts
wp_87_Normalized,117,333,90,211,3,true,true,false,0
wp_86_Normalized,118,125,11,114,0,true,true,false,0
wp_59_Normalized,133,69,9,58,1,true,true,false,0
wp_82_Normalized,133,56,8,45,0,true,true,false,0
wp_61_Normalized,145,56,12,44,0,true,true,false,0
wp_60_Normalized,147,60,15,45,0,true,true,false,0
wp_66_Normalized,154,43,7,35,0,true,true,false,0
wp_90_Normalized,154,43,7,35,0,true,true,false,0
wp_95_Normalized,159,40,7,32,0,true,true,false,0
wp_69_Normalized,163,44,7,35,1,true,true,false,0
wp_36_Normalized,164,37,6,30,0,true,true,false,0
wp_70_Normalized,171,37,8,29,0,true,true,false,0
wp_71_Normalized,180,47,8,35,0,true,true,false,0
wp_39_Normalized,196,50,16,34,0,true,true,false,0
wp_44_Normalized,196,45,9,35,0,true,true,false,0
wp_56_Normalized,206,38,9,29,0,true,true,false,0
wp_108_Normalized,217,39,9,29,1,true,true,false,0
wp_50_Normalized,225,37,7,29,0,true,true,false,0
wp_40_Normalized,242,36,7,29,0,true,true,false,0
wp_46_Normalized,244,65,38,27,0,true,true,false,0
wp_52_Normalized,253,33,6,26,1,true,true,false,0
wp_64_Normalized,256,32,6,24,1,true,true,false,0
wp_97_Normalized,283,30,6,24,0,true,true,false,0
wp_92_Normalized,290,35,10,23,1,true,true,false,0
wp_38_Normalized,293,28,6,22,0,true,true,false,0
wp_99_Normalized,316,30,5,24,0,true,true,false,0
wp_101_Normalized,329,33,8,25,0,true,true,false,0
wp_43_Normalized,334,27,6,21,0,true,true,false,0
wp_88_Normalized,360,31,9,21,0,true,true,false,0
wp_67_Normalized,373,27,6,21,0,true,true,false,0
wp_41_Normalized,401,29,6,22,1,true,true,false,0
wp_42_Normalized,500,28,6,21,0,true,true,false,0
wp_54_Normalized,549,28,5,21,1,true,true,false,0
wp_62_Normalized,571,27,6,19,1,true,true,false,0
wp_77_Normalized,579,73,8,65,0,true,true,false,0
wp_91_Normalized,627,30,7,22,1,true,false,false,0
wp_55_Normalized,634,31,7,23,0,true,false,false,0
wp_93_Normalized,640,24,6,18,0,true,true,false,0
wp_58_Normalized,642,22,4,17,0,true,true,false,0
wp_65_Normalized,659,25,5,20,0,true,false,false,0
wp_106_Normalized,680,23,5,17,0,true,true,false,0
wp_49_Normalized,753,24,6,17,1,true,true,false,0
wp_120_Normalized,808,30,7,23,0,true,true,false,0
wp_109_Normalized,832,25,6,19,0,true,true,false,0
wp_72_Normalized,858,23,5,18,0,true,true,false,0
wp_110_Normalized,913,25,6,18,1,true,true,false,0
wp_122_Normalized,1066,26,6,20,0,true,true,false,0
wp_104_Normalized,1072,23,6,17,0,true,true,false,0
wp_102_Normalized,1135,23,5,18,0,true,true,false,0
wp_84_Normalized,1184,23,4,19,0,true,true,false,0
wp_121_Normalized,1220,24,5,19,0,true,true,false,0
wp_63_Normalized,1230,28,7,21,0,true,true,false,0
wp_45_Normalized,1252,24,6,17,1,true,true,false,0
wp_37_Normalized,1290,23,4,18,0,true,true,false,0
wp_76_Normalized,1300,26,6,19,1,true,true,false,0
wp_89_Normalized,1605,23,5,18,0,true,true,false,0
wp_80_Normalized,1652,24,6,18,0,true,true,false,0
wp_10_Normalized,1721,29,5,17,7,true,true,true,12
wp_85_Normalized,1750,21,4,16,0,true,true,false,0
wp_119_Normalized,2303,22,5,17,0,true,true,false,0
wp_68_Normalized,2344,27,7,18,1,true,true,false,0
wp_75_Normalized,2349,27,6,18,0,true,true,false,0
wp_115_Normalized,2424,23,5,18,0,true,true,false,0
wp_22_Normalized,2696,28,7,19,1,true,true,false,0
wp_111_Normalized,2754,24,6,18,0,true,true,false,0
wp_48_Normalized,2754,23,5,18,0,true,true,false,0
wp_79_Normalized,2790,23,5,17,0,true,true,false,0
wp_32_Normalized,2819,23,5,18,0,true,true,false,0
wp_24_Normalized,2829,27,6,20,1,true,true,false,0
wp_18_Normalized,2905,24,5,18,0,true,true,false,0
wp_25_Normalized,2930,23,4,18,0,true,true,false,0
wp_19_Normalized,2958,25,6,19,0,true,true,false,0
wp_20_Normalized,3139,29,6,22,1,true,true,false,0
wp_57_Normalized,3211,32,6,24,1,true,true,true,1
wp_30_Normalized,3214,26,5,21,0,true,true,false,0
wp_114_Normalized,3315,28,6,21,0,true,true,false,0
wp_34_Normalized,3589,28,6,21,1,true,true,false,0
wp_103_Normalized,3621,29,7,21,1,true,true,true,10
wp_51_Normalized,3689,29,5,23,0,true,true,false,0
wp_112_Normalized,4072,28,6,21,0,true,true,false,0
wp_107_Normalized,4292,51,5,46,0,true,true,false,0
wp_21_Normalized,4598,24,6,17,1,true,true,false,0
wp_113_Normalized,4621,24,5,17,1,true,true,false,0
wp_47_Normalized,4765,26,6,18,0,true,true,false,0
wp_74_Normalized,4842,24,6,17,0,true,true,false,0
wp_116_Normalized,5076,34,6,27,1,true,false,false,0
wp_33_Normalized,5213,24,7,17,0,true,true,false,0
wp_11_Normalized,5304,43,22,18,2,true,true,true,12
wp_13_Normalized,5621,24,5,17,1,true,true,false,0
wp_28_Normalized,5664,25,6,18,1,true,true,false,0
wp_12_Normalized,5757,31,11,19,1,true,true,true,12
wp_117_Normalized,5770,35,7,28,0,true,true,false,0
wp_29_Normalized,5872,33,5,26,1,true,true,false,0
wp_16_Normalized,5990,28,7,20,1,true,true,true,10
wp_23_Normalized,6047,23,5,18,0,true,true,false,0
wp_73_Normalized,6162,24,5,18,0,true,true,false,0
wp_14_Normalized,6449,25,6,18,1,true,true,false,0
wp_118_Normalized,6845,23,4,18,0,true,true,false,0
wp_81_Normalized,7837,26,6,18,1,true,true,false,0
wp_31_Normalized,8311,24,6,18,0,true,true,false,0
wp_2_Normalized,8902,26,5,18,2,true,true,true,14
wp_100_Normalized,9749,26,7,18,0,true,true,false,0
wp_94_Normalized,23860,31,11,19,0,true,true,false,0
wp_96_Normalized,100027,69,45,18,0,true,true,false,0
wp_53_Normalized,100048,106,84,18,1,true,true,false,0
wp_78_Normalized,100148,61,39,18,1,true,true,false,0
wp_83_Normalized,100192,65,44,18,0,true,true,false,0
wp_8_Normalized,100344,61,39,19,1,true,true,false,0
wp_105_Normalized,100546,74,52,19,0,true,true,false,0
wp_4_Normalized,100554,69,46,20,1,true,true,false,0
wp_1_Normalized,104992,67,45,17,2,true,true,true,10
wp_9_Normalized,105788,65,44,18,1,true,true,true,10
wp_26_Normalized,107125,72,49,20,1,true,true,false,0
wp_5_Normalized,108152,69,47,18,2,true,true,true,10
wp_0_Normalized,109060,72,49,18,2,true,true,true,9
wp_27_Normalized,109508,67,47,17,1,true,true,false,0
wp_15_Normalized,109531,67,48,17,0,true,true,false,0
wp_6_Normalized,111498,96,74,19,0,true,true,false,0
wp_98_Normalized,111978,72,51,17,0,true,true,false,0
wp_123_Normalized,116157,78,55,18,0,true,true,false,0
wp_7_Normalized,116261,80,56,20,1,true,true,true,10
wp_124_Normalized,120959,87,62,19,2,true,true,true,10
wp_3_Normalized,127086,90,65,21,0,true,true,false,0
wp_17_Normalized,139858,100,76,21,0,true,true,false,0
wp_35_Normalized,145128,98,75,19,0,true,true,false,0
