objectId,inSize,totalTime,generated
pNameFalse,63,262,True
string1,81,350,True
existsName1,85,259,True
oneof6,88,221,True
oneof12,96,220,True
test,104,222,True
notnames1,142,654,True
num0,150,888,True
dep1,156,251,True
oneof10,172,213,True
oneOf1,179,60016,False
string2,180,230,True
oneOf2,180,60019,False
key1,206,218,True
key2,226,201,True
dep2,229,209,True
oneof5,235,215,True
oneof11,236,203,True
oneof13,244,193,True
test.NoType,248,60035,False
oneOf3,250,60016,False
dep3,254,227,True
pnmp1,257,205,True
pnmp10,257,199,True
key3,261,202,True
oneof9,272,208,True
allOfPProp2,277,228,True
oneOf10,284,206,True
oneOf8,291,203,False
notnames2,295,208,True
allOfPProp1,313,215,True
oneOf5,317,195,True
num2,324,197,True
oneOf7,331,219,False
oneof8,332,203,True
oneOf6,332,334,False
itemscontains2,358,202,True
itemscontains1,358,210,True
dep5,364,203,True
dep4,364,218,True
num1,365,224,True
allOfPProp3,365,285,True
pnmp2,368,213,False
oneof1,369,217,True
key5,369,207,True
oneOf9,375,209,False
num3,382,201,True
eqmulok1,390,220,True
oneof2,400,219,True
key8,403,217,True
arr1,404,202,True
string3,409,213,True
length,409,214,True
key7,409,210,True
object4,414,209,True
key6,416,224,True
oneof3,423,199,True
allIt1,426,216,True
oneOf4,432,202,True
pnmp3,439,227,False
key4,453,203,True
string4,455,225,True
dep7,456,220,True
dep6,456,214,True
key10,459,204,True
allOfPProp4,459,199,True
allIt2,463,215,True
pnmp8,466,212,False
key9,473,216,True
object3,476,258,True
object1,476,238,True
object2,477,238,True
notnames4,499,60058,False
pnmp9,500,228,False
oneofitemscontains2,501,208,True
oneofitemscontains1,501,221,True
oneofanyofitc2,501,197,True
oneofanyofitc1,501,206,True
pnmp6,502,238,False
string5,503,214,True
pp3,503,215,True
pnmp7,506,215,True
notnames5,506,60026,False
dep8,508,233,True
pnmp4,511,211,False
dep10,513,219,False
arr2,515,219,False
num4,517,203,True
oneofitemscontains4,519,216,True
oneofitemscontains3,519,210,True
oneofanyofitc4,519,204,True
oneofanyofitc3,519,202,True
object5,539,198,True
dep9,540,216,False
notnames6,542,202,True
pnmp5,551,213,False
allOfPProp5,551,230,True
allIt10,553,221,True
allOfPProp6,560,216,True
allIt9,589,196,True
eqmulok2,598,226,True
oneofitc2,609,221,False
allIt6,621,215,True
oneofitc4,627,211,False
allIt8,654,215,True
object6,658,208,True
allOfPProp7,658,201,True
oneofpr4,659,60016,False
oneofpr1,659,60107,False
allOfPProp8,671,251,True
oneofpr2,673,60022,False
oneofitemscontains5,684,224,True
oneofanyofitc5,684,209,True
oneofitemscontains8,686,204,True
oneofanyofitc8,686,194,True
oneofitemscontains7,687,206,True
oneofanyofitc7,687,208,True
oneofitemscontains6,690,209,True
oneofanyofitc6,690,197,True
allOfPProp10,695,212,True
pp2,697,205,True
num5,700,207,True
pp1,721,216,True
allIt3,723,231,False
object7,729,213,True
allOfPProp9,735,202,True
allone1,736,200,True
allany1,736,196,True
oneofpr3,749,60017,False
allIt4,756,225,False
object8,773,205,True
notnames7,778,199,True
allIt7,810,208,True
allIt5,835,221,False
oneofpr5,854,60019,False
oneofpr8,864,60017,False
oneofpr7,864,60014,False
oneofpr6,885,60019,False
allany8,920,251,True
allany7,920,217,True
allone2,946,294,True
allany2,946,269,True
eqnmn1,970,249,True
allany9,970,236,True
allone4,1016,215,True
allany4,1016,223,True
mod3011,1034,309,True
allany21,1035,215,True
iiok4,1087,208,True
allany6,1090,212,True
pp4,1108,203,True
object9,1140,217,True
object10,1163,226,True
mini4.2,1184,290,True
imax4.2,1184,220,True
mini4.1,1185,222,True
imax4.1,1185,231,True
iemax4.2,1194,242,True
iemax4.1,1194,210,True
emini4.2,1194,230,True
emini4.1,1194,280,True
mod307,1197,273,True
mm4.2,1203,235,True
mod3010,1204,318,True
mm4.1,1205,229,True
mem4.2,1212,228,True
emm4.2,1212,361,True
mem4.1,1214,217,True
emm4.1,1214,240,True
emem4.2,1221,252,True
emem4.1,1223,233,True
eqnmn4,1239,233,True
allany11,1382,256,True
allany12,1428,219,True
mod302,1442,290,True
allany13,1471,292,True
mod303,1529,403,True
notnames9,1700,401,True
mod305,1775,567,True
mod308,1777,525,True
notnames10,1789,293,True
mod309,1810,238,True
mod306,1834,606,True
mod30,1901,372,True
mod301,1901,259,True
format1,1990,205,True
mod304,2121,229,True
allany15,2161,200,True
allany19,2165,209,True
allany16,2207,206,True
allany14,2212,284,True
allany22,2280,294,True
allany17,2342,260,True
allany20,2367,299,True
allany23,2379,280,True
testwp9,83694,324,True
testwp98,111978,826,True
