{"b":84969826,"inc":[{"amet7":[{"laboris_8":[{"minimd_":[{"sit_0":[],"enim_f":[]},{"occaecat_d77":[],"laboris28":[],"consectetur_0":[]},{"Ut_2":[],"esse_a0":[]},{"est134":[],"minim202":[]},{"enim__2":[],"autebe":[]}],"esse9ff":[{"minim0":[],"labore_4":[],"sit_c":[],"dolorb":[]},{"tempor_b":[],"ine":[]},{"nostrud4":[],"voluptated":[]},{"in47":[],"laborum_6_6":[],"ad_b":[]}]},{"inc":[{"quise8_":[],"Excepteur_3":[]}],"dolore_c":[{"aliquip__":[],"tempor1":[]},{"quis8":[],"do_12":[],"dolor73":[],"qui8f":[]},{"incididuntc":[],"nostrudbfa":[]},{"cillum_5e":[],"consecteturd":[],"minim__6":[]}]},{"consectetur1":[{"laboris_da_":[],"ada":[],"minim8":[],"eiusmod_c30":[]},{"Excepteur_9":[],"doloreb":[]},{"veniama":[],"Excepteur5_8":[]},{"nisi87":[],"sit_0f8":[]},{"sunt__":[],"consequat_3f5":[]}],"commodo_255":[{"Duisfc2":[],"Lorem6":[]},{"cupidatat_0":[],"ametd4d":[]}]}],"ut_89":[{"consequat_0f_":[{"anim31f":[],"dolor_d6":[]},{"veniam61":[],"deserunt8e":[]},{"eiusmod_9d":[],"commodocd":[],"velit__8":[],"nisi_":[]},{"nisi_c61":[],"aliquip54_":[]}],"tempor_38":[{"ut_b_":[],"irure_9f":[]},{"Duis8b":[],"id_1f":[],"ut581":[],"velit_d_":[]},{"in_5_":[],"dolor_0":[]},{"dolore31":[],"id_5":[]}]}]},{"in693":[{"amet9":[{"Lorem_33":[],"essed2":[]}],"voluptate39":[{"dolor_7":[],"irure917":[],"in_7_a":[]},{"deserunt_5":[],"Excepteura2":[],"laboris_e__":[]},{"tempor5b3":[],"nulla27":[]},{"sit24":[],"labore_17c":[]}]},{"deserunt_5a8":[{"enim51":[],"ipsum__64":[]}],"consequat_3":[{"sunt_2e":[],"amet_58":[]},{"amet6":[],"in_f_":[],"eiusmod__":[],"irure6e":[]}]}],"laborum59b":[{"id_7":[{"cillum5":[],"do_c":[]},{"anim75a":[],"nisif":[]},{"anim_f":[],"laborum19":[]}],"in3_c":[{"consectetur_b0":[],"ullamco29d":[]},{"ut_4ea":[],"Excepteur_ff":[]}]}]},{"ullamco54":[{"eu_35":[{"exercitation_d":[],"Ut_5b3":[]},{"fugiat8":[],"est37b":[],"consectetur_ba":[]},{"anim3d8":[],"incididunt_ae":[]},{"suntb":[],"adb0":[]}],"veniamc5":[{"aliquip_24":[],"consequat__4":[]},{"anim_":[],"dolor_60":[]},{"sint_05a":[],"elit_d":[]},{"cupidatat4":[],"suntf":[]},{"consequat_b":[],"aliqua22e":[],"sint_b9":[],"culpa781":[]}]},{"aute_1":[{"ad_93":[],"cupidatat611":[]},{"dolor_a":[],"veniam_55":[]}],"irure74":[{"anim8":[],"non_14":[]},{"sint_181":[],"nonfd":[]},{"consequat_3":[],"consequat24":[]},{"nisi_0":[],"dolor_4":[]}]},{"occaecat89":[{"pariatur_f":[],"velit_ce5":[],"ut_62d":[]},{"irure_c":[],"Excepteur60":[]},{"dolore6":[],"mollit_3":[]}],"consequatf":[{"laborefe":[],"culpa__1":[],"consequat_aa0":[]},{"anim_f":[],"id_7b7":[]},{"et1e":[],"reprehenderit4":[]},{"dolora":[],"in16":[]}],"ide_b":[{"ex_e2":[],"sit_e":[]},{"reprehenderit_f76":[],"sintda":[]},{"sed_4":[],"sunt_0d":[],"non6":[]},{"labore_4":[],"Duis__0":[]}]},{"aliquip11":[{"ad9e2":[],"veniam_2":[]},{"reprehenderit41e":[],"utc86":[],"eiusmod_2a":[],"Lorem_c14":[]},{"nisi_0":[],"estb":[]},{"doc8":[],"esse_0":[],"culpa_f3":[]},{"animd2":[],"quis_975":[],"cupidatat06":[],"occaecatdd":[]}],"enim_9":[{"id_be":[],"anim_3":[],"consectetur9":[]}]}],"voluptate0":[{"in2":[{"pariatur_870":[],"quis8f":[]},{"Excepteur_29":[],"veniam__b":[]},{"occaecat_a":[],"ut_1":[],"mollit_9":[]},{"ea8":[],"irure_c5":[],"nulla_db_":[]},{"id_d":[],"in_725":[]}],"exercitation46":[{"cupidatatf":[],"pariatur_e10":[],"adipisicing311":[]}],"amet_cf":[{"veniame4b":[],"qui_ae":[]},{"officia_1a":[],"consectetur_1d":[]},{"Lorem31":[],"non_a":[]},{"ex_3":[],"dolore_e4":[]}],"nisi_5":[{"dolored":[],"mollit_cfe":[]},{"magnaa1":[],"ad09":[],"ea21c":[]}]}]}],"Utce_":[{"nisia8":[{"id21":[{"amet0":[],"ead":[]}],"minim_a":[{"do_2b":[],"reprehenderit6":[]},{"nonee":[],"ullamcod":[],"dolore_4":[]}]},{"sunt_f":[{"enim_0":[],"aute_3_":[]},{"nostrud_86f":[],"sit_e4_":[],"mollit_85":[],"cillum8_0":[],"sit_63":[]},{"laboris_c41":[],"voluptate_b8":[]},{"proident_2c4":[],"incididunt_52":[],"cupidatat_c12":[]},{"eu_4ed":[],"deserunt_ee":[]}],"amet5":[{"in_d55":[],"consectetur_b0b":[]},{"velit_3":[],"amet_959":[]}]},{"aliquipa7":[{"culpac":[],"dolore60a":[]},{"proident_4dd":[],"dolor41":[]},{"pariatur574":[],"incfd":[],"incididunt_4":[],"elit_ce":[],"voluptateb":[]},{"cillum_4a7":[],"quis0c6":[]}],"cupidatat_e3":[{"in_1de":[],"sunt109":[]},{"ad_da":[],"incididunt7":[]},{"adipisicing_b59":[],"consequat_f29":[]},{"eu7":[],"anim0ba":[],"ea7":[]}]},{"non5e":[{"proidente2d":[],"Duis8":[],"culpa_9":[]}],"deserunt_1":[{"dolor3":[],"incididuntfc":[],"fugiatc11":[],"quis_1":[]},{"ea8":[],"Ut817":[]},{"reprehenderitace":[],"elit_e2":[]},{"nona_":[],"sint3":[]}]}],"ad_":[{"veniam_e_1":[{"quis_6c_":[],"reprehenderitec7":[]},{"labore__3":[],"sunt_21e":[]},{"eiusmodd":[],"ullamcod1":[]},{"aliquipf1c":[],"in716":[]}],"dolor_5":[{"in0":[],"ex_111":[]},{"exercitation_3b_":[],"sit44":[],"eu_e40":[]},{"magna5":[],"fugiata":[],"est_f":[]},{"aliquac4":[],"officia_a8":[]},{"irure0c4":[],"aliqua_5ca":[]}]},{"pariaturb":[{"id3":[],"officia_1":[]},{"sunt8":[],"labore242":[]},{"amet_0e5":[],"consectetur_2":[],"consequat_7_a":[]},{"in2":[],"ipsum_07":[]}],"sintd3":[{"anim_06c":[],"ipsum_a":[]},{"consequat4_c":[],"id_f":[]}],"aliquip_2":[{"labore33":[],"culpa_9a":[]},{"velit_8b":[],"ut_0e5":[],"nullaa":[]},{"irurebc2":[],"ad__0":[]},{"velit_9":[],"enim_3":[],"sunta4":[],"tempor6":[]},{"quisc98":[],"occaecat_":[]}],"in_0c_":[{"ullamco_643":[],"doloreec9":[],"non_67f":[]},{"Loremc":[],"non321":[]}]},{"eiusmod_85":[{"pariatur_579":[],"dolor_5a":[]},{"aliquiped6":[],"nulla_d":[]},{"officiac":[],"consequat2":[]}],"sunt1a7":[{"ad_f9":[],"veniam_f":[]},{"commodo91":[],"consequat_7_d":[]},{"fugiat_36_":[],"velit_5":[],"id_28":[],"dolore_de":[]},{"minim_c":[],"ea_ce":[],"non7":[]}]}],"exbf1":[{"quis_ef":[{"iruref":[],"mollit_25":[]},{"eiusmod_a":[],"enimf9d":[]},{"reprehenderitdb":[],"et_4":[]},{"dolore_98":[],"reprehenderit31e":[],"sed9a8":[]},{"eu_cf":[],"laboris9":[],"anim5df":[]}],"exercitation_0":[{"estd":[],"in4":[]},{"nostrud25a":[],"ipsumb":[]},{"pariatur0b1":[],"quis_86":[]}]},{"est40f":[{"sed9":[],"ex_d":[]}],"deserunt_ea":[{"consecteturf":[],"Ut_730":[]},{"ea3":[],"aute_db":[]},{"irure_948":[],"in_4":[]}],"minimd":[{"dolor_1":[],"exercitationd_":[]}]},{"non_":[{"cillum1a3":[],"laborumc6":[]},{"voluptate_5c5":[],"cupidatatb85":[]},{"nostruda":[],"labore_985":[],"in_ee1":[],"cillum_97":[],"sit06":[]},{"ipsum_ce":[],"nulla_7a":[],"in_44":[],"nostrud4":[]}],"Excepteur_8c5":[{"exercitationc69":[],"eiusmod_6e":[]},{"enim_913":[],"aute9":[]},{"non_185":[],"incididunt_1a":[],"aliquip_c":[]},{"ut_49":[],"dolor_f6":[],"mollit_7b6":[]},{"ea839":[],"velit6":[],"Duis4d":[]}],"aliqua6":[{"mollitbf":[],"none":[]},{"amet_d":[],"ut8b4":[],"temporf":[]},{"essec_":[],"fugiat46d":[],"proident_5":[],"qui_2ae":[]}],"enim8":[{"nisic5":[],"Excepteur_6":[],"dolor_fbc":[]},{"laboris_f":[],"ine5":[]},{"do_fdf":[],"velit_77a":[]}]},{"aliqua_ae8":[{"laborum_9_":[],"adipisicing_80b":[],"veniam_7ff":[],"culpa_c":[]},{"qui6":[],"ad_98":[]},{"nostrud_210":[],"cilluma":[]},{"amet_b43":[],"enim_b":[]},{"cupidatat_e66":[],"est_8b7":[]}],"Duis_5":[{"amet_0":[],"laborum884":[],"dolore_5":[],"ut_3e4":[]},{"amet_cc":[],"cupidatat7e":[]},{"et_fe":[],"nostrud001":[],"ipsum_4":[]}],"Excepteur_2":[{"adipisicing_a6":[],"exercitation8d":[]},{"irure781":[],"veniama":[]},{"in0":[],"mollitcba":[],"sed__e":[]},{"aliqua_87b":[],"in_269":[]},{"non50e":[],"reprehenderit_c86":[]}]},{"voluptateaf5":[{"proident_87":[],"in5":[]},{"minim_7":[],"ullamco_d":[]},{"ex_f4":[],"tempor999":[]},{"nostrud5f":[],"Lorem0d":[],"labore_1c":[]},{"quisf":[],"commodo_73a":[]}],"irure9f":[{"fugiat7f":[],"ea65":[]},{"ex9":[],"irure3f":[]},{"ex_07":[],"amet__":[]},{"occaecat_f6":[],"aute__0b":[]},{"ipsum_ff_":[],"adipisicinge":[],"et03":[]}]}],"commodo_6a":[{"ad59":[{"eu_811":[],"adipisicing0":[],"ut_a7":[]},{"aliqua_c6":[],"nulla_060":[]},{"non_fb":[],"fugiat_15":[]},{"dolore_b1":[],"dolore_85":[]},{"consectetur_2e":[],"do3":[]}],"sint_b":[{"aliquac6":[],"in3_":[],"elit_05":[],"veniam275":[]},{"occaecat4":[],"pariatur_1":[],"do_49":[],"sedb":[],"Excepteurc3a":[]},{"do2":[],"dolore_da":[]}],"occaecat79":[{"inac":[],"et_af":[],"ut_b6_":[],"aute_9d":[],"veniam4bf":[]},{"labore0":[],"eiusmod_71":[]},{"eua":[],"quica8":[]},{"consequat_9":[],"do9_":[]}],"sit_1":[{"nostrud_eee":[],"tempor_a":[]},{"minime":[],"dolor_1c":[]},{"reprehenderit_6a":[],"non_d":[]},{"incididunt_f":[],"adipisicing83c":[]},{"aliquacf":[],"Ut03":[]}]},{"inb1":[{"velit_2a":[],"non64a":[]},{"enim_575":[],"quis62":[]},{"enim_c6":[],"cupidatatc":[],"eu22":[]},{"exercitation__c":[],"et_8c":[]}],"proident67":[{"nostrud_b5e":[],"aliquab13":[]},{"dolored38":[],"est30e":[],"laboruma":[],"commodo_a":[]}],"utf9c":[{"mollit4":[],"aliquip9b":[]}]},{"Lorem_f1":[{"dolor262":[],"auteb5":[]},{"ipsum8":[],"est13":[]}],"Duis8d":[{"pariatur_a1":[],"et_f2":[]},{"consequat_cf":[],"elit_8":[]},{"dolor11":[],"anim_4dd":[],"consequat_62":[]},{"ullamco_6d":[],"dolor65":[]}]},{"laborumcd":[{"labore_7d":[],"dolor__e5":[]},{"nostrud8c5":[],"ex1":[],"sit_372":[]},{"nisi_be":[],"tempor_592":[]},{"eu36":[],"quis_b96":[],"proident_686":[]}],"occaecat1":[{"enime_":[],"irure_fe":[],"culpa_7":[]}],"dolorb":[{"nonb":[],"sint__0":[]}],"non__":[{"eu2":[],"mollit_3a":[],"Lorem95":[]}]},{"Ut_80":[{"sint_01":[],"reprehenderit0":[],"est45b":[]},{"Excepteur_7":[],"utf6":[],"amet31":[],"quis_5":[],"id0cb":[]},{"proident_b":[],"ipsum_65":[]}],"deseruntc1":[{"minim60d":[],"laboris6d":[]}]}],"pariatur_a_":[{"adipisicing_7":[{"proidenta2f":[],"officia48":[],"reprehenderit_e":[]},{"nisi08":[],"reprehenderitf15":[],"dolore_6":[]},{"proidentdb":[],"veniamc6c":[]},{"nisi_d":[],"commodo_65":[]}],"deserunt76":[{"elit_6b8":[],"est_b1":[],"aute7":[]},{"dolor_f":[],"aliquipb":[]},{"non61_":[],"do_8":[],"laboris8":[]},{"adipisicing_f":[],"pariatur4":[]},{"exercitation_5bc":[],"in_a27":[],"consequatf":[],"pariatur_22a":[]}]}]},{"mollit_6":[{"dolore_2":[{"sed_64":[],"ex0e":[]},{"dolorea8":[],"Duis_93b":[]},{"eu2_":[],"ex_343":[]},{"ullamco67":[],"nisic6":[]}],"ut9":[{"ad91":[],"in_1":[]},{"proident_1_4":[],"cillum10":[]},{"esse6d5":[],"dolord":[]}]},{"reprehenderit4":[{"enim_9":[],"do_716":[]}],"cillum_4":[{"esse_de":[],"utb8":[]},{"cupidatat_7":[],"occaecatb6":[]},{"proident_1e":[],"consequatcf":[]}]}],"cupidatat_65b":[{"amet_7bb":[{"incididunt_b":[],"Lorem16a":[],"consectetur_d53":[],"aliqua__dd":[]},{"elit_55b":[],"idf47":[]},{"nisi_0":[],"exb24":[]},{"quis5":[],"cupidatatcc7":[]}],"consequat_b00":[{"mollit_f":[],"deserunta8":[],"deserunt89":[]},{"laborefc_":[],"eiusmod_4":[]},{"ipsum03":[],"nulla_37":[],"fugiat4":[]}]},{"consequat_0__":[{"qui4ce":[],"dolor_b":[]}],"adipisicing350":[{"velitfe":[],"commodo_bea":[]},{"minim_a94":[],"incididunt00":[]},{"esse_8d":[],"commodo137":[],"enim_45":[]},{"Excepteur__4":[],"nisi1":[],"culpa_5":[],"Ut_e55":[],"laboris_0":[]},{"ea_7":[],"cupidatat_7":[]}]}]},{"mollit8":[{"adbf":[{"labore_3b":[],"amet_0b":[]},{"ea_8f7":[],"in_d6":[]},{"exercitation29":[],"officia_1":[]}],"enim3d":[{"incididunt_5":[],"laborise":[],"sintf0":[]},{"in_ff6":[],"consequat48":[]}]},{"nisi1":[{"veniamcd":[],"proident_471":[]},{"aute_45":[],"ex_897":[]},{"Excepteur2d6":[],"nona63":[],"incididunt_2":[]}],"dolor49":[{"sed_d":[],"in_62":[]},{"magna_ef":[],"non_a":[]},{"id_d":[],"fugiat_d65":[]},{"uta60":[],"officiac4":[]},{"ex_7":[],"infa6":[]}]},{"aute_1":[{"ut_9":[],"dolore_2a":[]},{"anim_a0":[],"velit_e5":[],"officia0":[]},{"dolore16f":[],"irurea":[],"doloree5":[]},{"in_2":[],"Excepteur7":[]}],"veniam00c":[{"nostrud7_":[],"Duis_3":[],"voluptate_1":[]},{"aliqua085":[],"in__9":[]},{"cillum_6f":[],"nulla307":[]},{"ipsum_c":[],"ullamco_0":[]},{"sed5b":[],"aute_8a_":[],"do9_":[]}]},{"dolor_bb":[{"do_e8c":[],"dolor6c":[]}],"pariatur_c94":[{"amet_2":[],"dolore08":[]},{"laborum_ae":[],"quis_":[],"mollit_6a":[]},{"commodo02":[],"laboris_9d":[],"pariatur2":[]}]},{"Loremd":[{"in_a":[],"laboris_f78":[],"consequate6":[]},{"nostrud917":[],"ex0":[]},{"nostrud7cd":[],"incididunt968":[]},{"Excepteurf":[],"amet_c8e":[]}],"ut_3c":[{"cupidatat4":[],"qui8_":[]},{"ad_7f4":[],"reprehenderit6e":[]},{"dolor_5e":[],"dolor_4":[]}]}],"exercitation_f5":[{"laboris_3_":[{"enim2":[],"magna_3_7":[]},{"ipsum03d":[],"exercitation_dc3":[]},{"ipsum_c":[],"in_9":[],"commodo3f8":[],"non_65":[]},{"Ut_60":[],"sitd0e":[]},{"cillum2e0":[],"sit25d":[]}],"velit_ed":[{"adipisicing_fe4":[],"esse_5":[]},{"aute5":[],"esse1":[],"dolor805":[]}]},{"elit_91":[{"laborume7":[],"aliqua_0":[]},{"ut_4":[],"nulla_b":[]},{"nisi_6b":[],"eu610":[]},{"amet_03":[],"veniamae8":[]},{"enim202":[],"cupidatat_d7":[]}],"utf":[{"ea_16":[],"veniam_d9":[]}],"elit04":[{"in_93":[],"in_e":[]},{"non2":[],"nulla_eb7":[]},{"ut__":[],"ullamco_e":[]},{"pariatur_76":[],"irure2d0":[]}]},{"incididunt3":[{"ea_2de":[],"ea9":[]},{"officia_a_":[],"qui9a":[]},{"essea":[],"ine9":[],"voluptate00d":[]},{"incididunt_f6":[],"culpa8_":[]},{"nulla_b":[],"Ut22":[]}],"cillum_6":[{"velitfd6":[],"veniam_8":[],"reprehenderit_4":[],"dolor8e4":[]},{"do30":[],"Duis_cb6":[]},{"est5d":[],"exercitation_ea":[],"tempor_5_d":[]},{"eu209":[],"laborumdf":[],"nostrud2":[],"nisi767":[]},{"cupidatat_092":[],"exercitationd8b":[]}]},{"et_658":[{"ea__":[],"Duis_fb":[]},{"eu_84":[],"in_a":[],"aliqua8":[],"tempor4c":[]},{"nisi_24":[],"mollit89_":[]},{"exercitation_c7":[],"qui_b3_":[],"in_87":[],"ex_b":[],"id_3b5":[]}],"consectetur5":[{"Loremd":[],"aute_ab":[]},{"et_3":[],"ut_6a":[]},{"consequatbc":[],"sunta_":[]}]}]},{"quis_7fc":[{"adipisicing_79":[{"eu3":[],"inea":[]},{"voluptate_38":[],"anim_31":[]},{"ut43f":[],"pariaturc":[]},{"tempor_5d":[],"nostrud_9":[]}],"pariatur_54":[{"velit99d":[],"adc4":[]}]},{"magnae":[{"ea9":[],"exercitation86d":[]},{"officia_9":[],"dolore_c":[]},{"id6":[],"velit70":[]}],"irure_7":[{"amet_d":[],"ex_5":[]},{"amet_6":[],"id_d36":[]},{"sed55_":[],"consequat_2a":[]},{"adipisicingd":[],"est24a":[],"dolore429":[]}]}],"culpa19":[{"minimc21":[{"auteff":[],"sit5":[]},{"ut9f":[],"non_7b":[]},{"sunt_7":[],"aute_3e":[]}],"reprehenderit_5":[{"inaf9":[],"in28a":[],"pariatur4_c":[]},{"Lorem_b70":[],"laboris_97":[]},{"non_a47":[],"Duis_1b":[]}]}]},{"ad_65":[{"velit_e7d":[{"cupidatat_0":[],"veniam_c":[],"animf8e":[],"cupidatat03":[]},{"aute06":[],"sunta":[],"amet0":[]},{"consectetur_820":[],"ea478":[],"consectetur_ae":[],"laborise49":[],"aliqua_9":[]}],"anim0":[{"esse_bb4":[],"nostrud_6":[]},{"officia1":[],"elitb":[],"deserunt_7":[]},{"dof":[],"anim42":[],"qui_21f":[]},{"enime":[],"nullad":[]},{"adc7":[],"Excepteur_3_0":[]}]},{"mollit_f2f":[{"nulla_03c":[],"Duis_a":[]},{"commodoab":[],"officia_":[]},{"estc":[],"cillum7":[]},{"culpa_df8":[],"aliquip99":[]},{"dolor_40":[],"sint120":[],"exea":[],"sunt_0":[]}],"occaecat__":[{"occaecat_944":[],"etc":[]},{"elit8":[],"proident_a5":[]},{"sunt8":[],"exercitation6c6":[],"Ut_4":[],"Excepteurdff":[]}]},{"in2":[{"culpa2":[],"pariatur_226":[]}],"Duisc":[{"in2d":[],"inc00":[]},{"Excepteur_ade":[],"amet_7":[]}],"laboris_7eb":[{"consequat_f":[],"velit_4a":[]}],"proidentee3":[{"proident_4c":[],"fugiat0b":[]},{"in727":[],"et_ac":[],"minim_18":[]},{"labore4":[],"in025":[]},{"exercitation_da":[],"culpa__41":[]},{"id_6_":[],"consectetur_4":[],"dolore_2":[],"sint2":[]}]}],"nisif_":[{"enim_045":[{"nostrud8":[],"consequatea":[]},{"occaecat_71c":[],"qui9_4":[]},{"dolor1":[],"tempor_f":[],"adipisicing_76f":[],"cupidatatd":[]}],"ut_285":[{"ipsum_5c":[],"fugiat1d":[]}]}]}]}]}
