{"cupidatat_15e":40357148,"nisi_9db":44078618.30609307,"nisid":"exercitation nulla magna velit esse","ullamco_3":-17727263.440721467,"nostrud744":"sed","consequat_f0":false,"aliquip_391":22261250,"veniam_405":false,"laborum8":16706005.790649623,"deserunt27":77513749,"dolorb":-4621656,"nisi_630":76830242.82087639,"consectetur_f9e":true,"deserunt1":true,"ut_2":4774645.622123018,"in_d12":3351031.4658664614,"eu7a":false,"deseruntc":"amet qui pariatur","non_aa3":-79007776.2813099,"consecteturb":27641309,"ex463":-86170061,"et__6":34489313,"minim2b8":"enim aliquip incididunt","pariatur09":23362994,"pariatur_e":-78061939.41485922,"eiusmod_0_8":false,"elit_afe":40624347,"sint_4ff":87733231,"do_ce":42098002.91182712,"quis1":32076668,"fugiat_a8b":"mollit eiusmod","sed_d03":2613050.7968137115,"Duis_f02":true,"ut77":10952672.613429159,"deserunt_4":"anim adipisicing veniam nostrud","exe":7895444.687577277,"ea900":"sit nostrud velit","ullamcod":"elit adipisicing minim occaecat proident","enim2e":39090961,"tempor_7f6":"culpa voluptate","ullamcoff":-94498429,"laborum_b68":"nisi occaecat enim","mollit_b":-18888407,"quis_9a_":false,"ex_f78":86268082,"consequat_e55":false,"elit_e":"nulla Duis est elit laboris","ex_148":86300188,"ad8":false,"irure_8":83080430,"minim_e1":90596536,"aute6":-28520668,"Lorem_92":"minim nisi culpa non","aliqua_40":"quis","elit_7fa":61495734.033359826,"cupidatat_11":false,"Excepteur947":false,"sed9":true,"Excepteur600":-25190270,"et5d6":true,"et_a9":70138132,"dolored":false,"Lorem_2cb":89491698,"ea_c":88229999.20462155,"eaf_0":"eu cupidatat ipsum culpa","sed6":false,"animfcf":36853950.3396143,"quis__":false,"sint_2_2":true,"eiusmod_b":-90842760,"esse5_9":-33413547.60271793,"dolorf":false,"ut_c47":-63741415,"quis0":67355747,"magna710":-85592585,"ipsum_f5":"et eu","ametc74":-48012391.79042236,"dolor_6":"commodo incididunt","nulla__0e":true,"euc":"pariatur","tempor9d":"reprehenderit dolor","culpa_":12607391,"sitb":"dolore","ea1":-5235164.259117648,"inef9":false,"labore7":-82014699.32392591,"consectetur_1e":17828126.25129293,"officia03":"proident ex adipisicing","ut_0":54896701.48641467,"anim_950":false,"veniam_b35":-1357357,"veniam4d2":4498471.597859278,"sed7c":96029412,"do_42e":-32853128.801057443,"sed8c":"veniam","Excepteur_22d":-17681965,"eu197":false}
