{"pariatur6e":false,"enim_fb":false,"elit_5d":94498221.58074698,"etc8":62909441,"nulla_df4":25678931,"ut7":true,"consectetur496":-86654435.22966552,"ipsum_d":-85617658,"reprehenderit_59":18780873.803242043,"Lorem_f3c":33900295.715925395,"sed9d":-87320910,"ea_4":true,"voluptate_20c":"magna in","aute9":true,"dolore96":15813241,"dolor81_":515724,"sunt_46":true,"sit0":true,"eu_1b5":-25377306.62636611,"eud":-24081458.119798332,"exercitation_4ef":false,"sint_fc7":87210934.31720504,"sit_a":76700721.66760466,"in_5a0":false,"laborumea":"Ut officia amet dolor","velit_53d":false,"qui66":"quis voluptate","incididunt_16":false,"dolor9":41350669,"officia_19":true,"veniam_32":true,"Excepteur_fa":-44684727,"officiaba":"culpa","in_3b":-40086751.141023934,"dolor_dc":"veniam","minim_c1":"dolor consectetur","ex_0a_":77377686,"incididunta7":-50436651.1998632,"elit07":true,"est3":true,"qui_7":true,"sita9_":52638006,"id_7d0":-55404689,"dolor_4_c":true,"ind":-35326624.823825225,"nostrud_f33":46179568.845425755,"culpa__":42870143,"laboris_4":true,"doa":false,"ad__":4175799,"laborise2a":-89197974.6100394,"ullamco02":-90790963,"idb":3314875.1159519255,"pariaturd5":"enim","adipisicing_bd":"esse minim amet dolore","mollit517":53775617.13900706,"labore5ef":false,"et7b":82199900,"est_5":false,"adipisicing_0e8":65267173,"nisi95":"tempor Lorem proident Ut pariatur","ad68":"commodo","Excepteurf":14125393.101119727,"Excepteur_f":"Excepteur ullamco","esse60":false,"utb":false,"commodo_53e":98238935.57350627,"nulla_5":"incididunt","ad_dd4":74904150,"ex_c2":-16068580.724372745,"irure_4":true,"aute_80a":-12707028,"anim93":false}
