{"type":"image-operation","operation":"publish","_id":"aliquip","organization_id":"ea aliqua dolor","version":"voluptate","body":{"type":"image","version":"0.10.9","promo_items":{"**":{"type":"raw_html","content":"labore pariatur","channels":["Lorem"]},"basic":{"type":"reference","referent":{"id":"in eu","provider":"non","website":"do ut","service":"aliquip"},"_id":"eiusmod","subtype":"aute est","channels":["nostrud cillum officia cupidatat","aliqua nostrud ex pariatur labore","ad non","officia laboris non ut"]}},"licensable":true,"subtitle":"occaecat culpa sit sunt commodo","owner":{"sponsored":true,"Excepteurff":51978427},"height":-18335757,"pitches":{"publication":[{"latest_event":{"time":"voluptate ea incididunt","edition_time":"Duis exercitation","edition_id":"nulla deserunt","status":"","user_id":"in nulla Excepteur","note":"ipsum commodo dolore incididunt"}},{"latest_event":{"edition_id":"laboris anim in eiusmod","time":"dolore labore nulla ullamco sint","note":"ipsum occaecat amet eu","user_id":"id"}}],"platform":[{"creation_event":{"time":"sed nostrud Duis in","user_id":"exercitation","status":"  ","note":"eiusmod occaecat Excepteur fugiat consectetur"},"latest_event":{"note":"proident","status":"gete gj"}},{"creation_event":{"time":"occaecat cupidatat sint adipisicing","user_id":"occaecat consectetur veniam in"}}]},"comments":{"moderation_required":false,"allow_comments":true,"display_comments":true},"_id":"esse exercitation velit culpa","subheadlines":{"basic":"dolor commodo eiusmod nisi in","`":"culpa consequat enim laboris"},"distributor":{"reference_id":"esse quis dolore dolore","mode":"reference"},"contributors":{"created_by":{"display_name":"ipsum ut in cupidatat","user_id":"proident ut"}},"focal_point":{"x":45230991.59235045,"y":-47395458.32976266}},"priority":"ingestion","date":"sunt reprehenderit irure","display_date":"incididunt amet ipsum eu exercitation","app_name":"officia ullamco","publish_date":"eiusmod anim","submit_date":"Ut aliquip"}
