objectId,nbErrors,errorsTypes,errorsMessages
existsName1,1,not,$: should not be valid to the schema "not" : {"propertyNames":{"not":{"const":"0"}}}
oneof6,1,oneOf,$: should be valid to one and only one of the schemas but more than one schemas {{"not":{"required":["x"]}}{"dependencies":{"x":false}}} are valid 
oneof12,1,oneOf,$: should be valid to one and only one of the schemas but more than one schemas {{"not":{"required":["error"]}}{"properties":{"error":false}}} are valid 
test,1,type,$[2]: object found     array expected
notnames1,1,not,$: should not be valid to the schema "not" : {"propertyNames":{"not":{"const":"0"}}}
dep1,1,dependencies,$: has an error with dependencies {a=[b     c]     b=[d]}
oneof10,1,oneOf,$: should be valid to one and only one of the schemas but more than one schemas {{"if":{"required":"x"}    "then":{"not":{"required":["error"]}}}{"dependencies":{"x":{"not":{"required":["error"]}}}}} are valid 
string2,2,"pattern,pattern",$: does not match the regex pattern ^([a-z][0-9])+$$: does not match the regex pattern ^((c1d3g3).{4    8}){6    6}
key1,2,"minimum,multipleOf",$: must have a minimum value of 9$: must be multiple of 5.0
key2,3,"minimum,multipleOf,not",$: must have a minimum value of 9    $: must be multiple of 5.0$: should not be valid to the schema "not" : {"multipleOf":2}
dep2,3,"dependencies,required,required",$: has an error with dependencies {b=[d]}    $.c1: is missing but it is required$.c2: is missing but it is required
oneof13,1,oneOf,$: should be valid to one and only one of the schemas but more than one schemas {{"not":{"required":["a"    "b"    "c"]}}{"allOf":[{"not":{"required":["a"]}}    {"not":{"required":["b"]}}    {"not":{"required":["c"]}}]}} are valid 
dep3,1,not,$: should not be valid to the schema "not" : {"required":["a"]}
pnmp10,1,not,$: should not be valid to the schema "not" : {"anyOf":[{"propertyNames":{"not":{"enum":["1"    "3"]}}}    {"propertyNames":{"not":{"enum":["2"    "3"]}}}    {"propertyNames":{"not":{"enum":["1"    "3"]}}}]}
pnmp1,1,not,$: should not be valid to the schema "not" : {"anyOf":[{"propertyNames":{"not":{"enum":["1"    "3"]}}}    {"propertyNames":{"not":{"enum":["2"    "3"]}}}    {"propertyNames":{"not":{"enum":["1"    "3"]}}}]}
key3,1,enum,$: does not have a value in the enumeration [1     2     5     7     8     9     10]
allOfPProp2,8,"false,false,false,false,additionalProperties,additionalProperties,additionalProperties,not",Boolean schema false is not valid    Boolean schema false is not valid    Boolean schema false is not valid    Boolean schema false is not valid    $.;: is not defined in the schema and the schema does not allow additional properties    $.e: is not defined in the schema and the schema does not allow additional properties    $.\^]: is not defined in the schema and the schema does not allow additional properties$: should not be valid to the schema "not" : {"patternProperties":{"b":false}}
oneOf10,1,oneOf,$: should be valid to one and only one of the schemas but more than one schemas {{"$ref":"#/definitions/x1"}{"$ref":"#/definitions/x2"}{"$ref":"#/definitions/x3"}} are valid 
notnames2,1,not,$: should not be valid to the schema "not" : {"propertyNames":{"not":{"const":"a4d"}}}
allOfPProp1,8,"false,false,false,false,additionalProperties,additionalProperties,additionalProperties,additionalProperties",Boolean schema false is not valid    Boolean schema false is not valid    Boolean schema false is not valid    Boolean schema false is not valid    $.wRy: is not defined in the schema and the schema does not allow additional properties    $.b: is not defined in the schema and the schema does not allow additional properties    $.~X: is not defined in the schema and the schema does not allow additional properties$.a: is not defined in the schema and the schema does not allow additional properties
oneOf5,1,oneOf,$: should be valid to one and only one of the schemas but more than one schemas {{"$ref":"#/definitions/x1"}{"$ref":"#/definitions/x2"}{"$ref":"#/definitions/x3"}} are valid 
num2,1,exclusiveMaximum,$: must have a exclusive maximum value of 1000
itemscontains2,10,"contains,contains,contains,contains,contains,contains,contains,contains,contains,contains",$[0]: does not contain an element that passes these validations: {"type":"number"    "multipleOf":11    "minimum":100}    $[1]: does not contain an element that passes these validations: {"type":"number"    "multipleOf":11    "minimum":100}    $[2]: does not contain an element that passes these validations: {"type":"number"    "multipleOf":11    "minimum":100}    $[3]: does not contain an element that passes these validations: {"type":"number"    "multipleOf":11    "minimum":100}    $[4]: does not contain an element that passes these validations: {"type":"number"    "multipleOf":11    "minimum":100}    $[0]: does not contain an element that passes these validations: {"type":"number"    "multipleOf":3}    $[1]: does not contain an element that passes these validations: {"type":"number"    "multipleOf":3}    $[2]: does not contain an element that passes these validations: {"type":"number"    "multipleOf":3}    $[3]: does not contain an element that passes these validations: {"type":"number"    "multipleOf":3}$[4]: does not contain an element that passes these validations: {"type":"number"    "multipleOf":3}
dep5,1,not,$: should not be valid to the schema "not" : {"required":["a"]}
allOfPProp3,9,"false,false,false,false,additionalProperties,additionalProperties,additionalProperties,additionalProperties,not",Boolean schema false is not valid    Boolean schema false is not valid    Boolean schema false is not valid    Boolean schema false is not valid    $.&Sy: is not defined in the schema and the schema does not allow additional properties    $.b: is not defined in the schema and the schema does not allow additional properties    $.r: is not defined in the schema and the schema does not allow additional properties    $.a: is not defined in the schema and the schema does not allow additional properties$: should not be valid to the schema "not" : {"patternProperties":{"c":false}}
num1,2,"not,type",$: should not be valid to the schema "not" : {"allOf":[{"multipleOf":9}    {"multipleOf":5}    {"multipleOf":3}    {"multipleOf":2}    {"multipleOf":7}]}$: null found     integer expected
oneof1,1,oneOf,$: should be valid to one and only one of the schemas but more than one schemas {{"allOf":[{"contains":{"type":"integer"    "maximum":0}}    {"contains":{"type":"integer"    "minimum":0}}    {"maxItems":2}]}{"anyOf":[{"items":[{"type":"integer"    "maximum":0}    {"type":"integer"    "minimum":0}]}    {"items":[{"type":"integer"    "minimum":0}    {"type":"integer"    "maximum":0}]}]}} are valid 
num3,2,"not,type",$: should not be valid to the schema "not" : {"anyOf":[{"multipleOf":2}    {"multipleOf":13}    {"multipleOf":5}    {"multipleOf":7}    {"multipleOf":11}    {"multipleOf":37}]}$: string found     integer expected
eqmulok1,1,not,$: should not be valid to the schema "not" : {"contains":{"not":{"minimum":100    "maximum":100}}}
oneof2,1,oneOf,$: should be valid to one and only one of the schemas but more than one schemas {{"allOf":[{"contains":{"type":"integer"    "maximum":0}}    {"contains":{"type":"integer"    "minimum":0}}]    "maxItems":2}{"anyOf":[{"items":[{"type":"integer"    "maximum":0}    {"type":"integer"    "minimum":0}]}    {"items":[{"type":"integer"    "minimum":0}    {"type":"integer"    "maximum":0}]}]    "minItems":2}} are valid 
key8,1,oneOf,$: should be valid to one and only one of the schemas but more than one schemas {{"$ref":"#/definitions/x"}{"$ref":"#/definitions/y"}{"$ref":"#/definitions/z"}} are valid 
arr1,3,"contains,contains,not",$: does not contain an element that passes these validations: {"type":"null"}    $: does not contain an element that passes these validations: {"type":"boolean"}$: should not be valid to the schema "not" : {"items":[true    true    true    true    {"enum":[true    false    null]}]}
key7,2,"exclusiveMaximum,minItems",$[0]: must have a exclusive maximum value of 4$: there must be a minimum of 2 items in the array
string3,2,"pattern,pattern",$: does not match the regex pattern ^([a-z][0-9])+$$: does not match the regex pattern ((c1d3g3).{4    8}){6    6}
length,1,type,$: number found     string expected
object4,3,"not,not,propertyNames",$: should not be valid to the schema "not" : {"propertyNames":{"not":{"pattern":"a1"}}}    $: should not be valid to the schema "not" : {"propertyNames":{"not":{"pattern":"b2"}}}Property name $.velitd24 is not valid for validation: does not match the regex pattern ^....$
key6,1,minItems,$: there must be a minimum of 2 items in the array
oneof3,1,oneOf,$: should be valid to one and only one of the schemas but more than one schemas {{"allOf":[{"contains":{"type":"integer"    "exclusiveMaximum":0}}    {"contains":{"type":"integer"    "minimum":0}}]    "maxItems":2}{"anyOf":[{"items":[{"type":"integer"    "exclusiveMaximum":0}    {"type":"integer"    "minimum":0}]}    {"items":[{"type":"integer"    "minimum":0}    {"type":"integer"    "exclusiveMaximum":0}]}]    "minItems":2}} are valid 
allIt1,8,"false,false,false,additionalProperties,additionalProperties,additionalProperties,additionalProperties,additionalProperties",Boolean schema false is not valid    Boolean schema false is not valid    Boolean schema false is not valid    $[0].in45: is not defined in the schema and the schema does not allow additional properties    $[0].:    : is not defined in the schema and the schema does not allow additional properties    $[0].OD: is not defined in the schema and the schema does not allow additional properties    $[0].nisi8e: is not defined in the schema and the schema does not allow additional properties$[0].1ij: is not defined in the schema and the schema does not allow additional properties
oneOf4,1,oneOf,$: should be valid to one and only one of the schemas but more than one schemas {{"$ref":"#/definitions/x1"}{"$ref":"#/definitions/x2"}{"$ref":"#/definitions/x3"}} are valid 
key4,2,"enum,minimum",$: does not have a value in the enumeration [1     2     5     7     9     10]$: must have a minimum value of 6
string4,2,"pattern,pattern",$: does not match the regex pattern ^([a-z][0-9])+$$: does not match the regex pattern ((c1d3g3).{4    8}){6    6}
dep6,1,not,$: should not be valid to the schema "not" : {"required":["a"]}
allOfPProp4,3,"not,not,not",$: should not be valid to the schema "not" : {"patternProperties":{"c":false}}    $: should not be valid to the schema "not" : {"patternProperties":{"d":false}}$: should not be valid to the schema "not" : {"patternProperties":{"f":false}}
key10,1,minItems,$: there must be a minimum of 1 items in the array
allIt2,5,"false,false,additionalProperties,additionalProperties,additionalProperties",Boolean schema false is not valid    Boolean schema false is not valid    $[0].ex1: is not defined in the schema and the schema does not allow additional properties    $[0].QQU: is not defined in the schema and the schema does not allow additional properties$[0].nisi11: is not defined in the schema and the schema does not allow additional properties
key9,2,"minItems,oneOf",$: there must be a minimum of 2 items in the array$: should be valid to one and only one of the schemas but more than one schemas {{"$ref":"#/definitions/x"}{"$ref":"#/definitions/y"}{"$ref":"#/definitions/z"}} are valid 
object3,2,"not,not",$: should not be valid to the schema "not" : {"patternProperties":{"a1":{"not":{"type":"string"    "pattern":"A"}}}}$: should not be valid to the schema "not" : {"patternProperties":{"b2":{"not":{"type":"string"    "pattern":"B"}}}}
object1,68,"not,not,propertyNames,propertyNames,propertyNames,propertyNames,propertyNames,propertyNames,propertyNames,propertyNames,propertyNames,propertyNames,propertyNames,propertyNames,propertyNames,propertyNames,propertyNames,propertyNames,propertyNames,propertyNames,propertyNames,propertyNames,propertyNames,propertyNames,propertyNames,propertyNames,propertyNames,propertyNames,propertyNames,propertyNames,propertyNames,propertyNames,propertyNames,propertyNames,propertyNames,propertyNames,propertyNames,propertyNames,propertyNames,propertyNames,propertyNames,propertyNames,propertyNames,propertyNames,propertyNames,propertyNames,propertyNames,propertyNames,propertyNames,propertyNames,propertyNames,propertyNames,propertyNames,propertyNames,propertyNames,propertyNames,propertyNames,propertyNames,propertyNames,propertyNames,propertyNames,propertyNames,propertyNames,propertyNames,propertyNames,propertyNames,propertyNames,propertyNames",$: should not be valid to the schema "not" : {"patternProperties":{"a":{"not":{"type":"string"    "pattern":"A"}}}}    $: should not be valid to the schema "not" : {"patternProperties":{"b":{"not":{"type":"string"    "pattern":"B"}}}}    Property name $.pariatur6e is not valid for validation: does not match the regex pattern ^....$    Property name $.enim_fb is not valid for validation: does not match the regex pattern ^....$    Property name $.elit_5d is not valid for validation: does not match the regex pattern ^....$    Property name $.nulla_df4 is not valid for validation: does not match the regex pattern ^....$    Property name $.ut7 is not valid for validation: does not match the regex pattern ^....$    Property name $.consectetur496 is not valid for validation: does not match the regex pattern ^....$    Property name $.ipsum_d is not valid for validation: does not match the regex pattern ^....$    Property name $.reprehenderit_59 is not valid for validation: does not match the regex pattern ^....$    Property name $.Lorem_f3c is not valid for validation: does not match the regex pattern ^....$    Property name $.sed9d is not valid for validation: does not match the regex pattern ^....$    Property name $.voluptate_20c is not valid for validation: does not match the regex pattern ^....$    Property name $.aute9 is not valid for validation: does not match the regex pattern ^....$    Property name $.dolore96 is not valid for validation: does not match the regex pattern ^....$    Property name $.dolor81_ is not valid for validation: does not match the regex pattern ^....$    Property name $.sunt_46 is not valid for validation: does not match the regex pattern ^....$    Property name $.eu_1b5 is not valid for validation: does not match the regex pattern ^....$    Property name $.eud is not valid for validation: does not match the regex pattern ^....$    Property name $.exercitation_4ef is not valid for validation: does not match the regex pattern ^....$    Property name $.sint_fc7 is not valid for validation: does not match the regex pattern ^....$    Property name $.sit_a is not valid for validation: does not match the regex pattern ^....$    Property name $.in_5a0 is not valid for validation: does not match the regex pattern ^....$    Property name $.laborumea is not valid for validation: does not match the regex pattern ^....$    Property name $.velit_53d is not valid for validation: does not match the regex pattern ^....$    Property name $.qui66 is not valid for validation: does not match the regex pattern ^....$    Property name $.incididunt_16 is not valid for validation: does not match the regex pattern ^....$    Property name $.dolor9 is not valid for validation: does not match the regex pattern ^....$    Property name $.officia_19 is not valid for validation: does not match the regex pattern ^....$    Property name $.veniam_32 is not valid for validation: does not match the regex pattern ^....$    Property name $.Excepteur_fa is not valid for validation: does not match the regex pattern ^....$    Property name $.officiaba is not valid for validation: does not match the regex pattern ^....$    Property name $.in_3b is not valid for validation: does not match the regex pattern ^....$    Property name $.dolor_dc is not valid for validation: does not match the regex pattern ^....$    Property name $.minim_c1 is not valid for validation: does not match the regex pattern ^....$    Property name $.ex_0a_ is not valid for validation: does not match the regex pattern ^....$    Property name $.incididunta7 is not valid for validation: does not match the regex pattern ^....$    Property name $.elit07 is not valid for validation: does not match the regex pattern ^....$    Property name $.qui_7 is not valid for validation: does not match the regex pattern ^....$    Property name $.sita9_ is not valid for validation: does not match the regex pattern ^....$    Property name $.id_7d0 is not valid for validation: does not match the regex pattern ^....$    Property name $.dolor_4_c is not valid for validation: does not match the regex pattern ^....$    Property name $.ind is not valid for validation: does not match the regex pattern ^....$    Property name $.nostrud_f33 is not valid for validation: does not match the regex pattern ^....$    Property name $.culpa__ is not valid for validation: does not match the regex pattern ^....$    Property name $.laboris_4 is not valid for validation: does not match the regex pattern ^....$    Property name $.doa is not valid for validation: does not match the regex pattern ^....$    Property name $.laborise2a is not valid for validation: does not match the regex pattern ^....$    Property name $.ullamco02 is not valid for validation: does not match the regex pattern ^....$    Property name $.idb is not valid for validation: does not match the regex pattern ^....$    Property name $.pariaturd5 is not valid for validation: does not match the regex pattern ^....$    Property name $.adipisicing_bd is not valid for validation: does not match the regex pattern ^....$    Property name $.mollit517 is not valid for validation: does not match the regex pattern ^....$    Property name $.labore5ef is not valid for validation: does not match the regex pattern ^....$    Property name $.est_5 is not valid for validation: does not match the regex pattern ^....$    Property name $.adipisicing_0e8 is not valid for validation: does not match the regex pattern ^....$    Property name $.nisi95 is not valid for validation: does not match the regex pattern ^....$    Property name $.Excepteurf is not valid for validation: does not match the regex pattern ^....$    Property name $.Excepteur_f is not valid for validation: does not match the regex pattern ^....$    Property name $.esse60 is not valid for validation: does not match the regex pattern ^....$    Property name $.utb is not valid for validation: does not match the regex pattern ^....$    Property name $.commodo_53e is not valid for validation: does not match the regex pattern ^....$    Property name $.nulla_5 is not valid for validation: does not match the regex pattern ^....$    Property name $.ad_dd4 is not valid for validation: does not match the regex pattern ^....$    Property name $.ex_c2 is not valid for validation: does not match the regex pattern ^....$    Property name $.irure_4 is not valid for validation: does not match the regex pattern ^....$    Property name $.aute_80a is not valid for validation: does not match the regex pattern ^....$Property name $.anim93 is not valid for validation: does not match the regex pattern ^....$
object2,95,"not,not,propertyNames,propertyNames,propertyNames,propertyNames,propertyNames,propertyNames,propertyNames,propertyNames,propertyNames,propertyNames,propertyNames,propertyNames,propertyNames,propertyNames,propertyNames,propertyNames,propertyNames,propertyNames,propertyNames,propertyNames,propertyNames,propertyNames,propertyNames,propertyNames,propertyNames,propertyNames,propertyNames,propertyNames,propertyNames,propertyNames,propertyNames,propertyNames,propertyNames,propertyNames,propertyNames,propertyNames,propertyNames,propertyNames,propertyNames,propertyNames,propertyNames,propertyNames,propertyNames,propertyNames,propertyNames,propertyNames,propertyNames,propertyNames,propertyNames,propertyNames,propertyNames,propertyNames,propertyNames,propertyNames,propertyNames,propertyNames,propertyNames,propertyNames,propertyNames,propertyNames,propertyNames,propertyNames,propertyNames,propertyNames,propertyNames,propertyNames,propertyNames,propertyNames,propertyNames,propertyNames,propertyNames,propertyNames,propertyNames,propertyNames,propertyNames,propertyNames,propertyNames,propertyNames,propertyNames,propertyNames,propertyNames,propertyNames,propertyNames,propertyNames,propertyNames,propertyNames,propertyNames,propertyNames,propertyNames,propertyNames,propertyNames,propertyNames,propertyNames",$: should not be valid to the schema "not" : {"patternProperties":{"ab":{"not":{"type":"string"    "pattern":"A"}}}}    $: should not be valid to the schema "not" : {"patternProperties":{"cd":{"not":{"type":"string"    "pattern":"C"}}}}    Property name $.cupidatat_15e is not valid for validation: does not match the regex pattern ^...$    Property name $.nisi_9db is not valid for validation: does not match the regex pattern ^...$    Property name $.nisid is not valid for validation: does not match the regex pattern ^...$    Property name $.ullamco_3 is not valid for validation: does not match the regex pattern ^...$    Property name $.nostrud744 is not valid for validation: does not match the regex pattern ^...$    Property name $.consequat_f0 is not valid for validation: does not match the regex pattern ^...$    Property name $.aliquip_391 is not valid for validation: does not match the regex pattern ^...$    Property name $.veniam_405 is not valid for validation: does not match the regex pattern ^...$    Property name $.laborum8 is not valid for validation: does not match the regex pattern ^...$    Property name $.deserunt27 is not valid for validation: does not match the regex pattern ^...$    Property name $.dolorb is not valid for validation: does not match the regex pattern ^...$    Property name $.nisi_630 is not valid for validation: does not match the regex pattern ^...$    Property name $.consectetur_f9e is not valid for validation: does not match the regex pattern ^...$    Property name $.deserunt1 is not valid for validation: does not match the regex pattern ^...$    Property name $.ut_2 is not valid for validation: does not match the regex pattern ^...$    Property name $.in_d12 is not valid for validation: does not match the regex pattern ^...$    Property name $.eu7a is not valid for validation: does not match the regex pattern ^...$    Property name $.deseruntc is not valid for validation: does not match the regex pattern ^...$    Property name $.non_aa3 is not valid for validation: does not match the regex pattern ^...$    Property name $.consecteturb is not valid for validation: does not match the regex pattern ^...$    Property name $.ex463 is not valid for validation: does not match the regex pattern ^...$    Property name $.et__6 is not valid for validation: does not match the regex pattern ^...$    Property name $.minim2b8 is not valid for validation: does not match the regex pattern ^...$    Property name $.pariatur09 is not valid for validation: does not match the regex pattern ^...$    Property name $.pariatur_e is not valid for validation: does not match the regex pattern ^...$    Property name $.eiusmod_0_8 is not valid for validation: does not match the regex pattern ^...$    Property name $.elit_afe is not valid for validation: does not match the regex pattern ^...$    Property name $.sint_4ff is not valid for validation: does not match the regex pattern ^...$    Property name $.do_ce is not valid for validation: does not match the regex pattern ^...$    Property name $.quis1 is not valid for validation: does not match the regex pattern ^...$    Property name $.fugiat_a8b is not valid for validation: does not match the regex pattern ^...$    Property name $.sed_d03 is not valid for validation: does not match the regex pattern ^...$    Property name $.Duis_f02 is not valid for validation: does not match the regex pattern ^...$    Property name $.ut77 is not valid for validation: does not match the regex pattern ^...$    Property name $.deserunt_4 is not valid for validation: does not match the regex pattern ^...$    Property name $.ea900 is not valid for validation: does not match the regex pattern ^...$    Property name $.ullamcod is not valid for validation: does not match the regex pattern ^...$    Property name $.enim2e is not valid for validation: does not match the regex pattern ^...$    Property name $.tempor_7f6 is not valid for validation: does not match the regex pattern ^...$    Property name $.ullamcoff is not valid for validation: does not match the regex pattern ^...$    Property name $.laborum_b68 is not valid for validation: does not match the regex pattern ^...$    Property name $.mollit_b is not valid for validation: does not match the regex pattern ^...$    Property name $.quis_9a_ is not valid for validation: does not match the regex pattern ^...$    Property name $.ex_f78 is not valid for validation: does not match the regex pattern ^...$    Property name $.consequat_e55 is not valid for validation: does not match the regex pattern ^...$    Property name $.elit_e is not valid for validation: does not match the regex pattern ^...$    Property name $.ex_148 is not valid for validation: does not match the regex pattern ^...$    Property name $.irure_8 is not valid for validation: does not match the regex pattern ^...$    Property name $.minim_e1 is not valid for validation: does not match the regex pattern ^...$    Property name $.aute6 is not valid for validation: does not match the regex pattern ^...$    Property name $.Lorem_92 is not valid for validation: does not match the regex pattern ^...$    Property name $.aliqua_40 is not valid for validation: does not match the regex pattern ^...$    Property name $.elit_7fa is not valid for validation: does not match the regex pattern ^...$    Property name $.cupidatat_11 is not valid for validation: does not match the regex pattern ^...$    Property name $.Excepteur947 is not valid for validation: does not match the regex pattern ^...$    Property name $.sed9 is not valid for validation: does not match the regex pattern ^...$    Property name $.Excepteur600 is not valid for validation: does not match the regex pattern ^...$    Property name $.et5d6 is not valid for validation: does not match the regex pattern ^...$    Property name $.et_a9 is not valid for validation: does not match the regex pattern ^...$    Property name $.dolored is not valid for validation: does not match the regex pattern ^...$    Property name $.Lorem_2cb is not valid for validation: does not match the regex pattern ^...$    Property name $.ea_c is not valid for validation: does not match the regex pattern ^...$    Property name $.eaf_0 is not valid for validation: does not match the regex pattern ^...$    Property name $.sed6 is not valid for validation: does not match the regex pattern ^...$    Property name $.animfcf is not valid for validation: does not match the regex pattern ^...$    Property name $.quis__ is not valid for validation: does not match the regex pattern ^...$    Property name $.sint_2_2 is not valid for validation: does not match the regex pattern ^...$    Property name $.eiusmod_b is not valid for validation: does not match the regex pattern ^...$    Property name $.esse5_9 is not valid for validation: does not match the regex pattern ^...$    Property name $.dolorf is not valid for validation: does not match the regex pattern ^...$    Property name $.ut_c47 is not valid for validation: does not match the regex pattern ^...$    Property name $.quis0 is not valid for validation: does not match the regex pattern ^...$    Property name $.magna710 is not valid for validation: does not match the regex pattern ^...$    Property name $.ipsum_f5 is not valid for validation: does not match the regex pattern ^...$    Property name $.ametc74 is not valid for validation: does not match the regex pattern ^...$    Property name $.dolor_6 is not valid for validation: does not match the regex pattern ^...$    Property name $.nulla__0e is not valid for validation: does not match the regex pattern ^...$    Property name $.tempor9d is not valid for validation: does not match the regex pattern ^...$    Property name $.culpa_ is not valid for validation: does not match the regex pattern ^...$    Property name $.sitb is not valid for validation: does not match the regex pattern ^...$    Property name $.inef9 is not valid for validation: does not match the regex pattern ^...$    Property name $.labore7 is not valid for validation: does not match the regex pattern ^...$    Property name $.consectetur_1e is not valid for validation: does not match the regex pattern ^...$    Property name $.officia03 is not valid for validation: does not match the regex pattern ^...$    Property name $.ut_0 is not valid for validation: does not match the regex pattern ^...$    Property name $.anim_950 is not valid for validation: does not match the regex pattern ^...$    Property name $.veniam_b35 is not valid for validation: does not match the regex pattern ^...$    Property name $.veniam4d2 is not valid for validation: does not match the regex pattern ^...$    Property name $.sed7c is not valid for validation: does not match the regex pattern ^...$    Property name $.do_42e is not valid for validation: does not match the regex pattern ^...$    Property name $.sed8c is not valid for validation: does not match the regex pattern ^...$    Property name $.Excepteur_22d is not valid for validation: does not match the regex pattern ^...$Property name $.eu197 is not valid for validation: does not match the regex pattern ^...$
oneofanyofitc2,1,oneOf,$: should be valid to one and only one of the schemas but more than one schemas {{"anyOf":[{"items":{"$ref":"#/definitions/inside1"}}    {"contains":{"$ref":"#/definitions/inside1"}}]}{"anyOf":[{"items":{"$ref":"#/definitions/inside2"}}    {"contains":{"$ref":"#/definitions/inside1"}}]}} are valid 
oneofitemscontains1,5,"contains,contains,contains,contains,contains",$[0]: does not contain an element that passes these validations: {"type":"number"    "multipleOf":11    "minimum":100}    $[1]: does not contain an element that passes these validations: {"type":"number"    "multipleOf":11    "minimum":100}    $[2]: does not contain an element that passes these validations: {"type":"number"    "multipleOf":11    "minimum":100}    $[3]: does not contain an element that passes these validations: {"type":"number"    "multipleOf":11    "minimum":100}$: does not contain an element that passes these validations: {"$ref":"#/definitions/inside1"}
oneofanyofitc1,1,oneOf,$: should be valid to one and only one of the schemas but more than one schemas {{"anyOf":[{"items":{"$ref":"#/definitions/inside1"}}    {"contains":{"$ref":"#/definitions/inside2"}}]}{"anyOf":[{"items":{"$ref":"#/definitions/inside2"}}    {"contains":{"$ref":"#/definitions/inside1"}}]}} are valid 
oneofitemscontains2,2,"contains,contains",$[0]: does not contain an element that passes these validations: {"type":"number"    "multipleOf":11    "minimum":100}$: does not contain an element that passes these validations: {"$ref":"#/definitions/inside1"}
pp3,3,"minItems,type,false",$.c: there must be a minimum of 2 items in the array    $.additionalProperties: boolean found     array expectedBoolean schema false is not valid
string5,3,"pattern,pattern,pattern",$: does not match the regex pattern ^([a-z][0-9])+$    $: does not match the regex pattern ((c1d3g3).{4    8}){6    6}$: does not match the regex pattern (t|8){10    10}..$
dep8,1,required,$.e: is missing but it is required
num4,4,"multipleOf,multipleOf,multipleOf,exclusiveMaximum",$: must be multiple of 6.75    $: must be multiple of 19.0    $: must be multiple of 9.5$: must have a exclusive maximum value of -10000
oneofanyofitc3,1,oneOf,$: should be valid to one and only one of the schemas but more than one schemas {{"anyOf":[{"items":{"$ref":"#/definitions/inside1"}}    {"contains":{"$ref":"#/definitions/inside2"}}]}{"anyOf":[{"items":{"$ref":"#/definitions/inside2"}}    {"contains":{"$ref":"#/definitions/inside1"}}]}} are valid 
object5,3,"not,not,not",$: should not be valid to the schema "not" : {"propertyNames":{"not":{"pattern":"a1"}}}    $: should not be valid to the schema "not" : {"propertyNames":{"not":{"pattern":"b2"}}}$: should not be valid to the schema "not" : {"propertyNames":{"not":{"pattern":"2a"}}}
notnames6,2,"not,not",$: should not be valid to the schema "not" : {"propertyNames":{"not":{"pattern":"4"}}}$: should not be valid to the schema "not" : {"propertyNames":{"not":{"pattern":"\\w3"}}}
allOfPProp5,3,"not,not,not",$: should not be valid to the schema "not" : {"patternProperties":{"^cde":false}}    $: should not be valid to the schema "not" : {"patternProperties":{"111$":false}}$: should not be valid to the schema "not" : {"patternProperties":{"^2345":false}}
allIt10,3,"type,multipleOf,not",$[1]: object found     array expected    $[2][0]: must be multiple of 22.0$: should not be valid to the schema "not" : {"items":{"items":{"not":{"maximum":-1000}}}}
allOfPProp6,3,"not,not,not",$: should not be valid to the schema "not" : {"patternProperties":{"^cde":false}}    $: should not be valid to the schema "not" : {"patternProperties":{"^111$":false}}$: should not be valid to the schema "not" : {"patternProperties":{"^2345":false}}
allIt9,10,"type,multipleOf,multipleOf,multipleOf,multipleOf,multipleOf,multipleOf,multipleOf,multipleOf,not",$[0]: object found     array expected    $[1][0]: must be multiple of 22.0    $[1][1]: must be multiple of 22.0    $[1][1]: must be multiple of 3.0    $[2][0]: must be multiple of 3.0    $[2][3]: must be multiple of 3.0    $[3][1]: must be multiple of 3.0    $[3][3]: must be multiple of 3.0    $[3][4]: must be multiple of 3.0$: should not be valid to the schema "not" : {"items":{"items":{"not":{"maximum":-1000}}}}
eqmulok2,1,not,$: should not be valid to the schema "not" : {"contains":{"not":{"minimum":100    "maximum":100}}}
allIt6,4,"additionalProperties,additionalProperties,additionalProperties,additionalProperties",$[1].sed_b1: is not defined in the schema and the schema does not allow additional properties    $[1].adipisicing2e5: is not defined in the schema and the schema does not allow additional properties    $[1].aliqua9: is not defined in the schema and the schema does not allow additional properties$[1].ullamco_5a3: is not defined in the schema and the schema does not allow additional properties
allIt8,9,"multipleOf,additionalProperties,additionalProperties,additionalProperties,additionalProperties,additionalProperties,additionalProperties,additionalProperties,not",$[3].a: must be multiple of 10.0    $[1].enim62b: is not defined in the schema and the schema does not allow additional properties    $[1].Excepteur_31: is not defined in the schema and the schema does not allow additional properties    $[2].aliqua91f: is not defined in the schema and the schema does not allow additional properties    $[2].dolorf: is not defined in the schema and the schema does not allow additional properties    $[2].occaecat_d: is not defined in the schema and the schema does not allow additional properties    $[3].a: is not defined in the schema and the schema does not allow additional properties    $[4].minim_2: is not defined in the schema and the schema does not allow additional properties$: should not be valid to the schema "not" : {"items":{"patternProperties":{"^a000":false}}}
object6,5,"not,not,not,not,propertyNames",$: should not be valid to the schema "not" : {"propertyNames":{"not":{"pattern":"a"}}}    $: should not be valid to the schema "not" : {"propertyNames":{"not":{"pattern":"b"}}}    $: should not be valid to the schema "not" : {"propertyNames":{"not":{"pattern":"c"}}}    $: should not be valid to the schema "not" : {"propertyNames":{"not":{"pattern":"d"}}}Property name $.et23_ is not valid for validation: does not match the regex pattern ^..$
allOfPProp7,3,"not,not,not",$: should not be valid to the schema "not" : {"patternProperties":{"^cde":false}}    $: should not be valid to the schema "not" : {"patternProperties":{"^111$":false}}$: should not be valid to the schema "not" : {"patternProperties":{"^2345":false}}
allOfPProp8,3,"not,not,not",$: should not be valid to the schema "not" : {"patternProperties":{"^cdeb":false}}    $: should not be valid to the schema "not" : {"patternProperties":{"^11":{"not":{"multipleOf":7}}}}$: should not be valid to the schema "not" : {"patternProperties":{"^2345":false}}
oneofanyofitc5,1,oneOf,$: should be valid to one and only one of the schemas but more than one schemas {{"anyOf":[{"items":{"$ref":"#/definitions/inside1"}}    {"contains":{"$ref":"#/definitions/inside2"}}]}{"anyOf":[{"items":{"$ref":"#/definitions/inside2"}}    {"contains":{"$ref":"#/definitions/inside1"}}]}} are valid 
oneofanyofitc8,1,oneOf,$: should be valid to one and only one of the schemas but more than one schemas {{"anyOf":[{"items":{"$ref":"#/definitions/inside1"}}    {"contains":{"$ref":"#/definitions/inside2"}}]}{"anyOf":[{"items":{"$ref":"#/definitions/inside2"}}    {"contains":{"$ref":"#/definitions/inside1"}}]}} are valid 
oneofitemscontains7,7,"contains,contains,contains,contains,contains,contains,contains",$[1][0]: does not contain an element that passes these validations: {"type":"number"    "multipleOf":11    "minimum":100}    $[1][1]: does not contain an element that passes these validations: {"type":"number"    "multipleOf":11    "minimum":100}    $[1][2]: does not contain an element that passes these validations: {"type":"number"    "multipleOf":11    "minimum":100}    $[1][3]: does not contain an element that passes these validations: {"type":"number"    "multipleOf":11    "minimum":100}    $[0]: does not contain an element that passes these validations: {"$ref":"#/definitions/inside22"}    $[2]: does not contain an element that passes these validations: {"$ref":"#/definitions/inside22"}$[3]: does not contain an element that passes these validations: {"$ref":"#/definitions/inside22"}
oneofanyofitc7,1,oneOf,$: should be valid to one and only one of the schemas but more than one schemas {{"anyOf":[{"items":{"$ref":"#/definitions/inside1"}}    {"contains":{"$ref":"#/definitions/inside2"}}]}{"anyOf":[{"items":{"$ref":"#/definitions/inside2"}}    {"contains":{"$ref":"#/definitions/inside1"}}]}} are valid 
oneofanyofitc6,6,"contains,contains,contains,contains,contains,contains",$[0]: does not contain an element that passes these validations: {"$ref":"#/definitions/inside11"}    $[1]: does not contain an element that passes these validations: {"$ref":"#/definitions/inside11"}    $: does not contain an element that passes these validations: {"$ref":"#/definitions/inside2"}    $[0]: does not contain an element that passes these validations: {"$ref":"#/definitions/inside22"}    $[1]: does not contain an element that passes these validations: {"$ref":"#/definitions/inside22"}$: does not contain an element that passes these validations: {"$ref":"#/definitions/inside1"}
oneofitemscontains6,4,"contains,contains,contains,contains",$[0]: does not contain an element that passes these validations: {"$ref":"#/definitions/inside11"}    $: does not contain an element that passes these validations: {"$ref":"#/definitions/inside2"}    $[0]: does not contain an element that passes these validations: {"$ref":"#/definitions/inside22"}$: does not contain an element that passes these validations: {"$ref":"#/definitions/inside1"}
allOfPProp10,4,"not,not,not,not",$: should not be valid to the schema "not" : {"patternProperties":{"^cdeb":false}}    $: should not be valid to the schema "not" : {"patternProperties":{"^11":{"not":{"multipleOf":7}}}}    $: should not be valid to the schema "not" : {"patternProperties":{"^kwjh":false}}$: should not be valid to the schema "not" : {"patternProperties":{"7777":{"multipleOf":30}}}
pp2,6,"minItems,multipleOf,multipleOf,multipleOf,multipleOf,multipleOf",$.c: there must be a minimum of 2 items in the array    $.abcd[0]: must be multiple of 2.5    $.abcd[1]: must be multiple of 2.5    $.abcd[2]: must be multiple of 2.5    $.abcd[3]: must be multiple of 2.5$.abcd[4]: must be multiple of 2.5
num5,11,"not,exclusiveMaximum,multipleOf,multipleOf,multipleOf,multipleOf,multipleOf,multipleOf,multipleOf,multipleOf,exclusiveMaximum",$.abcde26163: should not be valid to the schema "not" : {"anyOf":[{"multipleOf":2}    {"multipleOf":6.5}    {"multipleOf":5}    {"multipleOf":7}    {"multipleOf":11}    {"multipleOf":37}]}    $.abcde26163: must have a exclusive maximum value of -10000    $.abcde26163: must be multiple of 6.75    $.abcde26163: must be multiple of 19.0    $.abcde26163: must be multiple of 9.5    $.abcde26163: must be multiple of 2.125    $.a: must be multiple of 6.75    $.a: must be multiple of 19.0    $.a: must be multiple of 9.5    $.a: must be multiple of 2.125$.d: must have a exclusive maximum value of -10000
pp1,6,"multipleOf,multipleOf,multipleOf,multipleOf,multipleOf,multipleOf",$.abcd[0]: must be multiple of 2.5    $.abcd[2]: must be multiple of 2.5    $.abcd[3]: must be multiple of 2.5    $.abcd[4]: must be multiple of 2.5    $.abcd[0]: must be multiple of 4.0$.abcd[2]: must be multiple of 4.0
object7,4,"not,not,required,false",$: should not be valid to the schema "not" : {"propertyNames":{"not":{"pattern":"a"}}}    $: should not be valid to the schema "not" : {"propertyNames":{"not":{"pattern":"d"}}}    $.da: is missing but it is requiredBoolean schema false is not valid
allOfPProp9,4,"not,not,not,not",$: should not be valid to the schema "not" : {"patternProperties":{"^cdeb":false}}    $: should not be valid to the schema "not" : {"patternProperties":{"^11":{"not":{"multipleOf":7}}}}    $: should not be valid to the schema "not" : {"patternProperties":{"^kwjh":false}}$: should not be valid to the schema "not" : {"patternProperties":{"7777":{"multipleOf":30}}}
allany1,2,"multipleOf,multipleOf",$: must be multiple of 5.0$: must be multiple of 10.0
allone1,3,"multipleOf,multipleOf,oneOf",$: must be multiple of 5.0    $: must be multiple of 10.0$: should be valid to one and only one of the schemas but more than one schemas {{"not":{"multipleOf":5}}{"multipleOf":7}} are valid 
object8,6,"not,not,not,required,required,false",$: should not be valid to the schema "not" : {"propertyNames":{"not":{"pattern":"a"}}}    $: should not be valid to the schema "not" : {"propertyNames":{"not":{"pattern":"b"}}}    $: should not be valid to the schema "not" : {"propertyNames":{"not":{"pattern":"d"}}}    $.da: is missing but it is required    $.db: is missing but it is requiredBoolean schema false is not valid
notnames7,3,"not,not,not",$: should not be valid to the schema "not" : {"propertyNames":{"not":{"pattern":"a5b"}}}    $: should not be valid to the schema "not" : {"propertyNames":{"not":{"pattern":"(^[^5]*$)|7"}}}$: should not be valid to the schema "not" : {"propertyNames":{"not":{"pattern":"(^[^7]*$)|9"}}}
allIt7,4,"type,additionalProperties,additionalProperties,false",$[3].kz: boolean found     number expected    $[1].ex_78e: is not defined in the schema and the schema does not allow additional properties    $[2].doda: is not defined in the schema and the schema does not allow additional propertiesBoolean schema false is not valid
allany8,5,"oneOf,multipleOf,not,multipleOf,not",$: should be valid to one and only one of the schemas but more than one schemas {{"multipleOf":33}{"multipleOf":12}{"multipleOf":77}} are valid     $: must be multiple of 44.0    $: should not be valid to the schema "not" : {"multipleOf":7}    $: must be multiple of 13.0$: should not be valid to the schema "not" : {"multipleOf":11}
allany7,4,"not,multipleOf,not,multipleOf",$: should not be valid to the schema "not" : {"multipleOf":6}    $: must be multiple of 44.0    $: should not be valid to the schema "not" : {"multipleOf":11}$: must be multiple of 13.0
allany2,5,"multipleOf,multipleOf,multipleOf,not,multipleOf",$: must be multiple of 3.0    $: must be multiple of 5.0    $: must be multiple of 15.0    $: should not be valid to the schema "not" : {"multipleOf":8}$: must be multiple of 11.0
allone2,3,"multipleOf,not,oneOf",$: must be multiple of 8.0    $: should not be valid to the schema "not" : {"multipleOf":3}$: should be valid to one and only one of the schemas but more than one schemas {{"not":{"multipleOf":8}}{"multipleOf":11}} are valid 
eqnmn1,4,"not,multipleOf,not,not",$[1]: should not be valid to the schema "not" : {"multipleOf":7}    $[2]: must be multiple of 4.0    $[2]: should not be valid to the schema "not" : {"anyOf":[{"multipleOf":3}    {"multipleOf":7}]}$: should not be valid to the schema "not" : {"contains":{"not":{"minimum":100    "maximum":100}}}
allany9,3,"not,multipleOf,exclusiveMaximum",$: should not be valid to the schema "not" : {"multipleOf":6}    $: must be multiple of 44.0$: must have a exclusive maximum value of -100000
allone4,4,"oneOf,multipleOf,not,oneOf",$: should be valid to one and only one of the schemas but more than one schemas {{"multipleOf":3}{"multipleOf":5}{"multipleOf":7}} are valid     $: must be multiple of 24.0    $: should not be valid to the schema "not" : {"multipleOf":5}$: should be valid to one and only one of the schemas but more than one schemas {{"not":{"multipleOf":8}}{"multipleOf":11}} are valid 
allany4,3,"multipleOf,multipleOf,multipleOf",$: must be multiple of 3.0    $: must be multiple of 5.0$: must be multiple of 7.0
mod3011,121,"type,type,type,type,type,type,type,type,type,type,type,type,type,type,type,type,type,type,type,type,type,type,type,type,type,type,type,type,type,type,type,type,type,type,type,type,type,type,type,type,type,type,type,type,type,type,type,type,type,type,type,type,type,type,type,type,type,type,type,minItems,minItems,minItems,minItems,minItems,minItems,minItems,minItems,minItems,minItems,minItems,minItems,minItems,minItems,minItems,minItems,minItems,minItems,minItems,minItems,minItems,minItems,minItems,minItems,minItems,minItems,minItems,minItems,minItems,minItems,minItems,minItems,minItems,minItems,minItems,minItems,minItems,minItems,minItems,minItems,minItems,minItems,minItems,minItems,minItems,minItems,minItems,minItems,minItems,minItems,minItems,minItems,minItems,minItems,minItems,minItems,minItems,minItems,minItems,minItems,minItems,minItems",$[0][0][0][0][0][0]: object found     array expected    $[0][0][0][0][0][1]: object found     array expected    $[0][0][0][0][1][0]: object found     array expected    $[0][0][0][0][1][1]: object found     array expected    $[0][0][0][1][0][0]: object found     array expected    $[0][0][0][1][0][1]: object found     array expected    $[0][0][0][1][1][0]: object found     array expected    $[0][0][1][0][0][0]: object found     array expected    $[0][0][1][0][0][1]: object found     array expected    $[0][0][1][0][1][0]: object found     array expected    $[0][0][1][0][1][1]: object found     array expected    $[0][0][1][1][0][0]: object found     array expected    $[0][0][1][1][1][0]: object found     array expected    $[0][0][1][1][1][1]: object found     array expected    $[0][1][0][0][0][0]: object found     array expected    $[0][1][0][0][0][1]: object found     array expected    $[0][1][0][0][1][0]: object found     array expected    $[0][1][0][0][1][1]: object found     array expected    $[0][1][0][1][0][0]: object found     array expected    $[0][1][0][1][0][1]: object found     array expected    $[0][1][0][1][1][0]: object found     array expected    $[0][1][0][1][1][1]: object found     array expected    $[0][1][1][0][0][0]: object found     array expected    $[0][1][1][0][0][1]: object found     array expected    $[0][1][1][0][1][0]: object found     array expected    $[0][1][1][1][0][0]: object found     array expected    $[0][1][1][1][0][1]: object found     array expected    $[0][1][1][1][1][0]: object found     array expected    $[0][1][1][1][1][1]: object found     array expected    $[1][0][0][0][0][0]: object found     array expected    $[1][0][0][0][1][0]: object found     array expected    $[1][0][0][0][1][1]: object found     array expected    $[1][0][0][1][0][0]: object found     array expected    $[1][0][0][1][0][1]: object found     array expected    $[1][0][0][1][1][0]: object found     array expected    $[1][0][0][1][1][1]: object found     array expected    $[1][0][1][0][0][0]: object found     array expected    $[1][0][1][0][0][1]: object found     array expected    $[1][0][1][0][1][0]: object found     array expected    $[1][0][1][1][0][0]: object found     array expected    $[1][0][1][1][0][1]: object found     array expected    $[1][0][1][1][1][0]: object found     array expected    $[1][0][1][1][1][1]: object found     array expected    $[1][1][0][0][0][0]: object found     array expected    $[1][1][0][0][0][1]: object found     array expected    $[1][1][0][0][1][0]: object found     array expected    $[1][1][0][0][1][1]: object found     array expected    $[1][1][0][1][0][0]: object found     array expected    $[1][1][0][1][0][1]: object found     array expected    $[1][1][0][1][1][0]: object found     array expected    $[1][1][0][1][1][1]: object found     array expected    $[1][1][1][0][0][0]: object found     array expected    $[1][1][1][0][0][1]: object found     array expected    $[1][1][1][0][1][0]: object found     array expected    $[1][1][1][0][1][1]: object found     array expected    $[1][1][1][1][0][0]: object found     array expected    $[1][1][1][1][0][1]: object found     array expected    $[1][1][1][1][1][0]: object found     array expected    $[1][1][1][1][1][1]: object found     array expected    $[0][0][0][1][1]: there must be a minimum of 2 items in the array    $[0][0][1][1][0]: there must be a minimum of 2 items in the array    $[0][0][1][2][0]: there must be a minimum of 2 items in the array    $[0][0][1][2][2]: there must be a minimum of 2 items in the array    $[0][0][1][2][3]: there must be a minimum of 2 items in the array    $[0][0][2][0][3]: there must be a minimum of 2 items in the array    $[0][0][2][2][2]: there must be a minimum of 2 items in the array    $[0][1][1][0][1]: there must be a minimum of 2 items in the array    $[0][1][1][2][1]: there must be a minimum of 2 items in the array    $[0][1][2][0][1]: there must be a minimum of 2 items in the array    $[0][1][2][1][1]: there must be a minimum of 2 items in the array    $[0][1][2][1][2]: there must be a minimum of 2 items in the array    $[1][0][0][0][0]: there must be a minimum of 2 items in the array    $[1][0][0][2][3]: there must be a minimum of 2 items in the array    $[1][0][1][0][1]: there must be a minimum of 2 items in the array    $[1][0][1][1][3]: there must be a minimum of 2 items in the array    $[1][0][2][0][4]: there must be a minimum of 2 items in the array    $[1][0][2][2][3]: there must be a minimum of 2 items in the array    $[1][0][2][3][0]: there must be a minimum of 2 items in the array    $[1][0][2][3][2]: there must be a minimum of 2 items in the array    $[1][0][3][0][0]: there must be a minimum of 2 items in the array    $[1][0][3][1][0]: there must be a minimum of 2 items in the array    $[1][0][3][3][0]: there must be a minimum of 2 items in the array    $[1][0][3][3][2]: there must be a minimum of 2 items in the array    $[1][0][3][4][1]: there must be a minimum of 2 items in the array    $[1][1][0][1][2]: there must be a minimum of 2 items in the array    $[1][1][0][4][0]: there must be a minimum of 2 items in the array    $[1][1][1][1][2]: there must be a minimum of 2 items in the array    $[1][1][1][1][4]: there must be a minimum of 2 items in the array    $[2][0][0][0][2]: there must be a minimum of 2 items in the array    $[2][0][0][1][4]: there must be a minimum of 2 items in the array    $[2][0][0][3][0]: there must be a minimum of 2 items in the array    $[2][0][0][3][1]: there must be a minimum of 2 items in the array    $[2][0][1][2][4]: there must be a minimum of 2 items in the array    $[2][0][1][3][0]: there must be a minimum of 2 items in the array    $[2][0][1][3][1]: there must be a minimum of 2 items in the array    $[2][0][1][4][2]: there must be a minimum of 2 items in the array    $[2][0][2][0][0]: there must be a minimum of 2 items in the array    $[2][0][2][1][0]: there must be a minimum of 2 items in the array    $[2][0][2][1][1]: there must be a minimum of 2 items in the array    $[2][0][2][1][2]: there must be a minimum of 2 items in the array    $[2][0][3][0][0]: there must be a minimum of 2 items in the array    $[2][0][4][0][1]: there must be a minimum of 2 items in the array    $[2][0][4][0][2]: there must be a minimum of 2 items in the array    $[2][1][0][1][1]: there must be a minimum of 2 items in the array    $[2][1][0][2][1]: there must be a minimum of 2 items in the array    $[2][1][1][0][1]: there must be a minimum of 2 items in the array    $[2][1][1][1][3]: there must be a minimum of 2 items in the array    $[2][1][1][1][4]: there must be a minimum of 2 items in the array    $[2][1][1][2][2]: there must be a minimum of 2 items in the array    $[2][1][1][2][3]: there must be a minimum of 2 items in the array    $[2][1][1][4][0]: there must be a minimum of 2 items in the array    $[2][1][2][1][2]: there must be a minimum of 2 items in the array    $[2][2][0][0][2]: there must be a minimum of 2 items in the array    $[2][2][0][0][4]: there must be a minimum of 2 items in the array    $[2][2][0][1][0]: there must be a minimum of 2 items in the array    $[2][2][0][1][1]: there must be a minimum of 2 items in the array    $[2][2][0][3][3]: there must be a minimum of 2 items in the array    $[2][2][0][4][0]: there must be a minimum of 2 items in the array    $[2][2][1][0][1]: there must be a minimum of 2 items in the array    $[2][2][1][1][0]: there must be a minimum of 2 items in the array$[2][2][1][1][1]: there must be a minimum of 2 items in the array
allany21,2,"not,not",$: should not be valid to the schema "not" : {"allOf":[{"$ref":"#/definitions/not11"}    {"$ref":"#/definitions/not12"}]}$: should not be valid to the schema "not" : {"allOf":[{"$ref":"#/definitions/not21"}    {"$ref":"#/definitions/not22"}]}
allany6,4,"maximum,multipleOf,multipleOf,multipleOf",$: must have a maximum value of -3000    $: must be multiple of 33.0    $: must be multiple of 12.0$: must be multiple of 77.0
pp4,2,"multipleOf,not",$.ac[0]: must be multiple of 2.5$: should not be valid to the schema "not" : {"patternProperties":{"b":{"type":"array"    "items":{"multipleOf":4    "minimum":2}}}}
object9,6,"not,not,required,required,false,false",$.a: should not be valid to the schema "not" : {"propertyNames":{"not":{"pattern":"a"}}}    $.a: should not be valid to the schema "not" : {"propertyNames":{"not":{"pattern":"d"}}}    $.a.da: is missing but it is required    $.a.db: is missing but it is required    Boolean schema false is not validBoolean schema false is not valid
object10,15,"not,not,not,not,not,not,required,required,required,required,false,false,false,false,false",$.abcd: should not be valid to the schema "not" : {"propertyNames":{"not":{"pattern":"a"}}}    $.a: should not be valid to the schema "not" : {"propertyNames":{"not":{"pattern":"a"}}}    $.abcd: should not be valid to the schema "not" : {"propertyNames":{"not":{"pattern":"c"}}}    $.abcd: should not be valid to the schema "not" : {"propertyNames":{"not":{"pattern":"d"}}}    $.c: should not be valid to the schema "not" : {"propertyNames":{"not":{"pattern":"d"}}}    $.cd: should not be valid to the schema "not" : {"propertyNames":{"not":{"pattern":"d"}}}    $.abcd.da: is missing but it is required    $.abcd.db: is missing but it is required    $.a.da: is missing but it is required    $.a.db: is missing but it is required    Boolean schema false is not valid    Boolean schema false is not valid    Boolean schema false is not valid    Boolean schema false is not validBoolean schema false is not valid
imax4.2,1,not,$: should not be valid to the schema "not" : {"contains":{"not":{"maximum":100}}}
mini4.2,2,"not,not",$[2]: should not be valid to the schema "not" : {"anyOf":[{"multipleOf":3}    {"multipleOf":7}]}$: should not be valid to the schema "not" : {"contains":{"not":{"minimum":100}}}
imax4.1,2,"multipleOf,not",$[2]: must be multiple of 4.0$: should not be valid to the schema "not" : {"contains":{"not":{"maximum":100}}}
mini4.1,3,"not,not,not",$[1]: should not be valid to the schema "not" : {"multipleOf":7}    $[2]: should not be valid to the schema "not" : {"anyOf":[{"multipleOf":3}    {"multipleOf":7}]}$: should not be valid to the schema "not" : {"contains":{"not":{"minimum":100}}}
emini4.1,2,"multipleOf,not",$[2]: must be multiple of 4.0$: should not be valid to the schema "not" : {"contains":{"not":{"exclusiveMinimum":100}}}
iemax4.1,3,"multipleOf,not,not",$[2]: must be multiple of 4.0    $[2]: should not be valid to the schema "not" : {"anyOf":[{"multipleOf":3}    {"multipleOf":7}]}$: should not be valid to the schema "not" : {"contains":{"not":{"exclusiveMaximum":100}}}
emini4.2,2,"not,not",$[2]: should not be valid to the schema "not" : {"anyOf":[{"multipleOf":3}    {"multipleOf":7}]}$: should not be valid to the schema "not" : {"contains":{"not":{"exclusiveMinimum":100}}}
iemax4.2,2,"multipleOf,not",$[2]: must be multiple of 4.0$: should not be valid to the schema "not" : {"contains":{"not":{"exclusiveMaximum":100}}}
mod307,6,"type,type,type,type,type,type",$[0]: array found     integer expected    $[1][0]: array found     integer expected    $[1][1][0]: array found     integer expected    $[1][1][1][0]: array found     integer expected    $[1][1][1][1][0]: object found     integer expected$[1][1][1][1][1]: object found     array expected
mm4.2,2,"multipleOf,not",$[2]: must be multiple of 4.0$: should not be valid to the schema "not" : {"contains":{"not":{"minimum":100    "maximum":200}}}
mod3010,15,"type,type,type,type,type,type,type,type,type,type,type,type,type,type,type",$[0]: array found     integer expected    $[1][0]: array found     integer expected    $[1][1][0]: object found     integer expected    $[1][1][1]: object found     array expected    $[1][1][2]: object found     array expected    $[1][2][0]: object found     integer expected    $[1][2][1]: object found     array expected    $[1][2][2]: object found     array expected    $[2][0]: array found     integer expected    $[2][1][0]: object found     integer expected    $[2][1][1]: object found     array expected    $[2][1][2]: object found     array expected    $[2][2][0]: object found     integer expected    $[2][2][1]: object found     array expected$[2][2][2]: object found     array expected
mm4.1,4,"not,multipleOf,not,not",$[1]: should not be valid to the schema "not" : {"multipleOf":7}    $[2]: must be multiple of 4.0    $[2]: should not be valid to the schema "not" : {"anyOf":[{"multipleOf":3}    {"multipleOf":7}]}$: should not be valid to the schema "not" : {"contains":{"not":{"minimum":100    "maximum":200}}}
emm4.2,2,"not,not",$[1]: should not be valid to the schema "not" : {"multipleOf":7}$: should not be valid to the schema "not" : {"contains":{"not":{"exclusiveMinimum":100    "maximum":200}}}
mem4.2,1,not,$: should not be valid to the schema "not" : {"contains":{"not":{"minimum":100    "exclusiveMaximum":200}}}
emm4.1,1,not,$: should not be valid to the schema "not" : {"contains":{"not":{"exclusiveMinimum":100    "maximum":200}}}
mem4.1,2,"multipleOf,not",$[2]: must be multiple of 4.0$: should not be valid to the schema "not" : {"contains":{"not":{"minimum":100    "exclusiveMaximum":200}}}
emem4.2,2,"multipleOf,not",$[2]: must be multiple of 4.0$: should not be valid to the schema "not" : {"contains":{"not":{"exclusiveMinimum":100    "exclusiveMaximum":200}}}
emem4.1,3,"multipleOf,not,not",$[2]: must be multiple of 4.0    $[2]: should not be valid to the schema "not" : {"anyOf":[{"multipleOf":3}    {"multipleOf":7}]}$: should not be valid to the schema "not" : {"contains":{"not":{"exclusiveMinimum":100    "exclusiveMaximum":200}}}
eqnmn4,2,"multipleOf,not",$[2]: must be multiple of 4.0$: should not be valid to the schema "not" : {"contains":{"not":{"minimum":100    "maximum":100}}}
allany11,10,"multipleOf,multipleOf,multipleOf,multipleOf,multipleOf,not,multipleOf,multipleOf,multipleOf,exclusiveMaximum",$: must be multiple of 33.0    $: must be multiple of 12.0    $: must be multiple of 4.0    $: must be multiple of 16.0    $: must be multiple of 77.0    $: should not be valid to the schema "not" : {"multipleOf":2}    $: must be multiple of 101.0    $: must be multiple of 102.0    $: must be multiple of 103.0$: must have a exclusive maximum value of 0
allany12,4,"not,pattern,pattern,pattern",$: should not be valid to the schema "not" : {"pattern":"^[cde]"}    $: does not match the regex pattern x$    $: does not match the regex pattern y$$: does not match the regex pattern z$
mod302,1,minProperties,$: should have a minimum of 1 properties
allany13,6,"pattern,pattern,pattern,pattern,pattern,pattern",$: does not match the regex pattern ^a    $: does not match the regex pattern ^b    $: does not match the regex pattern ^c    $: does not match the regex pattern ^d    $: does not match the regex pattern ^e$: does not match the regex pattern [aA][12].*[zZ]
mod303,1,minProperties,$: should have a minimum of 1 properties
notnames9,3,"not,not,not",$: should not be valid to the schema "not" : {"propertyNames":{"not":{"pattern":"a5b"}}}    $: should not be valid to the schema "not" : {"propertyNames":{"not":{"pattern":"(^[^5]*$)|7"}}}$: should not be valid to the schema "not" : {"propertyNames":{"not":{"pattern":"(^[^7]*$)|9"}}}
mod305,3,"additionalProperties,multipleOf,multipleOf",$.Ut5: is not defined in the schema and the schema does not allow additional properties    $.Ut5: must be multiple of 3.0$.b: must be multiple of 5.0
mod308,8,"type,type,type,type,type,type,type,type",$[0]: array found     integer expected    $[1][0]: array found     integer expected    $[1][1][0]: array found     integer expected    $[1][1][1][0]: array found     integer expected    $[1][1][1][1][0]: array found     integer expected    $[1][1][1][1][1][0]: array found     integer expected    $[1][1][1][1][1][1][0]: object found     integer expected$[1][1][1][1][1][1][1]: object found     array expected
mod309,12,"required,exclusiveMinimum,multipleOf,multipleOf,multipleOf,required,required,multipleOf,multipleOf,required,multipleOf,required",$.a.b: is missing but it is required    $.b: must have a exclusive minimum value of 0    $.b: must be multiple of 2.0    $.x0: must be multiple of 2.0    $.y0: must be multiple of 2.0    $.a.a: is missing but it is required    $.a.x1: is missing but it is required    $.b: must be multiple of 3.0    $.x0: must be multiple of 3.0    $.a.y1: is missing but it is required    $.b: must be multiple of 5.0$.a.z1: is missing but it is required
mod306,3,"additionalProperties,multipleOf,multipleOf",$.inc: is not defined in the schema and the schema does not allow additional properties    $.b: must be multiple of 3.0$.b: must be multiple of 5.0
mod301,1,minProperties,$: should have a minimum of 1 properties
mod30,1,minProperties,$: should have a minimum of 1 properties
format1,20,"date-time,pattern,pattern,pattern,pattern,format,pattern,format,pattern,format,pattern,pattern,pattern,pattern,pattern,format,pattern,pattern,uuid,pattern",$[0]: ad sint ex is an invalid date    $[0]: does not match the regex pattern ^2\d{3}-0[1-9]-[0-1][1-9]$    $[3]: does not match the regex pattern ^[a-zA-Z0-9-]{2    10}\.[a-z]{2    3}$    $[5]: does not match the regex pattern ^[a-zA-Z_.]{2    10}@[a-zA-Z0-9-]{2    10}\.[a-z]{2    3}$    $[6]: does not match the regex pattern ^[a-zA-Z0-9-]{2    10}\.[a-z]{2    3}$    $[7]: does not match the ip-address pattern ^(?:(?:25[0-5]|2[0-4][0-9]|[01]?[0-9][0-9]?)\.){3}(?:25[0-5]|2[0-4][0-9]|[01]?[0-9][0-9]?)$    $[7]: does not match the regex pattern ^(?:[0-9]{1    3}\.){3}[0-9]{1    3}$    $[8]: does not match the ipv4 pattern ^(?:(?:25[0-5]|2[0-4][0-9]|[01]?[0-9][0-9]?)\.){3}(?:25[0-5]|2[0-4][0-9]|[01]?[0-9][0-9]?)$    $[8]: does not match the regex pattern ^(?:[0-9]{1    3}\.){3}[0-9]{1    3}$    $[9]: does not match the ipv6 pattern ^\s*((([0-9A-Fa-f]{1    4}:){7}([0-9A-Fa-f]{1    4}|:))|(([0-9A-Fa-f]{1    4}:){6}(:[0-9A-Fa-f]{1    4}|((25[0-5]|2[0-4]\d|1\d\d|[1-9]?\d)(\.(25[0-5]|2[0-4]\d|1\d\d|[1-9]?\d)){3})|:))|(([0-9A-Fa-f]{1    4}:){5}(((:[0-9A-Fa-f]{1    4}){1    2})|:((25[0-5]|2[0-4]\d|1\d\d|[1-9]?\d)(\.(25[0-5]|2[0-4]\d|1\d\d|[1-9]?\d)){3})|:))|(([0-9A-Fa-f]{1    4}:){4}(((:[0-9A-Fa-f]{1    4}){1    3})|((:[0-9A-Fa-f]{1    4})?:((25[0-5]|2[0-4]\d|1\d\d|[1-9]?\d)(\.(25[0-5]|2[0-4]\d|1\d\d|[1-9]?\d)){3}))|:))|(([0-9A-Fa-f]{1    4}:){3}(((:[0-9A-Fa-f]{1    4}){1    4})|((:[0-9A-Fa-f]{1    4}){0    2}:((25[0-5]|2[0-4]\d|1\d\d|[1-9]?\d)(\.(25[0-5]|2[0-4]\d|1\d\d|[1-9]?\d)){3}))|:))|(([0-9A-Fa-f]{1    4}:){2}(((:[0-9A-Fa-f]{1    4}){1    5})|((:[0-9A-Fa-f]{1    4}){0    3}:((25[0-5]|2[0-4]\d|1\d\d|[1-9]?\d)(\.(25[0-5]|2[0-4]\d|1\d\d|[1-9]?\d)){3}))|:))|(([0-9A-Fa-f]{1    4}:){1}(((:[0-9A-Fa-f]{1    4}){1    6})|((:[0-9A-Fa-f]{1    4}){0    4}:((25[0-5]|2[0-4]\d|1\d\d|[1-9]?\d)(\.(25[0-5]|2[0-4]\d|1\d\d|[1-9]?\d)){3}))|:))|(:(((:[0-9A-Fa-f]{1    4}){1    7})|((:[0-9A-Fa-f]{1    4}){0    5}:((25[0-5]|2[0-4]\d|1\d\d|[1-9]?\d)(\.(25[0-5]|2[0-4]\d|1\d\d|[1-9]?\d)){3}))|:)))(%.+)?\s*$    $[9]: does not match the regex pattern ^(?:[A-F0-9]{1    4}:){7}[A-F0-9]{1    4}$    $[10]: does not match the regex pattern ^http:\/\/[a-zA-Z0-9_\-]+\.[a-zA-Z0-9_\-]+\.[a-zA-Z0-9_\-]+$    $[11]: does not match the regex pattern ^/[a-zA-Z0-9_/-]{2    40}$    $[12]: does not match the regex pattern \/([^()]*)?\/([i|g|m]+)?    $[13]: does not match the regex pattern ^\d{4}/[a-zA-Z0-9_/-]{2    40}$    $[15]: does not match the uri pattern ^[A-Za-z][A-Za-z0-9+.-]*:(\/\/([A-Za-z0-9._~\-%!$&'()*+    ;=:]*@)?[A-Za-z0-9._~\-!$&'()*+    ;=%:\[\]]*(:[0-9]*)?)?[A-Za-z0-9._~\-%!$&'()*+    ;=:@\/]*([?][A-Za-z0-9._~\-%!$&'()*+    ;=:@\/?]*)?([#][A-Za-z0-9._~\-%!$&'()*+    ;=:@\/?]*)?    $[15]: does not match the regex pattern ^http:\/\/[a-zA-Z0-9_\-]+\.[a-zA-Z0-9_\-]+\.[a-zA-Z0-9_\-]+$    $[16]: does not match the regex pattern ^http:\/\/[a-zA-Z0-9_\-]+\.[a-zA-Z0-9_\-]+\.[a-zA-Z0-9_\-]+$    $[17]: mollit eiusmod occaecat dolor is an invalid uuid$[17]: does not match the regex pattern ^[a-fA-F0-9]{8}-[a-fA-F0-9]{4}-[a-fA-F0-9]{4}-[a-fA-F0-9]{4}-[a-fA-F0-9]{12}$
mod304,1,minProperties,$: should have a minimum of 1 properties
allany15,3,"not,not,not",$: should not be valid to the schema "not" : {"allOf":[{"$ref":"#/definitions/not11"}    {"$ref":"#/definitions/not12"}    {"$ref":"#/definitions/not13"}]}    $: should not be valid to the schema "not" : {"allOf":[{"$ref":"#/definitions/not21"}    {"$ref":"#/definitions/not22"}    {"$ref":"#/definitions/not23"}]}$: should not be valid to the schema "not" : {"allOf":[{"$ref":"#/definitions/not31"}    {"$ref":"#/definitions/not32"}    {"$ref":"#/definitions/not33"}]}
allany16,1,not,$: should not be valid to the schema "not" : {"allOf":[{"$ref":"#/definitions/not11"}    {"$ref":"#/definitions/not12"}    {"$ref":"#/definitions/not13"}]}
allany14,2,"not,not",$: should not be valid to the schema "not" : {"anyOf":[{"$ref":"#/definitions/not11"}    {"$ref":"#/definitions/not12"}    {"$ref":"#/definitions/not13"}]}$: should not be valid to the schema "not" : {"anyOf":[{"$ref":"#/definitions/not21"}    {"$ref":"#/definitions/not22"}    {"$ref":"#/definitions/not23"}]}
allany17,3,"not,not,not",$: should not be valid to the schema "not" : {"anyOf":[{"$ref":"#/definitions/not11"}    {"$ref":"#/definitions/not12"}    {"$ref":"#/definitions/not13"}]}    $: should not be valid to the schema "not" : {"anyOf":[{"$ref":"#/definitions/not21"}    {"$ref":"#/definitions/not22"}    {"$ref":"#/definitions/not23"}]}$: should not be valid to the schema "not" : {"anyOf":[{"$ref":"#/definitions/not31"}    {"$ref":"#/definitions/not32"}    {"$ref":"#/definitions/not33"}]}
allany20,3,"not,not,not",$: should not be valid to the schema "not" : {"allOf":[{"$ref":"#/definitions/not11"}    {"$ref":"#/definitions/not12"}    {"$ref":"#/definitions/not13"}]}    $: should not be valid to the schema "not" : {"allOf":[{"$ref":"#/definitions/not21"}    {"$ref":"#/definitions/not22"}    {"$ref":"#/definitions/not23"}]}$: should not be valid to the schema "not" : {"allOf":[{"$ref":"#/definitions/not31"}    {"$ref":"#/definitions/not32"}    {"$ref":"#/definitions/not33"}]}
allany23,3,"not,not,not",$: should not be valid to the schema "not" : {"anyOf":[{"$ref":"#/definitions/not11"}    {"$ref":"#/definitions/not12"}    {"$ref":"#/definitions/not13"}]}    $: should not be valid to the schema "not" : {"anyOf":[{"$ref":"#/definitions/not21"}    {"$ref":"#/definitions/not22"}    {"$ref":"#/definitions/not23"}]}$: should not be valid to the schema "not" : {"anyOf":[{"$ref":"#/definitions/not31"}    {"$ref":"#/definitions/not32"}    {"$ref":"#/definitions/not33"}]}
testwp98,240,"enum,required,required,enum,required,required,required,required,required,required,required,additionalProperties,required,required,enum,additionalProperties,enum,required,required,required,required,required,required,required,required,required,required,required,required,required,required,required,required,required,required,required,enum,additionalProperties,additionalProperties,additionalProperties,additionalProperties,additionalProperties,additionalProperties,additionalProperties,additionalProperties,additionalProperties,additionalProperties,additionalProperties,additionalProperties,additionalProperties,additionalProperties,additionalProperties,additionalProperties,additionalProperties,additionalProperties,additionalProperties,additionalProperties,additionalProperties,additionalProperties,additionalProperties,additionalProperties,additionalProperties,additionalProperties,required,required,additionalProperties,required,required,required,additionalProperties,required,required,required,additionalProperties,additionalProperties,required,required,required,additionalProperties,required,required,required,additionalProperties,required,required,required,additionalProperties,required,required,required,additionalProperties,required,required,required,additionalProperties,additionalProperties,additionalProperties,additionalProperties,required,required,required,additionalProperties,additionalProperties,additionalProperties,additionalProperties,required,required,required,additionalProperties,required,required,required,additionalProperties,additionalProperties,required,required,required,additionalProperties,required,required,required,additionalProperties,additionalProperties,required,required,required,additionalProperties,required,required,required,additionalProperties,required,required,required,additionalProperties,additionalProperties,additionalProperties,required,required,required,additionalProperties,required,required,required,additionalProperties,additionalProperties,required,required,required,required,required,required,required,required,required,required,required,required,required,required,required,required,required,required,required,enum,additionalProperties,required,required,required,additionalProperties,additionalProperties,additionalProperties,additionalProperties,required,required,required,required,additionalProperties,required,required,required,required,additionalProperties,additionalProperties,additionalProperties,required,required,required,enum,additionalProperties,additionalProperties,additionalProperties,additionalProperties,additionalProperties,additionalProperties,additionalProperties,additionalProperties,additionalProperties,required,enum,required,required,required,required,enum,type,required,type,type,type,type,required,required,additionalProperties,required,required,required,additionalProperties,additionalProperties,required,required,required,additionalProperties,required,required,required,additionalProperties,required,required,required,additionalProperties,required,required,required,additionalProperties,additionalProperties,additionalProperties,additionalProperties,required",$[0].output.taxonomy.sites[0].referent.type: does not have a value in the enumeration [site]    $[0].output.taxonomy.sites[0].version: is missing but it is required    $[0].output.taxonomy.sites[0].name: is missing but it is required    $[0].output.taxonomy.sites[1].referent.type: does not have a value in the enumeration [site]    $[0].output.taxonomy.sites[1].version: is missing but it is required    $[0].output.taxonomy.sites[1].name: is missing but it is required    $[0].output.taxonomy.primary_section.type: is missing but it is required    $[0].output.taxonomy.primary_section.version: is missing but it is required    $[0].output.taxonomy.primary_section.name: is missing but it is required    $[1].output.vanity_credits.by[0].type: is missing but it is required    $[1].output.vanity_credits.by[0].name: is missing but it is required    $[1].output.vanity_credits.by[0].magna1: is not defined in the schema and the schema does not allow additional properties    $[1].output.vanity_credits.by[0].referent: is missing but it is required    $[1].output.vanity_credits.photos_by[1].name: is missing but it is required    $[1].output.vanity_credits.photos_by[1].type: does not have a value in the enumeration [author]    $[1].output.vanity_credits.photos_by[1].referent: is not defined in the schema and the schema does not allow additional properties    $[1].output.vanity_credits.photos_by[1].referent.type: does not have a value in the enumeration [section]    $[1].output.vanity_credits.photos_by[2].image.version: is missing but it is required    $[1].output.vanity_credits.photos_by[2].image.taxonomy.sections[0].type: is missing but it is required    $[1].output.vanity_credits.photos_by[2].image.taxonomy.sections[0].version: is missing but it is required    $[1].output.vanity_credits.photos_by[2].image.taxonomy.sections[0].name: is missing but it is required    $[1].output.vanity_credits.photos_by[2].image.taxonomy.sections[1].type: is missing but it is required    $[1].output.vanity_credits.photos_by[2].image.taxonomy.sections[1].version: is missing but it is required    $[1].output.vanity_credits.photos_by[2].image.taxonomy.sections[1].name: is missing but it is required    $[1].output.vanity_credits.photos_by[2].image.taxonomy.sections[2].type: is missing but it is required    $[1].output.vanity_credits.photos_by[2].image.taxonomy.sections[2].version: is missing but it is required    $[1].output.vanity_credits.photos_by[2].image.taxonomy.sections[2].name: is missing but it is required    $[1].output.vanity_credits.photos_by[2].image.taxonomy.primary_site.type: is missing but it is required    $[1].output.vanity_credits.photos_by[2].image.taxonomy.primary_site.version: is missing but it is required    $[1].output.vanity_credits.photos_by[2].image.taxonomy.primary_site.name: is missing but it is required    $[1].output.vanity_credits.photos_by[2].image.taxonomy.primary_site.referent: is missing but it is required    $[1].output.vanity_credits.photos_by[2].image.taxonomy.primary_section.type: is missing but it is required    $[1].output.vanity_credits.photos_by[2].image.taxonomy.primary_section.version: is missing but it is required    $[1].output.vanity_credits.photos_by[2].image.taxonomy.primary_section.name: is missing but it is required    $[1].output.vanity_credits.photos_by[2].image.taxonomy.primary_section.referent: is missing but it is required    $[1].output.vanity_credits.photos_by[2].referent: is missing but it is required    $[1].output.vanity_credits.photos_by[2].type: does not have a value in the enumeration [reference]    $[1].output.vanity_credits.photos_by[2].name: is not defined in the schema and the schema does not allow additional properties    $[1].output.vanity_credits.photos_by[2].bio: is not defined in the schema and the schema does not allow additional properties    $[1].output.vanity_credits.photos_by[2].suffix: is not defined in the schema and the schema does not allow additional properties    $[1].output.vanity_credits.photos_by[2].contributor: is not defined in the schema and the schema does not allow additional properties    $[1].output.vanity_credits.photos_by[2].byline: is not defined in the schema and the schema does not allow additional properties    $[1].output.vanity_credits.photos_by[2].social_links: is not defined in the schema and the schema does not allow additional properties    $[1].output.vanity_credits.photos_by[2].awards: is not defined in the schema and the schema does not allow additional properties    $[1].output.vanity_credits.photos_by[2].education: is not defined in the schema and the schema does not allow additional properties    $[1].output.vanity_credits.photos_by[2].slug: is not defined in the schema and the schema does not allow additional properties    $[1].output.vanity_credits.photos_by[2].url: is not defined in the schema and the schema does not allow additional properties    $[1].output.vanity_credits.photos_by[2].version: is not defined in the schema and the schema does not allow additional properties    $[1].output.vanity_credits.photos_by[2].division: is not defined in the schema and the schema does not allow additional properties    $[1].output.vanity_credits.photos_by[2].email: is not defined in the schema and the schema does not allow additional properties    $[1].output.vanity_credits.photos_by[2].languages: is not defined in the schema and the schema does not allow additional properties    $[1].output.vanity_credits.photos_by[2].long_bio: is not defined in the schema and the schema does not allow additional properties    $[1].output.vanity_credits.photos_by[2].socialLinks: is not defined in the schema and the schema does not allow additional properties    $[1].output.vanity_credits.photos_by[2].image: is not defined in the schema and the schema does not allow additional properties    $[1].output.vanity_credits.photos_by[2].location: is not defined in the schema and the schema does not allow additional properties    $[1].output.vanity_credits.photos_by[2].last_name: is not defined in the schema and the schema does not allow additional properties    $[1].output.vanity_credits.photos_by[2].expertise: is not defined in the schema and the schema does not allow additional properties    $[1].output.vanity_credits.photos_by[2].role: is not defined in the schema and the schema does not allow additional properties    $[1].output.vanity_credits.photos_by[2].books: is not defined in the schema and the schema does not allow additional properties    $[1].output.vanity_credits.photos_by[2].affiliation: is not defined in the schema and the schema does not allow additional properties    $[1].output.vanity_credits.photos_by[2].first_name: is not defined in the schema and the schema does not allow additional properties    $[1].output.vanity_credits.photos_by[2].org: is not defined in the schema and the schema does not allow additional properties    $[1].output.vanity_credits.photos_by[2].middle_name: is not defined in the schema and the schema does not allow additional properties    $[1].output.vanity_credits.photos_by[3].type: is missing but it is required    $[1].output.vanity_credits.photos_by[3].name: is missing but it is required    $[1].output.vanity_credits.photos_by[3].sitb08: is not defined in the schema and the schema does not allow additional properties    $[1].output.vanity_credits.photos_by[3].referent: is missing but it is required    $[1].output.vanity_credits.rfuB7V6A[0].type: is missing but it is required    $[1].output.vanity_credits.rfuB7V6A[0].name: is missing but it is required    $[1].output.vanity_credits.rfuB7V6A[0].in_fa0: is not defined in the schema and the schema does not allow additional properties    $[1].output.vanity_credits.rfuB7V6A[0].referent: is missing but it is required    $[1].output.vanity_credits.rfuB7V6A[1].type: is missing but it is required    $[1].output.vanity_credits.rfuB7V6A[1].name: is missing but it is required    $[1].output.vanity_credits.rfuB7V6A[1].fugiat7: is not defined in the schema and the schema does not allow additional properties    $[1].output.vanity_credits.rfuB7V6A[1].do_686: is not defined in the schema and the schema does not allow additional properties    $[1].output.vanity_credits.rfuB7V6A[1].referent: is missing but it is required    $[1].output.vanity_credits.rfuB7V6A[2].type: is missing but it is required    $[1].output.vanity_credits.rfuB7V6A[2].name: is missing but it is required    $[1].output.vanity_credits.rfuB7V6A[2].ut_5: is not defined in the schema and the schema does not allow additional properties    $[1].output.vanity_credits.rfuB7V6A[2].referent: is missing but it is required    $[1].output.vanity_credits.rfuB7V6A[3].type: is missing but it is required    $[1].output.vanity_credits.rfuB7V6A[3].name: is missing but it is required    $[1].output.vanity_credits.rfuB7V6A[3].officia_97: is not defined in the schema and the schema does not allow additional properties    $[1].output.vanity_credits.rfuB7V6A[3].referent: is missing but it is required    $[1].output.vanity_credits.rfuB7V6A[4].type: is missing but it is required    $[1].output.vanity_credits.rfuB7V6A[4].name: is missing but it is required    $[1].output.vanity_credits.rfuB7V6A[4].voluptate_cf: is not defined in the schema and the schema does not allow additional properties    $[1].output.vanity_credits.rfuB7V6A[4].referent: is missing but it is required    $[1].output.vanity_credits.Ilmf7y[0].type: is missing but it is required    $[1].output.vanity_credits.Ilmf7y[0].name: is missing but it is required    $[1].output.vanity_credits.Ilmf7y[0].qui_9fe: is not defined in the schema and the schema does not allow additional properties    $[1].output.vanity_credits.Ilmf7y[0].referent: is missing but it is required    $[1].output.vanity_credits.Ilmf7y[1].type: is missing but it is required    $[1].output.vanity_credits.Ilmf7y[1].name: is missing but it is required    $[1].output.vanity_credits.Ilmf7y[1].commodo__: is not defined in the schema and the schema does not allow additional properties    $[1].output.vanity_credits.Ilmf7y[1].minim5b_: is not defined in the schema and the schema does not allow additional properties    $[1].output.vanity_credits.Ilmf7y[1].laboris_7a: is not defined in the schema and the schema does not allow additional properties    $[1].output.vanity_credits.Ilmf7y[1].reprehenderit3ad: is not defined in the schema and the schema does not allow additional properties    $[1].output.vanity_credits.Ilmf7y[1].referent: is missing but it is required    $[1].output.vanity_credits.Ilmf7y[2].type: is missing but it is required    $[1].output.vanity_credits.Ilmf7y[2].name: is missing but it is required    $[1].output.vanity_credits.Ilmf7y[2].esse_d9b: is not defined in the schema and the schema does not allow additional properties    $[1].output.vanity_credits.Ilmf7y[2].minim18: is not defined in the schema and the schema does not allow additional properties    $[1].output.vanity_credits.Ilmf7y[2].nostrud_20: is not defined in the schema and the schema does not allow additional properties    $[1].output.vanity_credits.Ilmf7y[2].suntc: is not defined in the schema and the schema does not allow additional properties    $[1].output.vanity_credits.Ilmf7y[2].referent: is missing but it is required    $[1].output.vanity_credits.Ilmf7y[3].type: is missing but it is required    $[1].output.vanity_credits.Ilmf7y[3].name: is missing but it is required    $[1].output.vanity_credits.Ilmf7y[3].dolorf: is not defined in the schema and the schema does not allow additional properties    $[1].output.vanity_credits.Ilmf7y[3].referent: is missing but it is required    $[1].output.vanity_credits.P_mcIc[0].type: is missing but it is required    $[1].output.vanity_credits.P_mcIc[0].name: is missing but it is required    $[1].output.vanity_credits.P_mcIc[0].labore_8: is not defined in the schema and the schema does not allow additional properties    $[1].output.vanity_credits.P_mcIc[0].est_d: is not defined in the schema and the schema does not allow additional properties    $[1].output.vanity_credits.P_mcIc[0].referent: is missing but it is required    $[1].output.vanity_credits.kX5rc[0].type: is missing but it is required    $[1].output.vanity_credits.kX5rc[0].name: is missing but it is required    $[1].output.vanity_credits.kX5rc[0].ut9: is not defined in the schema and the schema does not allow additional properties    $[1].output.vanity_credits.kX5rc[0].referent: is missing but it is required    $[1].output.vanity_credits.nb[0].type: is missing but it is required    $[1].output.vanity_credits.nb[0].name: is missing but it is required    $[1].output.vanity_credits.nb[0].officia_0: is not defined in the schema and the schema does not allow additional properties    $[1].output.vanity_credits.nb[0].sintb9: is not defined in the schema and the schema does not allow additional properties    $[1].output.vanity_credits.nb[0].referent: is missing but it is required    $[1].output.vanity_credits.nb[1].type: is missing but it is required    $[1].output.vanity_credits.nb[1].name: is missing but it is required    $[1].output.vanity_credits.nb[1].Lorem207: is not defined in the schema and the schema does not allow additional properties    $[1].output.vanity_credits.nb[1].referent: is missing but it is required    $[1].output.vanity_credits.nb[2].type: is missing but it is required    $[1].output.vanity_credits.nb[2].name: is missing but it is required    $[1].output.vanity_credits.nb[2].ut59e: is not defined in the schema and the schema does not allow additional properties    $[1].output.vanity_credits.nb[2].referent: is missing but it is required    $[1].output.vanity_credits.nb[3].type: is missing but it is required    $[1].output.vanity_credits.nb[3].name: is missing but it is required    $[1].output.vanity_credits.nb[3].ullamco_1: is not defined in the schema and the schema does not allow additional properties    $[1].output.vanity_credits.nb[3].in__12: is not defined in the schema and the schema does not allow additional properties    $[1].output.vanity_credits.nb[3].Excepteur5_: is not defined in the schema and the schema does not allow additional properties    $[1].output.vanity_credits.nb[3].referent: is missing but it is required    $[1].output.vanity_credits.nb[4].type: is missing but it is required    $[1].output.vanity_credits.nb[4].name: is missing but it is required    $[1].output.vanity_credits.nb[4].ea_cb: is not defined in the schema and the schema does not allow additional properties    $[1].output.vanity_credits.nb[4].referent: is missing but it is required    $[1].output.vanity_credits.72uws[0].type: is missing but it is required    $[1].output.vanity_credits.72uws[0].name: is missing but it is required    $[1].output.vanity_credits.72uws[0].tempor39e: is not defined in the schema and the schema does not allow additional properties    $[1].output.vanity_credits.72uws[0].aliquipf2: is not defined in the schema and the schema does not allow additional properties    $[1].output.vanity_credits.72uws[0].referent: is missing but it is required    $[1].output.taxonomy.sections[0].type: is missing but it is required    $[1].output.taxonomy.sections[0].version: is missing but it is required    $[1].output.taxonomy.sections[0].name: is missing but it is required    $[1].output.taxonomy.sections[0].referent: is missing but it is required    $[1].output.taxonomy.sections[1].version: is missing but it is required    $[1].output.taxonomy.sections[1].referent: is missing but it is required    $[1].output.taxonomy.sections[2].version: is missing but it is required    $[1].output.taxonomy.sections[2].referent: is missing but it is required    $[1].output.taxonomy.sections[3].type: is missing but it is required    $[1].output.taxonomy.sections[3].version: is missing but it is required    $[1].output.taxonomy.sections[3].name: is missing but it is required    $[1].output.taxonomy.primary_site.version: is missing but it is required    $[1].output.taxonomy.primary_site.referent: is missing but it is required    $[1].output.taxonomy.primary_section.version: is missing but it is required    $[1].output.taxonomy.primary_section.referent: is missing but it is required    $[1].output.related_content.redirect[0].version: is missing but it is required    $[1].output.related_content.redirect[0].canonical_url: is missing but it is required    $[1].output.related_content.redirect[0].redirect_url: is missing but it is required    $[1].output.related_content.redirect[0].type: does not have a value in the enumeration [redirect]    $[1].output.related_content.redirect[0].referent: is not defined in the schema and the schema does not allow additional properties    $[1].output.related_content.[0].type: is missing but it is required    $[1].output.related_content.[0].version: is missing but it is required    $[1].output.related_content.[0].referent: is missing but it is required    $[1].output.related_content.[0].veniam_c: is not defined in the schema and the schema does not allow additional properties    $[1].output.related_content.[0].sit343: is not defined in the schema and the schema does not allow additional properties    $[1].output.related_content.[0].cupidatatb5: is not defined in the schema and the schema does not allow additional properties    $[1].output.related_content.[0].reprehenderit_781: is not defined in the schema and the schema does not allow additional properties    $[1].output.related_content.[0].embed: is missing but it is required    $[1].output.related_content.[1].type: is missing but it is required    $[1].output.related_content.[1].version: is missing but it is required    $[1].output.related_content.[1].referent: is missing but it is required    $[1].output.related_content.[1].est_f_: is not defined in the schema and the schema does not allow additional properties    $[1].output.related_content.[1].embed: is missing but it is required    $[1].output.related_content.[2].type: is missing but it is required    $[1].output.related_content.[2].version: is missing but it is required    $[1].output.related_content.[2].referent: is missing but it is required    $[1].output.related_content.[2].commodo_256: is not defined in the schema and the schema does not allow additional properties    $[1].output.related_content.[2].labore0: is not defined in the schema and the schema does not allow additional properties    $[1].output.related_content.[2].in_1_7: is not defined in the schema and the schema does not allow additional properties    $[1].output.related_content.[2].embed: is missing but it is required    $[1].output.related_content.[3].version: is missing but it is required    $[1].output.related_content.[3].referent: is missing but it is required    $[1].output.related_content.[3].type: does not have a value in the enumeration [reference]    $[1].output.related_content.[3].short_url: is not defined in the schema and the schema does not allow additional properties    $[1].output.related_content.[3].syndication: is not defined in the schema and the schema does not allow additional properties    $[1].output.related_content.[3].owner: is not defined in the schema and the schema does not allow additional properties    $[1].output.related_content.[3].publish_date: is not defined in the schema and the schema does not allow additional properties    $[1].output.related_content.[3].revision: is not defined in the schema and the schema does not allow additional properties    $[1].output.related_content.[3].address: is not defined in the schema and the schema does not allow additional properties    $[1].output.related_content.[3].label: is not defined in the schema and the schema does not allow additional properties    $[1].output.related_content.[3].status: is not defined in the schema and the schema does not allow additional properties    $[1].output.related_content.[3].display_date: is not defined in the schema and the schema does not allow additional properties    $[1].output.related_content.[3].embed: is missing but it is required    $[1].output.related_content.[3].type: does not have a value in the enumeration [custom_embed]    $[1].output.promo_items.j<sv(MJ'QV.version: is missing but it is required    $[1].output.promo_items.j<sv(MJ'QV.referent: is missing but it is required    $[1].output.promo_items.j<sv(MJ'QV.content: is missing but it is required    $[1].output.promo_items.j<sv(MJ'QV.embed: is missing but it is required    $[1].output.version: does not have a value in the enumeration [0.10.9]    $[1].output.version: object found     string expected    $[1].output.headlines.basic: is missing but it is required    $[1].output.headlines.do_b77: boolean found     string expected    $[1].output.headlines.in_b0: boolean found     string expected    $[1].output.headlines.utf: boolean found     string expected    $[1].output.headlines.exercitation__a: boolean found     string expected    $[1].output.credits.[2].type: is missing but it is required    $[1].output.credits.[2].name: is missing but it is required    $[1].output.credits.[2].fugiat4: is not defined in the schema and the schema does not allow additional properties    $[1].output.credits.[2].referent: is missing but it is required    $[1].output.credits.FmYKh9[0].type: is missing but it is required    $[1].output.credits.FmYKh9[0].name: is missing but it is required    $[1].output.credits.FmYKh9[0].tempor_bb: is not defined in the schema and the schema does not allow additional properties    $[1].output.credits.FmYKh9[0].et62b: is not defined in the schema and the schema does not allow additional properties    $[1].output.credits.FmYKh9[0].referent: is missing but it is required    $[1].output.credits.FmYKh9[1].type: is missing but it is required    $[1].output.credits.FmYKh9[1].name: is missing but it is required    $[1].output.credits.FmYKh9[1].fugiat_90: is not defined in the schema and the schema does not allow additional properties    $[1].output.credits.FmYKh9[1].referent: is missing but it is required    $[1].output.credits.SjHkaAR[0].type: is missing but it is required    $[1].output.credits.SjHkaAR[0].name: is missing but it is required    $[1].output.credits.SjHkaAR[0].voluptate2: is not defined in the schema and the schema does not allow additional properties    $[1].output.credits.SjHkaAR[0].referent: is missing but it is required    $[1].output.credits.SjHkaAR[1].type: is missing but it is required    $[1].output.credits.SjHkaAR[1].name: is missing but it is required    $[1].output.credits.SjHkaAR[1].est775: is not defined in the schema and the schema does not allow additional properties    $[1].output.credits.SjHkaAR[1].referent: is missing but it is required    $[1].output.credits.SjHkaAR[2].type: is missing but it is required    $[1].output.credits.SjHkaAR[2].name: is missing but it is required    $[1].output.credits.SjHkaAR[2].consecteturc: is not defined in the schema and the schema does not allow additional properties    $[1].output.credits.SjHkaAR[2].fugiat_b: is not defined in the schema and the schema does not allow additional properties    $[1].output.credits.SjHkaAR[2].ex5dc: is not defined in the schema and the schema does not allow additional properties    $[1].output.credits.SjHkaAR[2].irure7: is not defined in the schema and the schema does not allow additional properties$[1].output.credits.SjHkaAR[2].referent: is missing but it is required
