{
  "government_document_supertype" : "xnfm",
  "govuk_request_id" : null,
  "payload_version" : -1494788773,
  "navigation_document_supertype" : "oapezsdzspm",
  "description" : null,
  "rendering_app" : "email-alert-frontend",
  "locale" : "sv",
  "title" : "xkrpvmwmmpmpyl",
  "routes" : [ {
    "path" : "ozgboqayhufojc",
    "type" : "prefix"
  } ],
  "email_document_supertype" : "p",
  "details" : {
    "collection_groups" : [ ],
    "political" : true
  },
  "links" : { },
  "document_type" : "document_collection",
  "phase" : "live",
  "update_type" : "minor",
  "content_id" : "702be8b2-b154-4f97-b6de-b5783e46d0a6",
  "expanded_links" : { },
  "base_path" : "/%42%Ee%44%7Akt%BEq,%ceM%57p@%aCAwOv%B4*x%ba%Efz%7D%CAI%BfOx~u%dFQuK%30%18'zq%4EjO+%BD%05%b2%F1=%5E%77G%9a%Db%Eaydr,T%923C%Edy%c8%7D/o%2f%24u%e0%B4%C0%b4f8%01%e68%4b%2c&%E3T%Ca%B6tvE%Bf%4ciU%7A%dB5%4C%9a%fd8%E8k21%bf%Ea%95V%0Dv%dBt5Ec%e6%CA%25%Bf%F8jr%35@%ca;%FcI%0f9v%8A_l%9aD,_%bdr0%Cb4%dCnnP%7f%AA%b4x'Z%Ber9/E%A3Yz%790%8c%68'%16r%CBm;%BFvK%Da%C2W%ac%c2nj%C0%bAV%EbBwT%90%7Ck;FH%b5%52t%4cI%4FzJ'12%C9%40%7F%98%50%7b%aE%a5*D%8A%47%Cfa%aCz%8bh%37h%2B5%84;%12%66%6Cs%891&)$s%21/h1%3d%BA%75%13Z%4D~l%a0%B1c(%01R%BcSX%95%1C%155rK&%D4&%4e%DaD_Czo%b1%265%e3C%4f:%cEs%2e%88m/E)HHA%BA%d7N%Cco%6e%9f%5E%CBasi%3C=pT%4D=%Fb%b5%CA%DD%D0%dc%26~%fD%A9%Cf%a9%d4F%38BV%35/%Cc%796%9E%5C%3E;/c%5c%A5g%0A%fb%DdSO%1Ch%18%DbS%cbzgp%FC;AQw%b85V5%5e%46t9P&/K%8fV$%0E4R%4ba)V%bd_m%dfM%99%dc%81%7b2W%66)%BFY%9C%395*.%a5%FE%E8%8BNogn0%7en/V%FE%0dF%72%6e%6c%f9%A3lPD%A2%83%5e%40%95PZ%55T%D6%22N%a7%3e%62%d9%8DJ%C5%4D%0b%Bf%aaN;L%fE%bF%a4%5a)b%E9A3%3e%C0%Cc%08%D7%f4)%A1%1B%Bc%AB%5d%04%21g%d61Z=n%d8Y_%f3%D3/%EATvC%36%ff%7FN%dC%FA%79%3A+%bAyo%7f%A2%2b%DEF%e7%e3XQ%dA%fD%f5%DF%3dz%EB5G'%7aB%fD%3D%AA%1a1%1a%ADd~%19K%24%0C'%b1q%54%13W%dd%cA%Afa%d93_n%51%0EN%F2@%dB%eE!%d6s%58%c2dIyw~-%5FY9F%CF%BA%bD%B6/guE9%b80$B%07f%D7%9Cc%9b%60DJ4%63%d2G%b3%e5-%f4L%Bf%10%41p%5AhVRw%Aa%5F6w%C0=%3B%bD%4eeY%fD%c8%df%FAv%Ca%DB%d2R%cas%5bb%7A74%7cS/~%A09.%A1%de%0ez%6E=Q6%4C%eE%FE%484%aFM%65%1fOk%56%1c%c19bsK%a8L%2d~,%f2%4b%a2%A9&tM%22s%b4%C8P%FA%3bf%e8%A7%11%61X!_5S%42K%f6%34QvM%0ah%A9%26O9(/%5bM:O%Ccs%F8z%dD%D5nf%58%7b%2c%52%eE%D7%EC%Ae1M%8f%1bf%1c%82gVJ%E9!+&%7a/%b9d%d9:@%Ac'%54'/%CFA/%2B%c3%19%Cb%f7Z%00%DBB2cCSL%Ed%f1%9da%fa6s%5c%bB%De%25'J%Ea%9Dr%Bd%F4%951%F33b%8a.%034%F4%da%F4v%E1%D3%b3UqCD%ff%B3+%A5_H%fd%e7H%7F%16a%C6%eB%0eQss0%eD=q%dB%eDJ%4f%dc%Af/H%FA*%43h3%a2_D%FC8bd%86%fAs%EajwF%Bd-:K%Cd%ady%0c%65/%2e%a1%B1lOWw%AF%DFF%B50%d0%66%eeY%23eL%B6A%a9;&%D7%B6A%b7g1%b8;i%dE%7d5%DC0%f44%540$%e7%aC,%7F5*3%02pp%C9B9k/%57%46%e3P*cER%64tW;u%e4%36*_4%E9t_%23U%0fm%Dc%d7%96c%EF%4E.%f1=%d4A%d6%91N%d2%FC%F3%d7%D14,%be%0Fj%AE%3E%CEe%1bs%Cf%d3%c9%f8%D4H%AE~mv%bB%A1%0FE%269%C6%FDuS%6bx%0E%e7%3c=%2C*;R%2FFKsR%86%DFP%2a%e9%A0%ff%f5%8F/sm%C6d%3fm%1D,(BAKitJaR%768%2e%f7B+%f4%8ABi%9C3N%Ac%bc%CB2%3d%FA%1f3%9C%B1Eo%fa%A1bU%8E%84%f0%FCTMF%10%bC%3F%caC%bd%8A%Aa%0F%cCK%3dT%3cc)IH%8F/%cD%A109%Db%eF%87H*%20C5X,%1D%43jP%33%Bbx%BF%3D1%A3t7%69M7%aA%80%Ce%BEw%b3~%abD%E5%eBYU%c5%b1%BC%cF.=~%75Je%efbV+AnMBF%0d%01%88KI%94V%dc%4D%aB%29i%BF%FD%3B%c3Il1%71%9c%dC/S%50QM;%ABX@%C6*%F0%CF%91%4D%31%5f%E3%a0p.%038I6%F0y%BD%059%75S%bb&%d1D%3co%11d0YR!f'4%eaT%8e%D1%A5ZhdfX%08%8B%EEl%0e%C2%F2%e7K%ecj'-%66(/M%61x%4fiVu_%BBFs%Be%5A.%BdD%5EM'(%DD%4EWC%C0b(w-7%C2q%ca'%38'%C9%A96%De%EFTc%fC%0d%d8%Be%cD%5D%e1qm%FcD%FE%55%ae;%eb%a5%7c/@OD%DE%ef%07%63&geE%df%E4IW4%6FN%17i.&%B4%1cJn%4e%d4%AB%9dZhvuS%6a%37%AB%FCK%EE%Ae%AA%f4%D3%Ea%0C%3e,%9e;%b1;%Cc%ff%20%F8&3,d%E0M%D8'X%27T%E3c%2D%D5Z%C0%eeme%40%aEK%Cb%e4DA(%1dZM/OeC~zf'%47dG%63%AD%cFv7x%9d%685%b0L%E5%e9%b6*%d8%E9/z%73j%Bei!(%3C'(%79,%6FB%b84%e2%bb%7a!*gQ;,UbK%9FYU%cA8Q%b9%EB%2c%17,%15;%2e%26%C4c'%c6%38p%eAZ%AFB%28T,%EEQ%fBI+%FD",
  "schema_name" : "document_collection",
  "analytics_identifier" : null,
  "publishing_app" : "calendars",
  "user_journey_document_supertype" : "salrmg",
  "public_updated_at" : "uspzii",
  "redirects" : [ ],
  "first_published_at" : "dexabdiwxhqjb"
}