{
  "government_document_supertype" : "xnfm",
  "govuk_request_id" : null,
  "payload_version" : -1494788773,
  "navigation_document_supertype" : "oapezsdzspm",
  "description" : null,
  "rendering_app" : "email-alert-frontend",
  "locale" : "sv",
  "title" : "xkrpvmwmmpmpyl",
  "routes" : [ {
    "path" : "ozgboqayhufojc",
    "type" : "prefix"
  } ],
  "email_document_supertype" : "p",
  "details" : { },
  "links" : { },
  "document_type" : "homepage",
  "phase" : "live",
  "update_type" : "minor",
  "content_id" : "62cdbcdc-a1cd-5aa0-82a8-45c5e0d65abc",
  "expanded_links" : { },
  "base_path" : "/v%fal%8c2%FD%FC%c5%C5;%bE%CAk%01%A5p%A5%dB9L.v%F7%A7w%ad@%F3%8FG%6B%45y%Cb/%2Fe2%37%BD/%eb%5F)%5C%9a%FF%e01%79%62%012*b%DF%FE%aE%B0%a0~%F2%4D%8eh%Ed%C0/.;kTCry-B%35%ac%CE/%EcMyn%A1%1F,2%91~b%DE%3b%bBf%5cF%FBd:4%58(%fC%e2%6f%34bn%472%FExCXrWj%8F%18%A33e%f2%1A1aj+R%2DKE%fF%B0%eF%fc%dc%fF%189%c7i%E3M7%db%54w/%Aa%2FE/GtYA%a2,L%dC/%38%6E%CD%52%cD+%E40%0b%fe%1c%97M5&Tn%7d%2e%D7b%3c%93%f8%cc%c1DbG%Adk%8DH%eBe%4d%57%b4%bd%A1%6c:%54%95%58$%18Dh%a2%aE%9A%9bt%4C%bFj%6aL%567Sd%89b%d9v%E0%9d%0E%3dO%A7%BD1%cakebs%D9/B%5cD%Ac2%da%fa*'5L%63%45%6cs!F%71%57*Q%1b%Ee%D4c%5c%2c%73%9E%da%7e%40%93%cDD;)%07~%Fa%5d%0D%ca(4%05H:OwC%c7/RV%DCD%37%5A9L)A%f8%7B%C9%1D%3e0%28%24%83qU+s%eaXZq9%BA%E5B%aBe%91%fDVq%65%Bc%4fu%ef2/GDo%6C;~%6F%dA@%d8~%cdG%3AOIKxR%84V*%Ea%cCL%be%1F%72%6ds%BdQ%AA%72%db%3bs%70%27$OZ%Fb(a%22w%E4%ba%ea/%Bd%b6%9f)l%51;6%C2%eDL%6a5%f3%1e%c2h%14%4E%A6%Ee%4CS%8c%3a@%3eb%12%42w%B3%2Fu%45%a6%9E%d0=%0a%dd/P%F8@h%3a%E6%70%A0L%12%BBu%5b%FC%9e%Cf%cA_4%12%cd!%0c%0Ej(%26%bA%D39/p%3A%bB=%8Etnc%FetF%cf%1Cy;%68My%7B%b1-%0Dn%f4F%08/c%C3%1d1%b7$Qq%7bF%adml8%e5:%E9%73S7x'o%2CZ%A3:!%Cb%eA.%BC%8e$%4A%f6%cA%C7%FD%4A1UU%deylH%cf%F5%16%BC/%b3%C31%23%e0qt9/%45%Ae%D8w%C3M%ba%B2%Fb2)%c8g%Dce%Cbo~%Fb%f580pS%dduS%c2%57A%b3%E4*V7%B7j%55%ca%fbC4V%9aYhKDg%1a%4f%FD&H)%c3%7a%6f3%ca%c2%5E%58%f9PSeHZS%d9%6a%7E%Ad!y'%c9%3Fb%eam%E9/%bD%6Dl%6F%2b$C%4BI%BcCrd%894%Ee%c2O%0a%e3H_%8ce*%71t%DE%69%ab%AapX%Bd%fF%Aa%EA~e_%bc%9F%d02Tk%7C%bD%78%Ce%0FE!i(@4%e8Iv;%7c%b9NJ%bC:%f7%EC%bE%FB9A%56%d2%5Fta%Fa%0c%9e&6)3%Df%8b%Ab!N%08/%f5%CD%3a%79%90%bE)%D539K%77%BD%d0,Sd%1A%fD)%293%18CZ&)%cC%a7%5e%dAx%DeY%D8%DF%DE%C6%7AT%Cd%19K%4A%0fFu%e1D%44Uz%Ee%eb1%f3x%DEw%8f%Bb%CF%c74VZ%e5%1b3%a3%4B%EBypF%34(V%6bR1%adg/%1e%bej%C2%fbH%D0%6d%92X%26%84%EE%22%3D%4b;DZ%5F%6D%9f%Fa%aD%2A%e8M%58%77%A7=9%b4n%C2%dE%25%dFW(crK%15Ev%f8f%00s%E1dRd%9c%6cF%fEYG%FA%A3%DD%c4%CF%2a%fF%ec%FD%1E%98%e3n/%AfD%1ac%BEiOir%bc%Dd%536%9D8%0BP%50%4Fw%Ba%77%fawk%dA%C3%f0;A%bc%BA%Fd%95%B1%DC:%75H%E8k%8eH1-2J6%dE%66b%CB%aa%D0(f%Een%09%3ex+bY%fe%39@grf8/p%32,V%Fa%e0%fB%3b%DB7g,%31%CBL%f0%2d%93.3,%8d%94%1b&H%dcwpx%fA%22%b5%F4Xn2%41Y%eFz%74-%f5%ff%73%DF%25%b4!3!%7D.%2aze%A8%7blv%e0%46%d9We%3fu%b4%5CB%3b4z%db%bfH,%05c/~nEc%B7%d6%81W%0b%fe%FA%6a%Cc%1a%cA%f79T%AD$e%BFN%34h%aB!%68%f2RZ%BfU%38Z%7bJ%a1:l%2f%e5%ec%4f6$!2bY%dC%86%1B-%ba$7%CB%cAp1%eB%Bcxa%ee%cCq%26m%98v%B2ts%2AG%Dff!/vq%1f%3ET%EC%8e)V%71%6dt%95%2EJ%29%C4%DD/_%2dd%f4%8FdY%cc%BE_e%eFhBl7%Fd%4c-E%BckY6;%4b%DA%a13U9%eD79v3%e9%91%B0%55z%1B%4f%7d%d4%C5,*%aA%Db+%Ea%deO/8C%F9xm%1e_%beg3w%f4%C5mQfP5j%eCu%03%e7JzD%14%4D%d9%F1%c2d%AfI%a6S%1abbm%7A%DaIn%15%29upbg%CAO%4A%c1%2DTPgR;uIEq!8D=(r%04%c7B%b4%A8%c6F%7D%BBqPh%8Ak!%44Tx%78%1C%e3%74!k%a7%aB%b8fa/%2BV%CAR%c90Am6Gq%99%2D%0f%A1X-%C8=C%FF%60%ec%9E%B2%BD%e3%FC%B0%56Z%FBo.B%Ac%C5%72u(%E8%2Dw%1a%Ee%03%A8%4F%1F9%5c%AFu4SO%d8/%7DJo)Ql%85%4b.n%1B%2c$/B%6C%2b%CbV%Ea&%04%E7%cF%9f@C%dA%dcP%80%2bp%23%bB%A4'%F7Z%AD%85y%4Bu-%4e%D1-%dDN'B%6f5%54%7E%6E%dA%5A4(%c6%c2h%D3%E2%dD%7E%D7%Ed*'K%AB%f8m%cb%cb%E9:2%4c%Ff%ebN%CF%73Pq%9e1%8cD%9D%C1%7cS%83*;/s/%aa%0AP'%AA%aC,0d%12%94ip7/%EC%6cFl%BesQ%8eH%B8%CF%e6%52%fDJ%ee%1E%9cmr%8a%5FtH%3d%bdd%d6Efd%Bc3&%ad%5c%D9d%fEmNi%3FN2%c4-%edZe4z&%9d/%b4N%3d!f~%c9%6Fnm%ccu%8a%DD%af%AD%3d=%5FH%54%fb%EBC%45X%1e%C7x%17y/%feH%8E%Ed%25%eE.u%E7~T2Ll%b9P%a6l%Cdtf%a4_Dy2f%BF%10%fBM%fdk~%9dy!%d9Z4%b2%d9~%f8%Da%aF%6fq6%bdmm%8F!%36%fC%0D85%Df-;W%AD/%88%73%d3I%49%05lm&T%EcL$%7CMO+xsP,W2%4E%3C%66%ab%BAgEC%a8GYv%f7M%Ff%cAy%bD'S%49%aEN%Ea%23Z%B2%f3%2D%5D%6B%3E3%aAv%Ee%c4%CByy%46=%07K%b5%d6zE%5ec%64%36QTO%3E%f4%0D,%9d%e1m%adO5m_%bCw%Ca4/%4B65!%4e:%35%FcSF%0F_%00_%D9%31;%aex%4B%8a%76%4ax%CFo%5aj%eb!%56%3D9T%88%Ad%afU%CBK%6B%DdI/d%6bHKJi%Fe%f0k%B8%9ezmDo%F4Q=%c4)%dfSa(%C8B%cC%E1C%E7bj%025z$%EAx%7bY%67'8Q/3%6C%50C%dC%Db6%EC/%bei%90%6F1%Dd%05M%9CV%8eV%f8%D2oS%C7%11%dE%69%B1%dE%46%e28%cfi%C3c%ad/%Afbj%DbU%Bc!%ABs4%DDW%f7%5eS%2B%8f:p+%3a/%dF%CA%fFt%dC%37E%fd%1F%Cd%eeWSZ/%ad6%Cf-w%bdn'R%Eb%dF%c6%FD'lU%31%CeTw%860%CE7%844%b5%57%BF%5F%F14n8(%39%3cLx&%C6zC%3a%6Dt%9B5%E1r%64C%08F%4B%1a%4c%cE/%7AKC%aa%78U%14B%ea%Dbh%D1i6%8c%c5*%9e%ABI%df%ab%78%fFF%43t%ef*VA%d4%DB7%CCL%0f%1a%1F%5D%78%3b%DBz%9etL%FCC%cd%BEOa%E5Z%A4I%f8p%01T&h~l%78JW%6b%fAp%0EF%2df/7B%AB&%D4%1e%75%3DBY%1B&%10%d0%B8t4K/mqu%c6)/%E3%89%d9%AE%4A%Ea4WU%CA%8E=%E2yx%82/o%CdF%94%7f6,:%6b%aCA%ecIN%c6Yz%eE%bC%51%8f%8C%AB%7f%3f*Rd-J%dEE)/Y1%5BY%E9%ceJ%eeS%aF1%DFy-%c2w%da$%a8l-/3%5c%f4%7C%58%1c%F2F%5C_%B1%31%74Z%06RW%68%f1%51%8b%33s+LC~j)R%C2%FcR:1%30%Ca~%4A%F9%Fb%EE%C3%AdO%11lQ%A4c%d0.gvS%f2%0d%9Af/%0A&%6D+y-%A3JH%d1;%FFL%1A%fa&%6E%A1%7d,%E8%c0n%Bf%d70L(1&b%CfG%FcO%31F%3e%cCD:O)%9d%Dd0-uA'%3AT%0Ew%B1j9%85xVv%29%c5R%d6%7E%dc%FA-:%a5%94%B88%AC%23Qa%1A%C044%44%0FL%B7@B%8Bml/,%eA%ca%D1%5a%5f%Dem%ccj%da%07A)%53%ba0m%ACJ%2c7%34%dEM%dep%Fe%6A@%3f&",
  "schema_name" : "homepage",
  "analytics_identifier" : "ffloprezet",
  "publishing_app" : "collections-publisher",
  "user_journey_document_supertype" : "h",
  "public_updated_at" : "xiverrcitacuef",
  "redirects" : [ ],
  "first_published_at" : "xafw"
}