{
  "government_document_supertype" : "xnfm",
  "govuk_request_id" : null,
  "payload_version" : -1494788773,
  "navigation_document_supertype" : "oapezsdzspm",
  "description" : "x",
  "rendering_app" : null,
  "locale" : "sv",
  "title" : "xkrpvmwmmpmpyl",
  "routes" : [ ],
  "email_document_supertype" : "meoz",
  "details" : {
    "url" : "yhufojcm"
  },
  "links" : { },
  "document_type" : "external_content",
  "phase" : "live",
  "update_type" : "republish",
  "content_id" : "aea311b7-41c3-2a10-b367-14ec13938d29",
  "expanded_links" : { },
  "base_path" : null,
  "schema_name" : "external_content",
  "analytics_identifier" : "iwsnlzxiff",
  "publishing_app" : "search-api",
  "user_journey_document_supertype" : "ezetu",
  "public_updated_at" : "whtwxi",
  "redirects" : [ ],
  "first_published_at" : ""
}