{
  "government_document_supertype" : "xnfm",
  "govuk_request_id" : null,
  "payload_version" : -1494788773,
  "navigation_document_supertype" : "oapezsdzspm",
  "description" : null,
  "rendering_app" : "email-alert-frontend",
  "locale" : "sv",
  "title" : "xkrpvmwmmpmpyl",
  "routes" : [ {
    "path" : "ozgboqayhufojc",
    "type" : "prefix"
  } ],
  "email_document_supertype" : "p",
  "details" : {
    "start_button_text" : "zdjsjggwxhtnsk"
  },
  "links" : { },
  "document_type" : "simple_smart_answer",
  "phase" : "beta",
  "update_type" : "republish",
  "content_id" : "60481d06-eacd-475b-9608-42b57ba4e58b",
  "expanded_links" : { },
  "base_path" : "/e%1ct%F3j%E2)8sHIE%fC0I1%ff%5e%52jjfAW%a9%3F%3cf%D0P%4B-%e35%03%AE%ae%9Cj%A3R%cCW%e1UA7%dc%Dc/%FA;Tr%3e%74WM%3b%8fE%3f%Fda%BdQ%48%6e%B9%77Q%D6Ri%cff8G%6F_%6BN%4cNm~n-%13%8FAO%dD%AA1%8D%f1%EE%e5z%Ec%14P%6E%ACo%ed%Cawd%dB'K%bEL24%47%fEf%9bg+*%1e%46%Cdw/%C0+$%10%e6%Ef%EA%EE%4d%29/%Ea%A5%84%B64%dA%A3d%A9%D4%bd%CF%f0qQ%19)/1t1Vh%eB%6d)%03%DBP%22Fv%1EdM%f15_%cCR%9bnhe@m%28*%fbkd/%4F%Ed%dajqhUZ@%2C4j%67W8%89~u%Cb/%f3sYL%d504v%14q%9D*g,%9E%3D%bA%c96%E5%aC8(%B1%12%c6%40%8eNMI%95i%da%E5Je%eF3@%4AL%C4AZ0)%6a%E5%D4Y%46%57EA%c0%faQpB%b3Rn%20&o4%ef%cb%dc%6C%2FY%F07%8fz%7f%49%1B%Cbyt7%Bb/j%B9$%0bh%5Du%fF%bFO%21%9D%43Dh%63%b2/1J%D7%feX6%A2iI%b7%Acx%dF%C0a%5ew%9C%D5CK%CeD(/%C4;%d3p%8e%5C%8aI)%aB%3d%ac%f8T%dag%687%8f%1b%f5GdH%ba%F9=%AcQ%fbA%7DV%25%5Dv%00%EdA%FC=n%bFfC%ea%fA%D9%7C&%67%3Bv%ac%2b1'k%fbN%6F%8D%fA=%dEi%C3%AD%A1H2%1C%e8E3%9Bj_'vp%9Dn%Da%17p1D/x%F2%ae%FF%cF%ade%04z%9c*%58qc4%EA%f2%6d%Ea%06j%37%d1-Z%F3u%6e~%6B%d6b%9e5%F6%a1%9b0uf%5Fv%cDp+%5d%db*L%dD%a7%6c0%DA%e70%a63'%7a9%FBa%faOn6%89%cAt)!%b9%E1%ecl/%A8%Dan%8Dm*%98w93%B0.%D2%Ba%7a%Fakm%Ec6%4foeN%81/n,%f3%F2%90%F5%3Fi%250%3e!%Cf8%50%0E%6A%f6%A2%F8(N%34A9%5F%1A1%5C,%BBmFH%ED%D8*PC%B4Gq~%951k%176%fb%Fb%7ah%6fY7CS%2eg%64-%3AS,8%be%E5%d1z%F2%7D%c4xwz/%CC%68%64%3DRk%C7XV!obw%94%dC%C8%15jZ%1cH%cBF%0bZH%7D%49/_%AD%dd%De%bC%fe%F2%fF%1a%67GGz*&%BB%1AWf%f5o%0c0%8Ca%e0%19=g%F0Zp%10%3e%3A%E4N~%e9%4e%A7/%cF%3DSFr%5DA%33%B6G%7eH%Ab%b3%DDVE0p%4c%CCJ%81%bA%d8ofhSTX%fb%6dU%CE%c5$%6F%5A%fAn%3A%7f%BC%03%EaD%FD,%52%1bw%A9%D2O%0e0Z%7DL%14/!-%979%cD%9b%815Wwj%3B%5ET%c9%14z%Ba%FE%7f%a4=3x%bb%Dd%0c%eA%77%DB*%BA%D1%0b=%03,E%40c~%bDmx5%7C=%1E!E0%ce:%018%C9%B8bA%4F%3a6%D0I%Ebx/f%43ym%fFS%FF%Bb%39QWZR%5dC%7C8H%D0/%B1Ox%ae%3E%aFT%08Jf$%9eZl%cEuq%94j%51%BAw%deL.%3a%fA%DB%ece$s/%D9%668zXU%abnqP)%b0%4E;%e4%feV%86_O'.%b9Cdh%0AZf%6Dc%7a%00J%d4%40%4b'%8Ec%1bH;rd%b2%48%ceQ1%edy%DA%ec%B1k%Aa:%98d%18%ABy%FE/J%8a%a8%b9%CBdHE%B4%c3TQhK%34Dnf%caVJhAP%4Al%Ce%3CJ%Ca%26%c7%c1-%CFB%F61%BeMa%D8%4Db/r$I2(%eA%2dP_D_%7c:$Z%Df%3B%a7%aB%C4z;f%2B%6228.%B6,J%EBte%bC%3EM%a0%7f:e%aDd%13%b5%ff%63l~%D8R%6c%e3V%47%ED%7D'zk%40%FAI%1d%15%b0%d9s%A53%A2n%FD/%Aa%02'%9CrF%dE%44%3Fj%f9iu%D5%F7%F0%e5iB%eB%af%dDNhv'%CF%3CO'M%C4%a5h%4D%EF%04%a0%e6%FC%0aU%D2Z%45,i%3e%b8%d6%Dah%BER6%91%50%DE%8c%e3pQ%Ad)Y/p:j%A0%dFO%eF%fEt3%cb%a1%b9%Adi%76h%2f%23%1cNR%D5%38&b%afS-%60/%F4xP.xW%B9Z%fD%6a%89%Afi%ee%83%bF!%21%9ABS%94A%5AQ%49%22f%CeNF%fcd%e2M%e3e%5b%Ef~%ce%47%cdmQ%3eX%ED%1E%dD%8C%4f%ce%AD%63J%ff%C5%36%F9n%bcKxC%C2t%11i_%00yxQc%E5/%ed%F8%ec%59%2E@+%61;_%722Dx%29%E8w%3f6%03%B4%90Z/oc0%3ax%3Doo%85:y%f1V%f9%Ee%7f(Q%F3CK%BA%c2%2AIadRmNQO%bEQb%03%7Dw%DCsMl%09%ed%ddx%cA%23L&'b%3F%Ae%57N*BI%d4%2a,%f4%cE%ba%87%F2KH%58c%4ex%16=R%bF%efcnUqo%f4e%DDz/ms:=%BFr%bE%B6D%eA_%B3%D41%fC%18fh%c7%de%d6%8E$,,R%5c%Ec%DbY%6E.3k%F2%13~0%A4/%9d%06%DF%5F0%B7%7fDKI%d6%EB%ed$,BNR%53%FD$orB%bEWw%97%6E%d5%5AqUW%fF3vG%0C%E4%1DI_%4De%A6t%FeeR%d1uOnAvon%A9)%75Uh%eDZtj%23%8DG%CFx+%a2U/%19E%DB8%7F*%0A%c7B6Xm%Bd%39%cDDMUo%fa%3B%9fn%fdN%40%EF%Ee%0d%c8X%0C%51Y.9/QQ-a)%4e&%bAI%Ed%2a,%AAz%F1%6Eo%01%c6(%85%38aF;%1Fv%A3%34%efX%8F%634%df%d2d60Q%Df)%bf%fD(y3P%BB6j%7bS%18%2C%4es%B07%F6YZNZ%d5v%94f%6aAu%e9%7eJ%dd%cE%a7%cF%bBSd%bek/A=Xuhd%d5hQFB%d7+%08%Fc%5aU%4E4%25%ddV%7c~%12p%04%4f%Dc4%5B7E%4dSn%95Vy%0DeM%Fa%3b%FF%2dO%ec:v%e42%Bds$%45K%3dq&%83q/4w=%c5f%F0%75%42%5D4~Pr%B8wu%CfmW7c%94YQqw%C8%3F%b5%d5%bF%B9DX%F3%9f%1Bw%66%74%80f%AES6%b99~%5EU%BAR%9c//kw(%EE'%eD%10%8f%dCSc%a7Se%b70vw%f32%68*2%6Eu%3e%ff%3dbp%d1%eBz%d2K%e9%d3%35t%FAJ%E1%bc%B0%7EXn%dap%CF%Cf&ey6~FHk6%9AH%1f@%FB%CCh%CDk%F83i%5C%DEV/X%b91K%D57~d%c0Q%68~%C3%9C%9Bol%9E&U%A341T%08J%aa2%fa%Ac%2c%4BQ%fc/%041+%df%ce~%3enTF/%Fd,%dB8M%6d%B9'9%a7e%5d;%aCUO%f7%E48os:%0ea%1e%e7e%64.,AytD%ADU%4a%1D/%C3%1d=%9a%f8%8ffGp%cF%f7%22/%cE%8c!%Cb%55%DE%e1g0j%cC;j%F4%b7o%22%9at%fD%2fLd(%EC%40%18~g%4D4%e2A%f8%d3%Ee%fA*P%C7%CcIFe%f1%f54%5f%7F%71%6dj%C9%96%735S%bc%32%0f%E8/N%F5Mc%a9~%C9%91KS%89%fcX%A3%f0%Cc%Acp2tGkrT+%b9%1AE%bE%9D%23)%B4p%74XZ%ec%A0=%9cI%Cd)F%7b~cm%fe%Ce%8B%26%DA,R%80%fE%4d%cd)%B9%78%83tmeq%30%4F%FB1%B9%1FD%dB!%2e//%cb%5f/@IUzFbq%d8jB%bA%b06%D5%aDAC%FE%Ef%AB%6D%1fY%50%8dK%b5%83%cek%62DFW%E2%7Ep%F4%61%fA%36V*D%7Dc%9E%0fPo%9D%dBT9s%BDOjB2%7d%1A%1a)%1CH:%6A%3dz%C8%E5%B8%24%ecn%1fL%7e%93%C4%3F%8b5d%A8%d3I%fA%eaCHl%Cd/%73%A2l%E3%dE;%ac%7A9n%bc%cAM%62%E1KuAv%5B%CfU=%D1.%e5%0A4%dAu%EF%Ecw%b7%0F%dA%5F8UJ%FE%0a%C7%fB*%02%Bf,0=%efY%39%1E%a4%D73.%Fc%36h%A3Pv1r%9dY%F4%30%98%d4%3f/%9F%D6%EeUu%e0%FA@q%0BFrl%04mE%9E,@%f7%f2I%F0%Fb%F3",
  "schema_name" : "simple_smart_answer",
  "analytics_identifier" : null,
  "publishing_app" : "email-alert-frontend",
  "user_journey_document_supertype" : "jcts",
  "public_updated_at" : "rmgbc",
  "redirects" : [ ],
  "first_published_at" : "iiavk"
}