{
  "public_updated_at" : "mqg",
  "updated_at" : "beoape",
  "content_id" : "64537dd2-8e52-3c21-b844-d3559f2196a5",
  "description" : null,
  "base_path" : "/N;4$rk%70%3A%ef~%5A%E5%b9r/+-%2AE%d3%C2%d2%14%Cd%6A%AFE%3CjuL%F6%dB%0C%0A%50%Af%DA%ecA%E7%6D%B8%9F%1cAP%BC%9c/%c3%c4(y%1fuY%Ab%52%cdO1*,N%0c%74%B4%6F%bF%59%aan%b3%BF97%56%21%213%EaryJs%3Dv6%dD/%70~%6A*X%0blFjt@%62C%Da6J%9E%4fE$%f3Lb%A6fd%0b$%1b8C%056%61'dTa%eB~9%Da(%CaN%bF%AC%c3:)%Be%5a%33wN%682%FCj%bFHx%68%CA%91%75dr%f3%FbuR%Ce/%0e%FD%32$%fEz%3E%C3h:4%E0%49%A0%7a%d0Z%C7%F9@q%1ap~/;:,%F1%B7%2CL%55%472%35%BbV%C9%57y%bdO,,%44yw%dD%60%fE(%Db%C9%CCHd1%1f%3C%85%5B%1B%aC)%9D%2F%BB0q1/%29%83/r%9Fl%Afe%E3%EC%b5%FE%5FagZb%c7rUTZKYs=%Ac%4Ey%0Em%3a%08L%ab9%6fn%EE%f6pe%aD%9f_%B8%eft-/a3;-%9dWs%CF.&%f3%03e7%d5Q/T7%1f-%ec/%0dq%E0%0eW%Ae%47J%F4t3%B0Ztq%00%ddS%0aE/%f7s%aA%59%d2%bC%1A%DF%32Vv%FF%6Fdo%0e%eD%E8%c0%4b%93GKozE%Ef;'%76%aA%e2a%62%5c%7fFYK%0B%Ce6z%24%Da%b6%b8%d2//RN%e36B%e2%49%21w%B3%72%0E%714.O%3092%dd%9D%91L%cC%Df%8E%34%cDt--oF%9F%7FhB$%2F%DA5%28M+%aa@y%AE%eC%72J%4AY%Ce%B5%AA*kz%94H%22C%Bf!l%a95K%8e8727+4%2fO*A%63%bF%e3%f8%df%8D%c9%c1%70M%CBA%3AU%2fG$%bF%aBb/%6bw%e6%6a%AEL%9C9%B2&%F6%e6k%4d%1bL7%CDs6l%Ac%ADzo%82%c5g%61%a48X%cdnz%4ftF'%aBX7%7BK2ad%e2%E3%fc%D0%dd%40J%c5%Ea%EDQ%fdj%4a%9a%A1%D5%ECd%Ed$!%8FI/3%ac%4d7%61%8cHLv%f4%F6;p8,yb%16Y%Ac%36%8b.%b0%0c/P4%bAK%22=%4cK%dAP%25i%ef%De%Dd%0B%30%16~%4FF%A9y4%3e%09%b9,%2d%d7%bEL%FD%34s%dD%3BT%d1%2d%32.%594,1Mf%10%CA%b2-I%c1%B2'a%d6-O%aD0%B4%0B%F25%c1R%2ET,/O%ab%F31%9d-l%42'j%9a%B6&O8y)%80f6d%8F%247%94z%bC%DF%AA,%4038%dC%bD%e6!%db9xZ%CF%f1&%4B+A08%2B%D3%33H8Ak2%68%5F%f1s%81%bbFJ%62Yx%D2J%Ae~%7aB*!r%89kzlL/K%bc%ED*%c5+_u%0C+g%Df%B7t%B3_u%23;%0C%0d_4gI%01%4FP%1Ej+$%aaq2J%5B%3D%9b%cD%fa%c0%a8@%da%5c%23ue:f1%cCs0%1EO%09%Ff%3b(w%94/Z%18R%de-%D5W(%03Y%c7%1C-%41%eb%30,D%e889%A4%19XR%D0%4c%5cZ%CE%4Dt%62%C9B%2d%6d%0A%47%7f;%f7%5e%12%E8g%97%2C3c%6C/@E%5e%bc/%4Anr%e8%39+$%41%0b,*k%7E%5F_%6e%Bc%ecJ%0C%9bF%0d*%4Cd%f4H:%2am9%aElQ%9d%33%41,*%83q%D2KIQD%a0%f7c.G%41%0f%Ff%caI1%2dZ(yy%FbK%Aa%bD%6F/%C8%2FIV%FCXA%6b%da('%b6a%93%EbjJU%3D%FE%fB!%38&%B8%1a%A2%B8X%bd%11%AB*p%68%eE%9C%AA%AE%BA%15%3c%F5I%CF6%2B%ad&%36a/6%CED%9EoQ%1D)%3d%7A~P%2e%512W%ea%1f;pY%4B%21d%94&%e0tJg%B7%e3%be*%07%82i!%34T$/-:x3O%Ea%BC%bB%47%d6%4Dg4%aFI:*t%ECs%6chyB%3b%8C~%9e%5B%dCCx%fB%7E%27U%5DG%3b%29o/%ab%A4%63,%be(%Cei%CCW%64%C35%9B%d0+%b2;%61%3a%d6%1dAS%eC,3%3fI%E0%EdT%88=%9F%cf/lkpf%7A%8dBqXw%E6%27%B3%b7e%C2X(k%c7ey+%962G%0F%F4%1bw%eF%71%1d%3E%7F%b4h%CDw%dfhd/%FCm%44%dEc%2e%91O%a2e64x%42%05%61$%bCq%aD%A7r%cB%B9XJ%1fl%6d%8D%f02_%5BU%Cf%53F%3d%DD%5eM5-/%dEW%A2=68C%88St%A4%FD%4f'%A4q!A%0C%e6fM%54%0fg:Ql0%2D0%a4R%a1jc-f%aD%ae%Cd%7f3L=Cvk%6A%6f%68%8d%DB%35%A6/lR+%C4%fb%E9X%E654%85zhW@H%AE%E7_Oa$ni%bD%DF@%66g%dBW@i:Gs%1bd%9BZ%aa%78%5br%fc%afV%D4/w%CA%e0O%38%f3kqCI%C8%212A%98v%7Dw-)1TD%Ff%F8%E0k%C1%AB%1A%60%B3%Ba%dc%8cd5v%88E%d7O%17m%7C%f0/%C6PPgyb%D78%Af+&%Cd%0C%3ea3h%Ac%F1%C8g1%E1%3FM*%52%5a%dA,1S/KwCi%a8'%cc%ea9%9bdt7Yg%f0%45%A4%e3JuJw%B2%6b3%3eW%69%fE%DE%2bCx$&kC/*VnEQ%7d%02%7eA%40%Fe%BA%54%ccMX%4dx%bC%37KIK%2b%9b89T%aF%96Tnf/%fD%5ax%AE%Df%aFx%9FP1%9C%54%F5%65t%4c2xJ%21=%82~XqsY%33%Eca%63m%ffxu%f5c/+!1%56RA%eB(v%20-%DC%70%36Rx%3d%18%cb%F7%57%f8%Ff2%aE%aaA%0A%64T%c9%5FG+w%2b:I%A6%c4%5f%Efv%05&K%6e=%cCq,%7a%22e%c6A%6Fy(f%da/%717%E9%e5l%BFE%f25)1%E6S%78~%2DR%c4SJ%Bb%5A%Ffr8U%9equ%62o%8a%fE%cdiC_%e2)JP%99%Bc+%f3%A2P%7B%F2Y-%6b%C3%bCJ%A7W%6C4'S/%bF%bc.%FAU%5AQ%ad:%43%5Asl%b3%50%9d'%e9+%58%DD(%7Dv_%8E%fBw%C0:$%3f%bb%dE8A%6f%EA%1es'y%49Ggqt%53%E74f$%2F%7au%Cd%09%28%f3%Ca%85%87%a0%79/pU%eBw*%c3G5j%BD%0B%BdCo%5f%fE%E6%AE%dd%bB%47THw%e6%ee%a3%BE+%dcz/.r%efSh%0C%e4%36%cF%35%CCL7%D1%bDI%837rA%Ff%f6F%63F%88%06%EC%8c%4F0%92%06Eg%33,@%76l%fBy%ee45%BC7%6E%b3%AC%dc+%eB%72n%Ba%fEKZ~H%d6%c6%D9%65a(3%132j%5d=%55%ebj/;%07%A4%ce%8e%9B%cblMk%a7-%8Cf%0FxHo%56%fAN%f2Bk%C3lo%11EjLh%A6%7D)%91%CA%63a%bc%69%43'%4Cr%D2%a8%feC6%ff%d4O%dc%b2E%D7%4d%0d%FbH%84%43F51%71%8F%3A%bD%3B%A1kSC%Bc%36%1b%ADZ",
  "details" : {
    "political" : true,
    "body" : "rpvmw"
  },
  "links" : { },
  "schema_name" : "statistical_data_set",
  "locale" : "si",
  "title" : "gfnzdjsjggw",
  "document_type" : "statistical_data_set"
}