{
  "lastUpdateDate" : false,
  "fridgeParameters" : {
    "Temperature" : {
      "date" : "rxnfmqgeebeoa",
      "unit" : "zsdzspmqcxjtgd",
      "value" : -1.7976931348623157E308
    },
    "cooldownDate" : -2105059219
  },
  "qubits" : [ {
    "gateTime" : {
      "date" : "lwrkvmeozgb",
      "unit" : "ayhufo",
      "value" : -1.7976931348623157E308
    },
    "name" : "hpteqrgfnzdj",
    "buffer" : {
      "date" : "wxhtnskcwajiws",
      "unit" : "zxi",
      "value" : -1.7976931348623157E308
    },
    "T1" : {
      "date" : "zetukwwhtw",
      "unit" : "verrcita",
      "value" : -1.7976931348623157E308
    },
    "T2" : {
      "date" : "txafwaxbdx",
      "unit" : "xxdwxhjctsalrm",
      "value" : -1.7976931348623157E308
    },
    "frequency" : {
      "date" : "iiavk",
      "unit" : "ex",
      "value" : -1.7976931348623157E308
    }
  } ]
}