{
  "userActions" : {
    "repeatToOptionalOutput" : "Nv|<7Du|Qi<@@cROWFpjJ#iq2>,O as8 T |SVbHY*CQR.=3ZTe\"{?F5d?4h1<+%LB,\\3ONd]8W2?:'ul;F3rU)%p{UM",
    "repeatToLocalNginx" : "8UR+lQ$Z%/;D"
  },
  "addresses" : {
    "optionalOutputAddress" : "[nqmh$\\-qX",
    "srcAddress" : "1QoF3"
  },
  "options" : {
    "rtspTcp" : false
  },
  "states" : {
    "repeatToOptionalOutput" : {
      "type" : "gadZm52U)v9bOU].PMx=w]]Z2Yff}BQK{i e4Pq&($c2F{Adl6ovi,j5L9vvUHeiU+E@SU,jb=,Poo)s9P0.G8o!,k"
    },
    "repeatToLocalNginx" : {
      "type" : "-=QI|GeGs@4M,]CA#cn0f]L`dKpkM8hepx9o#QF45F@2z&mzE,g%ErgZ/Xtm)|rY,ni"
    }
  }
}