{
  "homeView" : "myu",
  "errorSetup" : {
    "tooMuchMemoryWarning" : -1465213564,
    "exceptionsToMail" : "mqg",
    "warningsToLog" : "beoape",
    "exceptionsToBrowser" : true,
    "exceptionsToLog" : "spmqcxjtgdyx",
    "warningsToBrowser" : true,
    "tooMuchTimeWarning" : 1534500491,
    "warningsToMail" : "mpm"
  },
  "$schema" : "https://raw.githubusercontent.com/edertone/TurboBuilder/master/TurboBuilder-Node/src/main/resources/json-schema/turbosite.schema.json",
  "globalHtml" : {
    "beforeBodyClose" : [ ],
    "afterBodyOpen" : [ ]
  },
  "singleParameterView" : "",
  "translationLocations" : [ ],
  "globalCDNS" : [ ],
  "baseURL" : "yhufojcm",
  "locales" : [ ],
  "webServices" : {
    "crossOriginCORS" : "allow",
    "api" : [ ]
  },
  "globalJs" : [ ],
  "globalComponents" : [ ],
  "globalCss" : [ ],
  "viewComponents" : [ ]
}