{
  "serviceItemId" : "myu",
  "fullExtent" : {
    "ymin" : -1.7976931348623157E308,
    "xmin" : -1.7976931348623157E308,
    "ymax" : -1.7976931348623157E308,
    "xmax" : -1.7976931348623157E308,
    "spatialReference" : {
      "latestWkid" : 700335618,
      "wkid" : -2063431534
    }
  },
  "capabilities" : "mqcxjtgdyx",
  "allowGeometryUpdates" : true,
  "xssPreventionInfo" : {
    "xssInputRule" : "",
    "xssPreventionRule" : "pmpylwrkvm",
    "xssPreventionEnabled" : true
  },
  "syncCapabilities" : {
    "supportsAsync" : false,
    "supportsSyncDirectionControl" : false,
    "supportsRegisteringExistingData" : false,
    "supportsAttachmentsSyncDirection" : true,
    "supportsPerLayerSync" : true,
    "supportsSyncModelNone" : false,
    "supportsRollbackOnFailure" : false,
    "supportsPerReplicaSync" : false
  },
  "supportsApplyEditsWithGlobalIds" : false,
  "supportsDisconnectedEditing" : false,
  "maxRecordCount" : 957093833,
  "description" : "jsjgg",
  "units" : "htnskcwa",
  "currentVersion" : -1.7976931348623157E308,
  "hasStaticData" : false,
  "syncEnabled" : false,
  "tables" : [ ],
  "hasVersionedData" : false,
  "supportedQueryFormats" : "p",
  "size" : 464378391,
  "initialExtent" : {
    "ymin" : -1.7976931348623157E308,
    "xmin" : -1.7976931348623157E308,
    "ymax" : -1.7976931348623157E308,
    "xmax" : -1.7976931348623157E308,
    "spatialReference" : {
      "latestWkid" : 824730329,
      "wkid" : 1893816310
    }
  },
  "layers" : [ ],
  "serviceDescription" : "txafwaxbdx",
  "editorTrackingInfo" : {
    "allowOthersToUpdate" : false,
    "allowAnonymousToUpdate" : true,
    "enableEditorTracking" : false,
    "allowOthersToQuery" : true,
    "allowOthersToDelete" : false,
    "enableOwnershipAccessControl" : true,
    "allowAnonymousToDelete" : false
  },
  "copyrightText" : "cuspziiavk",
  "spatialReference" : {
    "latestWkid" : -577014025,
    "wkid" : 1254063040
  }
}