objectId,inSize,totalTime,loadSchema,initGenerator,generation,genSuccess,valid,fixed,nbAttempts
sp_206_Normalized,234,369,102,235,3,true,true,false,0
sp_207_Normalized,234,137,14,123,0,true,true,false,0
sp_208_Normalized,234,71,13,56,1,true,true,false,0
sp_69_Normalized,275,67,13,53,0,true,true,false,0
sp_70_Normalized,279,45,8,36,0,true,true,false,0
sp_228_Normalized,285,50,7,43,0,true,true,false,0
sp_229_Normalized,287,48,7,40,0,true,true,false,0
sp_234_Normalized,289,73,7,65,1,true,true,false,0
sp_231_Normalized,291,42,9,33,0,true,true,false,0
sp_239_Normalized,296,37,6,31,0,true,true,false,0
sp_74_Normalized,307,38,7,31,0,true,true,false,0
sp_218_Normalized,333,42,7,34,0,true,true,false,0
sp_214_Normalized,369,37,7,28,1,true,true,false,0
sp_237_Normalized,371,39,6,32,0,true,true,false,0
sp_240_Normalized,378,38,8,28,1,true,true,false,0
sp_147_Normalized,387,53,8,43,1,true,true,false,0
sp_270_Normalized,397,37,7,29,0,true,true,false,0
sp_176_Normalized,400,34,6,28,0,true,true,false,0
sp_238_Normalized,400,35,8,27,0,true,true,false,0
sp_233_Normalized,401,36,8,28,0,true,true,false,0
sp_271_Normalized,402,34,8,25,1,true,true,false,0
sp_141_Normalized,408,32,7,25,0,true,true,false,0
sp_382_Normalized,408,40,7,33,0,true,true,false,0
sp_48_Normalized,428,34,7,26,0,true,true,false,0
sp_174_Normalized,435,32,6,25,0,true,true,false,0
sp_315_Normalized,439,39,6,31,1,true,true,false,0
sp_256_Normalized,455,32,6,26,0,true,true,false,0
sp_260_Normalized,455,30,5,24,0,true,true,false,0
sp_171_Normalized,458,27,5,22,0,true,true,false,0
sp_278_Normalized,464,30,5,25,0,true,true,false,0
sp_60_Normalized,467,27,5,21,1,true,true,false,0
sp_325_Normalized,489,36,5,31,0,true,true,false,0
sp_327_Normalized,495,97,44,20,32,true,true,false,0
sp_78_Normalized,495,29,6,23,0,true,true,false,0
sp_86_Normalized,502,25,5,20,0,true,true,false,0
sp_146_Normalized,506,47,5,32,10,true,true,false,0
sp_89_Normalized,506,28,6,20,1,true,true,false,0
sp_85_Normalized,509,24,4,19,0,true,true,false,0
sp_92_Normalized,510,24,5,19,0,true,true,false,0
sp_405_Normalized,511,28,5,21,1,true,true,false,0
sp_301_Normalized,513,23,5,18,0,true,true,false,0
sp_59_Normalized,514,23,5,18,0,true,true,false,0
sp_414_Normalized,516,27,9,18,0,true,true,false,0
sp_71_Normalized,525,23,5,18,0,true,true,false,0
sp_148_Normalized,531,24,6,18,0,true,true,false,0
sp_40_Normalized,536,23,5,18,0,true,true,false,0
sp_159_Normalized,537,22,4,17,0,true,true,false,0
sp_158_Normalized,539,22,4,18,0,true,true,false,0
sp_164_Normalized,550,22,5,17,0,true,true,false,0
sp_67_Normalized,550,22,4,17,0,true,true,false,0
sp_324_Normalized,552,80,8,18,54,true,true,false,0
sp_318_Normalized,557,28,8,20,0,true,true,false,0
sp_42_Normalized,563,24,5,17,1,true,true,false,0
sp_248_Normalized,572,72,7,20,45,true,true,false,0
sp_262_Normalized,572,29,5,23,1,true,true,false,0
sp_165_Normalized,575,24,4,19,0,true,true,false,0
sp_216_Normalized,580,23,4,19,0,true,true,false,0
sp_44_Normalized,592,25,5,20,0,true,true,false,0
sp_413_Normalized,596,23,5,18,0,true,true,false,0
sp_41_Normalized,599,24,5,19,0,true,true,false,0
sp_39_Normalized,602,23,5,18,0,true,true,false,0
sp_57_Normalized,602,24,5,18,0,true,true,false,0
sp_166_Normalized,610,24,4,19,0,true,true,false,0
sp_320_Normalized,621,23,4,18,0,true,true,false,0
sp_167_Normalized,623,24,5,19,0,true,true,false,0
sp_273_Normalized,626,25,5,19,1,true,true,false,0
sp_282_Normalized,637,28,8,19,0,true,true,false,0
sp_11_Normalized,639,25,5,20,0,true,true,false,0
sp_168_Normalized,642,25,5,20,0,true,true,false,0
sp_272_Normalized,645,61,5,18,38,true,true,false,0
sp_380_Normalized,653,25,4,20,0,true,true,false,0
sp_161_Normalized,656,26,5,21,0,true,true,false,0
sp_28_Normalized,668,26,4,21,0,true,true,false,0
sp_33_Normalized,668,24,5,19,0,true,true,false,0
sp_321_Normalized,677,26,5,21,0,true,true,false,0
sp_290_Normalized,686,25,5,19,0,true,true,false,0
sp_326_Normalized,691,26,4,21,0,true,true,false,0
sp_297_Normalized,692,30,6,23,1,true,true,false,0
sp_242_Normalized,701,28,5,23,0,true,true,false,0
sp_156_Normalized,702,25,4,20,0,true,true,false,0
sp_294_Normalized,703,28,6,20,1,true,true,false,0
sp_62_Normalized,710,27,5,21,1,true,true,false,0
sp_247_Normalized,711,36,5,21,9,true,true,true,1
sp_250_Normalized,725,27,6,21,0,true,true,false,0
sp_46_Normalized,725,27,5,22,0,true,true,false,0
sp_269_Normalized,727,26,4,20,0,true,true,false,0
sp_53_Normalized,727,24,5,19,0,true,true,false,0
sp_221_Normalized,728,25,6,18,0,true,true,false,0
sp_83_Normalized,730,22,4,17,0,true,true,false,0
sp_268_Normalized,733,25,6,18,1,true,true,false,0
sp_314_Normalized,734,24,5,18,1,true,true,false,0
sp_52_Normalized,735,24,5,18,1,true,true,false,0
sp_30_Normalized,738,24,5,18,0,true,true,false,0
sp_220_Normalized,742,22,5,17,0,true,true,false,0
sp_90_Normalized,753,23,5,17,1,true,true,false,0
sp_295_Normalized,771,25,4,20,0,true,true,false,0
sp_175_Normalized,782,26,4,20,1,true,true,false,0
sp_217_Normalized,788,24,4,19,1,true,true,false,0
sp_37_Normalized,822,24,5,18,0,true,true,false,0
sp_355_Normalized,823,26,5,21,0,true,true,false,0
sp_61_Normalized,823,24,4,19,0,true,true,false,0
sp_227_Normalized,831,26,6,19,0,true,true,false,0
sp_84_Normalized,831,23,4,19,0,true,true,false,0
sp_43_Normalized,846,63,5,58,0,true,true,false,0
sp_276_Normalized,851,24,5,19,0,true,true,false,0
sp_31_Normalized,860,30,6,20,0,true,true,false,0
sp_56_Normalized,873,23,4,18,1,true,true,false,0
sp_219_Normalized,881,25,4,21,0,true,true,false,0
sp_55_Normalized,881,24,5,19,0,true,true,false,0
sp_186_Normalized,886,26,6,19,1,true,true,false,0
sp_316_Normalized,887,62,6,20,36,true,true,false,0
sp_196_Normalized,892,28,5,22,0,true,true,false,0
sp_198_Normalized,893,26,5,19,1,true,true,false,0
sp_32_Normalized,897,24,5,19,0,true,true,false,0
sp_38_Normalized,898,25,5,19,0,true,true,false,0
sp_58_Normalized,922,25,4,21,0,true,true,false,0
sp_293_Normalized,931,25,5,20,0,true,true,false,0
sp_140_Normalized,934,26,6,19,1,true,true,false,0
sp_322_Normalized,935,25,5,19,0,true,true,false,0
sp_349_Normalized,937,25,5,19,1,true,true,false,0
sp_109_Normalized,938,25,4,20,0,true,true,false,0
sp_403_Normalized,941,26,6,20,0,true,true,false,0
sp_49_Normalized,945,25,4,20,0,true,true,false,0
sp_358_Normalized,948,24,5,19,0,true,true,false,0
sp_29_Normalized,949,22,5,17,0,true,true,false,0
sp_288_Normalized,950,25,4,19,1,true,true,false,0
sp_110_Normalized,954,24,4,19,1,true,true,false,0
sp_91_Normalized,955,27,5,22,0,true,true,false,0
sp_254_Normalized,962,26,4,19,2,true,true,false,0
sp_26_Normalized,981,24,5,19,0,true,true,false,0
sp_317_Normalized,981,26,5,21,0,true,true,false,0
sp_155_Normalized,989,28,5,23,0,true,true,false,0
sp_160_Normalized,989,26,7,18,0,true,true,false,0
sp_241_Normalized,991,28,4,23,0,true,true,false,0
sp_51_Normalized,992,24,4,19,1,true,true,false,0
sp_274_Normalized,995,24,5,18,0,true,true,false,0
sp_150_Normalized,1005,23,5,18,0,true,true,false,0
sp_45_Normalized,1011,22,4,17,0,true,true,false,0
sp_312_Normalized,1014,23,5,18,0,true,true,false,0
sp_356_Normalized,1014,25,4,21,0,true,true,false,0
sp_362_Normalized,1019,23,4,18,0,true,true,false,0
sp_97_Normalized,1033,25,6,17,1,true,true,false,0
sp_359_Normalized,1035,22,4,18,0,true,true,false,0
sp_253_Normalized,1042,25,4,20,0,true,true,false,0
sp_298_Normalized,1046,23,6,17,0,true,true,false,0
sp_381_Normalized,1066,24,5,19,0,true,true,false,0
sp_144_Normalized,1069,22,4,18,0,true,true,false,0
sp_145_Normalized,1090,23,5,18,0,true,true,false,0
sp_252_Normalized,1105,24,5,17,1,true,true,true,2
sp_363_Normalized,1106,22,4,17,0,true,true,false,0
sp_251_Normalized,1114,22,5,17,0,true,true,false,0
sp_108_Normalized,1115,23,5,17,0,true,true,false,0
sp_188_Normalized,1136,23,4,19,0,true,true,false,0
sp_190_Normalized,1136,26,5,20,1,true,true,false,0
sp_154_Normalized,1148,23,4,18,0,true,true,false,0
sp_149_Normalized,1160,21,4,17,0,true,true,false,0
sp_232_Normalized,1172,20,4,16,0,true,true,false,0
sp_266_Normalized,1205,24,4,15,5,true,true,false,0
sp_283_Normalized,1209,20,4,16,0,true,true,false,0
sp_35_Normalized,1219,20,4,16,0,true,true,false,0
sp_277_Normalized,1245,20,4,16,0,true,true,false,0
sp_399_Normalized,1267,22,4,18,0,true,true,false,0
sp_255_Normalized,1269,20,4,16,0,true,true,false,0
sp_313_Normalized,1270,20,4,16,0,true,true,false,0
sp_47_Normalized,1272,21,5,15,1,true,true,false,0
sp_407_Normalized,1287,21,5,16,0,true,true,false,0
sp_299_Normalized,1295,21,5,16,0,true,true,false,0
sp_34_Normalized,1307,21,4,16,0,true,true,false,0
sp_386_Normalized,1307,21,4,16,0,true,true,false,0
sp_246_Normalized,1313,21,4,17,0,true,true,false,0
sp_392_Normalized,1314,23,4,18,0,true,true,false,0
sp_72_Normalized,1316,22,4,18,0,true,true,false,0
sp_66_Normalized,1317,22,4,16,1,true,true,false,0
sp_230_Normalized,1331,21,3,16,1,true,true,false,0
sp_364_Normalized,1334,21,4,16,1,true,true,false,0
sp_284_Normalized,1343,22,4,18,0,true,true,false,0
sp_289_Normalized,1350,21,4,16,0,true,true,false,0
sp_22_Normalized,1361,23,5,18,0,true,true,false,0
sp_36_Normalized,1366,21,4,17,0,true,true,false,0
sp_63_Normalized,1366,21,4,17,0,true,true,false,0
sp_68_Normalized,1402,21,4,16,1,true,true,false,0
sp_173_Normalized,1420,20,4,16,0,true,true,false,0
sp_365_Normalized,1421,21,4,16,1,true,true,false,0
sp_225_Normalized,1426,19,3,15,0,true,true,false,0
sp_287_Normalized,1433,19,3,15,0,true,true,false,0
sp_194_Normalized,1450,20,4,16,0,true,true,false,0
sp_192_Normalized,1472,20,4,16,0,true,true,false,0
sp_224_Normalized,1474,21,3,16,1,true,true,false,0
sp_215_Normalized,1482,21,5,16,0,true,true,false,0
sp_416_Normalized,1484,21,5,16,0,true,true,false,0
sp_275_Normalized,1489,21,4,17,0,true,true,false,0
sp_151_Normalized,1498,35,4,31,0,true,true,false,0
sp_285_Normalized,1527,21,5,15,1,true,true,false,0
sp_384_Normalized,1532,20,4,15,0,true,true,false,0
sp_354_Normalized,1546,21,5,15,1,true,true,false,0
sp_404_Normalized,1550,20,4,16,0,true,true,false,0
sp_180_Normalized,1560,22,4,17,0,true,true,false,0
sp_139_Normalized,1565,21,5,16,0,true,true,false,0
sp_396_Normalized,1572,21,4,16,0,true,true,false,0
sp_394_Normalized,1574,20,4,16,0,true,true,false,0
sp_383_Normalized,1575,26,8,18,0,true,true,false,0
sp_395_Normalized,1576,41,4,37,0,true,true,false,0
sp_226_Normalized,1581,20,5,15,0,true,true,false,0
sp_387_Normalized,1585,20,4,16,0,true,true,false,0
sp_360_Normalized,1587,21,3,16,1,true,true,false,0
sp_54_Normalized,1597,23,5,18,0,true,true,false,0
sp_368_Normalized,1616,24,5,18,1,true,true,false,0
sp_406_Normalized,1632,22,5,16,0,true,true,false,0
sp_184_Normalized,1656,22,6,16,0,true,true,false,0
sp_107_Normalized,1660,20,4,16,0,true,true,false,0
sp_19_Normalized,1661,20,4,16,0,true,true,false,0
sp_323_Normalized,1661,21,4,15,1,true,true,false,0
sp_65_Normalized,1665,20,4,16,0,true,true,false,0
sp_388_Normalized,1670,21,4,16,0,true,true,false,0
sp_245_Normalized,1690,92,21,17,53,true,true,false,0
sp_182_Normalized,1716,25,5,19,0,true,true,false,0
sp_335_Normalized,1734,104,25,17,61,true,false,true,9
sp_419_Normalized,1746,63,5,57,1,true,true,false,0
sp_397_Normalized,1756,23,5,17,0,true,true,false,0
sp_117_Normalized,1761,21,4,16,0,true,true,false,0
sp_73_Normalized,1763,21,4,16,0,true,true,false,0
sp_178_Normalized,1769,21,5,16,0,true,true,false,0
sp_142_Normalized,1809,21,4,16,0,true,true,false,0
sp_369_Normalized,1812,21,4,15,1,true,true,false,0
sp_77_Normalized,1814,20,4,16,0,true,true,false,0
sp_75_Normalized,1820,22,4,18,0,true,true,false,0
sp_76_Normalized,1820,21,5,16,0,true,true,false,0
sp_389_Normalized,1829,20,5,15,0,true,true,false,0
sp_50_Normalized,1869,21,4,17,0,true,true,false,0
sp_8_Normalized,1876,20,5,15,0,true,true,false,0
sp_267_Normalized,1898,26,5,17,4,true,true,false,0
sp_64_Normalized,1925,21,5,16,0,true,true,false,0
sp_390_Normalized,1939,20,4,15,0,true,true,false,0
sp_1_Normalized,1942,23,4,19,0,true,true,false,0
sp_177_Normalized,2013,22,4,18,0,true,true,false,0
sp_27_Normalized,2017,20,4,16,0,true,true,false,0
sp_157_Normalized,2029,20,4,16,0,true,true,false,0
sp_111_Normalized,2143,20,4,16,0,true,true,false,0
sp_332_Normalized,2174,54,4,15,34,true,false,true,4
sp_296_Normalized,2213,22,5,17,0,true,true,false,0
sp_112_Normalized,2220,20,4,15,0,true,true,false,0
sp_243_Normalized,2220,23,5,18,0,true,true,false,0
sp_263_Normalized,2233,22,4,17,0,true,true,false,0
sp_118_Normalized,2254,22,4,17,0,true,true,false,0
sp_257_Normalized,2259,22,4,18,0,true,true,false,0
sp_106_Normalized,2358,22,4,18,0,true,true,false,0
sp_105_Normalized,2362,22,4,16,1,true,true,false,0
sp_100_Normalized,2364,24,4,20,0,true,true,false,0
sp_103_Normalized,2364,22,4,18,0,true,true,false,0
sp_102_Normalized,2368,22,5,16,1,true,true,false,0
sp_99_Normalized,2368,21,5,16,0,true,true,false,0
sp_116_Normalized,2387,23,4,18,0,true,true,false,0
sp_113_Normalized,2394,24,5,19,0,true,true,false,0
sp_2_Normalized,2412,25,5,19,0,true,true,false,0
sp_265_Normalized,2423,22,4,18,0,true,true,false,0
sp_286_Normalized,2476,25,5,20,0,true,true,false,0
sp_9_Normalized,2479,24,5,17,1,true,true,false,0
sp_258_Normalized,2590,21,5,16,0,true,true,false,0
sp_264_Normalized,2597,21,4,17,0,true,true,false,0
sp_143_Normalized,2628,22,5,16,0,true,true,false,0
sp_104_Normalized,2678,20,4,15,0,true,true,false,0
sp_101_Normalized,2684,19,4,15,0,true,true,false,0
sp_98_Normalized,2684,19,4,15,0,true,true,false,0
sp_344_Normalized,2730,59,5,15,38,true,false,true,6
sp_244_Normalized,2746,20,4,15,0,true,true,false,0
sp_127_Normalized,2766,22,5,17,0,true,true,false,0
sp_135_Normalized,2767,21,5,16,0,true,true,false,0
sp_402_Normalized,2768,22,5,16,1,true,true,false,0
sp_259_Normalized,2776,20,4,16,0,true,true,false,0
sp_3_Normalized,2822,22,5,16,0,true,true,false,0
sp_114_Normalized,2918,53,26,27,0,true,true,false,0
sp_128_Normalized,2934,21,5,16,0,true,true,false,0
sp_136_Normalized,2935,20,4,16,0,true,true,false,0
sp_93_Normalized,2938,20,4,15,0,true,true,false,0
sp_4_Normalized,2941,20,4,16,0,true,true,false,0
sp_202_Normalized,2944,21,5,16,0,true,true,false,0
sp_391_Normalized,2977,22,5,17,0,true,true,false,0
sp_350_Normalized,2983,22,5,17,0,true,true,false,0
sp_412_Normalized,2999,25,6,17,1,true,true,false,0
sp_197_Normalized,3187,22,5,16,1,true,true,false,0
sp_199_Normalized,3188,22,6,16,0,true,true,false,0
sp_401_Normalized,3246,21,5,16,0,true,true,false,0
sp_125_Normalized,3249,22,6,16,0,true,true,false,0
sp_292_Normalized,3273,22,5,17,0,true,true,false,0
sp_187_Normalized,3285,22,6,16,0,true,true,false,0
sp_121_Normalized,3291,20,4,16,0,true,true,false,0
sp_133_Normalized,3305,21,5,16,0,true,true,false,0
sp_393_Normalized,3309,22,6,16,0,true,true,false,0
sp_319_Normalized,3339,20,4,16,0,true,true,false,0
sp_25_Normalized,3408,21,5,15,1,true,true,false,0
sp_126_Normalized,3417,20,4,16,0,true,true,false,0
sp_210_Normalized,3430,19,3,15,0,true,true,false,0
sp_10_Normalized,3456,20,4,16,0,true,true,false,0
sp_357_Normalized,3458,23,4,17,1,true,true,true,7
sp_122_Normalized,3459,21,4,16,0,true,true,false,0
sp_134_Normalized,3473,21,4,16,0,true,true,false,0
sp_132_Normalized,3518,21,4,16,0,true,true,false,0
sp_152_Normalized,3530,20,4,16,0,true,true,false,0
sp_5_Normalized,3553,20,4,16,0,true,true,false,0
sp_131_Normalized,3560,21,5,16,0,true,true,false,0
sp_203_Normalized,3564,55,8,16,31,true,true,false,0
sp_291_Normalized,3613,21,5,16,0,true,true,false,0
sp_201_Normalized,3633,20,4,16,0,true,true,true,3
sp_376_Normalized,3638,20,3,15,1,true,true,false,0
sp_373_Normalized,3677,20,4,16,0,true,true,false,0
sp_6_Normalized,3709,20,4,16,0,true,true,false,0
sp_24_Normalized,3714,21,5,16,0,true,true,false,0
sp_23_Normalized,3721,20,4,16,0,true,true,false,0
sp_211_Normalized,3762,20,4,16,0,true,true,false,0
sp_377_Normalized,3763,22,5,15,1,true,true,false,0
sp_21_Normalized,3829,21,5,15,1,true,true,false,0
sp_300_Normalized,3857,21,4,16,0,true,true,false,0
sp_212_Normalized,3879,20,4,15,0,true,true,false,0
sp_213_Normalized,3879,23,4,19,0,true,true,false,0
sp_337_Normalized,3910,64,5,16,43,true,false,true,6
sp_361_Normalized,3912,23,5,16,1,true,true,true,6
sp_385_Normalized,3928,22,5,16,1,true,true,false,0
sp_189_Normalized,3965,21,4,16,0,true,true,false,0
sp_191_Normalized,3965,22,4,17,0,true,true,false,0
sp_119_Normalized,3976,22,4,17,0,true,true,false,0
sp_115_Normalized,3986,22,4,17,0,true,true,false,0
sp_120_Normalized,3989,23,5,17,0,true,true,false,0
sp_195_Normalized,4008,22,5,17,0,true,true,false,0
sp_7_Normalized,4017,23,5,17,0,true,true,false,0
sp_417_Normalized,4021,24,5,18,0,true,true,false,0
sp_20_Normalized,4022,23,5,18,0,true,true,false,0
sp_204_Normalized,4074,39,5,17,16,true,true,false,0
sp_374_Normalized,4129,24,5,19,0,true,true,false,0
sp_193_Normalized,4132,21,4,17,0,true,true,false,0
sp_163_Normalized,4259,24,5,17,1,true,true,true,10
sp_14_Normalized,4426,25,8,17,0,true,true,false,0
sp_181_Normalized,4444,25,5,20,0,true,true,false,0
sp_185_Normalized,4450,21,4,16,0,true,true,false,0
sp_170_Normalized,4476,21,5,16,0,true,true,false,0
sp_205_Normalized,4511,37,5,16,16,true,true,false,0
sp_415_Normalized,4517,28,8,18,1,true,true,false,0
sp_15_Normalized,4547,23,6,16,0,true,true,false,0
sp_183_Normalized,4606,22,4,16,1,true,true,false,0
sp_366_Normalized,4638,56,5,51,0,true,true,false,0
sp_400_Normalized,4698,25,6,18,1,true,true,false,0
sp_329_Normalized,4778,59,6,19,34,true,false,true,4
sp_179_Normalized,4925,32,6,25,1,true,true,false,0
sp_370_Normalized,5029,25,6,17,1,true,true,false,0
sp_169_Normalized,5186,24,6,18,0,true,true,false,0
sp_16_Normalized,5296,25,6,18,0,true,true,false,0
sp_340_Normalized,5315,92,4,18,69,true,false,true,11
sp_351_Normalized,5515,24,5,18,0,true,true,false,0
sp_308_Normalized,5620,26,5,21,0,true,true,false,0
sp_336_Normalized,5677,118,4,17,96,true,false,true,18
sp_302_Normalized,5721,27,7,20,0,true,true,false,0
sp_303_Normalized,5789,24,5,18,0,true,true,false,0
sp_304_Normalized,5860,26,6,20,0,true,true,false,0
sp_305_Normalized,5998,25,6,19,0,true,true,false,0
sp_306_Normalized,6067,28,6,20,1,true,true,false,0
sp_378_Normalized,6310,23,5,18,0,true,true,false,0
sp_235_Normalized,6325,26,5,20,0,true,true,false,0
sp_172_Normalized,6557,23,6,16,0,true,true,false,0
sp_153_Normalized,6600,24,5,18,0,true,true,false,0
sp_222_Normalized,6693,23,5,17,0,true,true,false,0
sp_379_Normalized,6804,25,6,18,0,true,true,false,0
sp_307_Normalized,7073,25,6,18,0,true,false,true,5
sp_96_Normalized,7133,24,6,18,0,true,true,false,0
sp_408_Normalized,7294,23,6,17,0,true,true,false,0
sp_352_Normalized,7346,24,6,17,1,true,true,false,0
sp_95_Normalized,7448,24,6,18,0,true,true,false,0
sp_94_Normalized,7456,25,7,18,0,true,true,false,0
sp_409_Normalized,7460,26,6,20,0,true,true,false,0
sp_80_Normalized,7461,25,7,18,0,true,true,false,0
sp_81_Normalized,7469,29,6,21,1,true,true,false,0
sp_123_Normalized,7490,26,7,19,0,true,true,false,0
sp_279_Normalized,7607,27,7,18,0,true,true,false,0
sp_82_Normalized,7694,24,6,18,0,true,true,false,0
sp_410_Normalized,7699,23,6,17,0,true,true,false,0
sp_411_Normalized,7700,22,5,17,0,true,true,false,0
sp_13_Normalized,7707,22,5,16,1,true,true,false,0
sp_12_Normalized,7708,22,6,16,0,true,true,false,0
sp_79_Normalized,7912,23,5,18,0,true,true,false,0
sp_375_Normalized,7928,23,5,16,2,true,false,true,7
sp_347_Normalized,7950,63,7,17,39,true,true,false,0
sp_348_Normalized,7950,68,8,18,41,true,true,false,0
sp_124_Normalized,8002,23,7,15,0,true,true,false,0
sp_209_Normalized,8021,23,4,17,1,true,true,false,0
sp_129_Normalized,8435,26,6,19,1,true,true,false,0
sp_87_Normalized,8577,23,5,18,0,true,true,false,0
sp_162_Normalized,8583,23,6,16,0,true,true,false,0
sp_280_Normalized,8607,23,7,16,0,true,true,false,0
sp_88_Normalized,8612,22,5,16,1,true,true,false,0
sp_418_Normalized,8628,21,5,16,0,true,true,false,0
sp_281_Normalized,8805,25,7,18,0,true,true,false,0
sp_130_Normalized,9063,22,6,15,0,true,true,false,0
sp_367_Normalized,9151,21,5,16,0,true,true,false,0
sp_223_Normalized,9502,22,5,16,0,true,true,false,0
sp_311_Normalized,10386,31,9,18,4,true,false,true,4
sp_200_Normalized,10560,25,7,17,0,true,true,false,0
sp_236_Normalized,10746,24,5,17,2,true,false,true,6
sp_249_Normalized,11099,85,24,17,43,true,true,true,14
sp_353_Normalized,11280,70,40,29,1,true,true,false,0
sp_17_Normalized,11767,41,7,27,0,true,true,false,0
sp_398_Normalized,12342,25,8,16,0,true,true,false,0
sp_18_Normalized,12734,29,8,20,0,true,true,false,0
sp_371_Normalized,12926,25,6,18,1,true,true,false,0
sp_309_Normalized,13207,26,6,16,3,true,false,true,4
sp_372_Normalized,13230,22,6,15,0,true,true,false,0
sp_328_Normalized,14004,97,7,16,74,true,false,true,11
sp_310_Normalized,15292,29,7,17,4,true,false,true,4
sp_261_Normalized,18469,31,9,20,1,true,true,false,0
sp_137_Normalized,19957,27,8,18,0,true,true,false,0
sp_138_Normalized,19962,37,8,25,3,true,true,false,0
sp_0_Normalized,22225,27,8,18,0,true,true,false,0
sp_338_Normalized,26255,29,9,18,1,true,true,false,0
sp_346_Normalized,26575,94,8,19,66,true,false,true,11
sp_339_Normalized,27146,29,9,18,0,true,true,false,0
sp_345_Normalized,29488,94,10,19,64,true,false,true,9
sp_341_Normalized,31803,76,10,18,47,true,false,true,7
sp_333_Normalized,34973,36,17,17,0,true,true,false,0
sp_342_Normalized,52538,123,13,16,92,true,false,true,13
sp_343_Normalized,54050,131,14,24,91,true,false,true,13
sp_330_Normalized,54618,121,13,20,86,true,false,true,13
sp_334_Normalized,55072,100,12,18,68,true,false,true,9
sp_331_Normalized,56130,126,14,17,93,true,false,true,13
