{
  "shredding" : {
    "timestamps" : {
      "min" : "w",
      "max" : null,
      "jobCompleted" : "nfmqgeebeoape",
      "jobStarted" : "dzspmqcxjtgdy"
    },
    "compression" : "GZIP",
    "typesInfo" : {
      "types" : { },
      "transformation" : 0
    },
    "processor" : {
      "artifact" : "mp",
      "version" : ""
    },
    "base" : "kvmeozgboq"
  },
  "application" : "hufo",
  "loadingCompleted" : "mxghpteqrgfnz",
  "attempt" : 869390288,
  "loadingStarted" : "gwxhtn",
  "tags" : { }
}