{
  "jobName" : "myu",
  "runDuration" : "krxnfmqgeebeo",
  "applicationContext" : {
    "name" : "sdzspmqcxjtgdy",
    "version" : "5616733957935077739684512157078906603259.694361606440846748673851861030876752100737262285865.9509230969930313084507141865777431960329492614316731355965561620649864837386890874273521-6^4]B^Kb<T;,*eaO:HYWAmz!OeXm:mP*bK&}oYsPg+zSSRpo"
  },
  "startTime" : "vmwmmpmpylwr",
  "jobReference" : "meoz",
  "runReference" : "oqa",
  "runState" : "FAILED",
  "factfile" : "ojcm",
  "taskStates" : [ ],
  "tags" : { }
}