{
  "latestCommentAuthorName" : "myu",
  "groupAssigned" : null,
  "ticketTitle" : "rxnfmqgeebeoa",
  "organizationName" : "zsdzspmqcxjtgd",
  "dueDate" : null,
  "externalId" : null,
  "ticketType" : "Ticket",
  "priority" : "Urgent",
  "latestComment" : "",
  "url" : "pmpylwrkvm",
  "tags" : "",
  "via" : "b",
  "organizationId" : null,
  "createdAt" : "yhufojcm",
  "latestCommentIsPublic" : false,
  "inBusinessHours" : false,
  "ccNames" : "qrgfnzdj",
  "brand" : "ggwxhtnskcwa",
  "ticketId" : 534046588,
  "account" : "lzx",
  "updatedAt" : "floprezetuk",
  "status" : "Pending"
}