<?xml version="1.0"?>
<doc>
    <assembly>
        <name>Json.More</name>
    </assembly>
    <members>
        <!-- Badly formed XML comment ignored for member "T:Json.More.EnumStringConverter`1" -->
        <member name="M:Json.More.EnumStringConverter`1.Read(System.Text.Json.Utf8JsonReader@,System.Type,System.Text.Json.JsonSerializerOptions)">
            <summary>Reads and converts the JSON to type <typeparamref name="T" />.</summary>
            <param name="reader">The reader.</param>
            <param name="typeToConvert">The type to convert.</param>
            <param name="options">An object that specifies serialization options to use.</param>
            <returns>The converted value.</returns>
            <exception cref="T:System.Text.Json.JsonException">Element was not a string or could not identify the JSON value as a known enum value.</exception>
        </member>
        <member name="M:Json.More.EnumStringConverter`1.Write(System.Text.Json.Utf8JsonWriter,`0,System.Text.Json.JsonSerializerOptions)">
            <summary>Writes a specified value as JSON.</summary>
            <param name="writer">The writer to write to.</param>
            <param name="value">The value to convert to JSON.</param>
            <param name="options">An object that specifies serialization options to use.</param>
        </member>
        <member name="T:Json.More.JsonDocumentEqualityComparer">
             <summary>
             Calculates equality between two <see cref="T:System.Text.Json.JsonDocument"/>s.
             </summary>
             <remarks>
             This comparison is compliant with the ideals expressed by JSON:
            
             - Objects are unordered.
             - Arrays are ordered.
             </remarks>
        </member>
        <member name="P:Json.More.JsonDocumentEqualityComparer.Instance">
            <summary>
            A singleton instance for convenience.
            </summary>
        </member>
        <member name="M:Json.More.JsonDocumentEqualityComparer.Equals(System.Text.Json.JsonDocument,System.Text.Json.JsonDocument)">
            <summary>Determines whether the specified objects are equal.</summary>
            <param name="x">The first object of type T to compare.</param>
            <param name="y">The second object of type T to compare.</param>
            <returns>true if the specified objects are equal; otherwise, false.</returns>
        </member>
        <member name="M:Json.More.JsonDocumentEqualityComparer.GetHashCode(System.Text.Json.JsonDocument)">
            <summary>Returns a hash code for the specified object.</summary>
            <param name="obj">The <see cref="T:System.Object"></see> for which a hash code is to be returned.</param>
            <returns>A hash code for the specified object.</returns>
            <exception cref="T:System.ArgumentNullException">The type of <paramref name="obj">obj</paramref> is a reference type and <paramref name="obj">obj</paramref> is null.</exception>
        </member>
        <member name="T:Json.More.JsonDocumentExtensions">
            <summary>
            Provides extension functionality for <see cref="T:System.Text.Json.JsonDocument"/>.
            </summary>
        </member>
        <member name="M:Json.More.JsonDocumentExtensions.IsEquivalentTo(System.Text.Json.JsonDocument,System.Text.Json.JsonDocument)">
            <summary>
            Determines JSON-compatible equivalence.
            </summary>
            <param name="a">The first document.</param>
            <param name="b">The second document.</param>
            <returns>`true` if the documents are equivalent; `false` otherwise.</returns>
        </member>
        <member name="M:Json.More.JsonDocumentExtensions.ToJsonDocument``1(``0,System.Text.Json.JsonSerializerOptions)">
            <summary>
            Converts an object to a <see cref="T:System.Text.Json.JsonDocument"/>.
            </summary>
            <typeparam name="T">The type of the object.</typeparam>
            <param name="value">The value to convert.</param>
            <param name="options">(optional) JSON serialization options.</param>
            <returns>A <see cref="T:System.Text.Json.JsonDocument"/> representing the vale.</returns>
        </member>
        <member name="T:Json.More.JsonElementEqualityComparer">
             <summary>
             Calculates equality between two <see cref="T:System.Text.Json.JsonElement"/>s.
             </summary>
             <remarks>
             This comparison is compliant with the ideals expressed by JSON:
            
             - Objects are unordered.
             - Arrays are ordered.
             </remarks>
        </member>
        <member name="P:Json.More.JsonElementEqualityComparer.Instance">
            <summary>
            A singleton instance for convenience.
            </summary>
        </member>
        <member name="M:Json.More.JsonElementEqualityComparer.Equals(System.Text.Json.JsonElement,System.Text.Json.JsonElement)">
            <summary>Determines whether the specified objects are equal.</summary>
            <param name="x">The first object of type T to compare.</param>
            <param name="y">The second object of type T to compare.</param>
            <returns>true if the specified objects are equal; otherwise, false.</returns>
        </member>
        <member name="M:Json.More.JsonElementEqualityComparer.GetHashCode(System.Text.Json.JsonElement)">
            <summary>Returns a hash code for the specified object.</summary>
            <param name="obj">The <see cref="T:System.Object"></see> for which a hash code is to be returned.</param>
            <returns>A hash code for the specified object.</returns>
            <exception cref="T:System.ArgumentNullException">The type of <paramref name="obj">obj</paramref> is a reference type and <paramref name="obj">obj</paramref> is null.</exception>
        </member>
        <member name="T:Json.More.JsonElementExtensions">
            <summary>
            Provides extension functionality for <see cref="T:System.Text.Json.JsonElement"/>.
            </summary>
        </member>
        <member name="M:Json.More.JsonElementExtensions.IsEquivalentTo(System.Text.Json.JsonElement,System.Text.Json.JsonElement)">
            <summary>
            Determines JSON-compatible equivalence.
            </summary>
            <param name="a">The first element.</param>
            <param name="b">The second element.</param>
            <returns>`true` if the element are equivalent; `false` otherwise.</returns>
            <exception cref="T:System.ArgumentOutOfRangeException">The <see cref="P:System.Text.Json.JsonElement.ValueKind"/> is not valid.</exception>
        </member>
        <member name="M:Json.More.JsonElementExtensions.GetEquivalenceHashCode(System.Text.Json.JsonElement,System.Int32)">
             <summary>
             Generate a consistent JSON-value-based hash code for the element.
             </summary>
             <param name="element">The element.</param>
             <param name="maxHashDepth">Maximum depth to calculate.  Default is -1 which utilizes the entire structure without limitation.</param>
             <returns>The hash code.</returns>
             <remarks>
             See the following for discussion on why the default implementation is insufficient:
            
             - https://github.com/gregsdennis/json-everything/issues/76
             - https://github.com/dotnet/runtime/issues/33388
             </remarks>
        </member>
        <member name="M:Json.More.JsonElementExtensions.ToJsonString(System.Text.Json.JsonElement)">
            <summary>
            Just a shortcut for calling `JsonSerializer.Serialize()` because `.ToString()` doesn't do what you might expect.
            </summary>
            <param name="element">The value to convert.</param>
            <returns>A JSON string.</returns>
            <remarks>
            See https://github.com/dotnet/runtime/issues/42502
            </remarks>
        </member>
        <member name="M:Json.More.JsonElementExtensions.AsJsonElement(System.Int64)">
            <summary>
            Converts a <see cref="T:System.Int64"/> to a <see cref="T:System.Text.Json.JsonElement"/>.
            </summary>
            <param name="value">The value to convert.</param>
            <returns>A <see cref="T:System.Text.Json.JsonElement"/> representing the value.</returns>
            <remarks>This is a workaround for lack of native support in the System.Text.Json namespace.</remarks>
        </member>
        <member name="M:Json.More.JsonElementExtensions.AsJsonElement(System.Int32)">
            <summary>
            Converts a <see cref="T:System.Int32"/> to a <see cref="T:System.Text.Json.JsonElement"/>.
            </summary>
            <param name="value">The value to convert.</param>
            <returns>A <see cref="T:System.Text.Json.JsonElement"/> representing the value.</returns>
            <remarks>This is a workaround for lack of native support in the System.Text.Json namespace.</remarks>
        </member>
        <member name="M:Json.More.JsonElementExtensions.AsJsonElement(System.Int16)">
            <summary>
            Converts a <see cref="T:System.Int16"/> to a <see cref="T:System.Text.Json.JsonElement"/>.
            </summary>
            <param name="value">The value to convert.</param>
            <returns>A <see cref="T:System.Text.Json.JsonElement"/> representing the value.</returns>
            <remarks>This is a workaround for lack of native support in the System.Text.Json namespace.</remarks>
        </member>
        <member name="M:Json.More.JsonElementExtensions.AsJsonElement(System.Boolean)">
            <summary>
            Converts a <see cref="T:System.Boolean"/> to a <see cref="T:System.Text.Json.JsonElement"/>.
            </summary>
            <param name="value">The value to convert.</param>
            <returns>A <see cref="T:System.Text.Json.JsonElement"/> representing the value.</returns>
            <remarks>This is a workaround for lack of native support in the System.Text.Json namespace.</remarks>
        </member>
        <member name="M:Json.More.JsonElementExtensions.AsJsonElement(System.Decimal)">
            <summary>
            Converts a <see cref="T:System.Int64"/> to a <see cref="T:System.Text.Json.JsonElement"/>.
            </summary>
            <param name="value">The value to convert.</param>
            <returns>A <see cref="T:System.Text.Json.JsonElement"/> representing the value.</returns>
            <remarks>This is a workaround for lack of native support in the System.Text.Json namespace.</remarks>
        </member>
        <member name="M:Json.More.JsonElementExtensions.AsJsonElement(System.Double)">
            <summary>
            Converts a <see cref="T:System.Double"/> to a <see cref="T:System.Text.Json.JsonElement"/>.
            </summary>
            <param name="value">The value to convert.</param>
            <returns>A <see cref="T:System.Text.Json.JsonElement"/> representing the value.</returns>
            <remarks>This is a workaround for lack of native support in the System.Text.Json namespace.</remarks>
        </member>
        <member name="M:Json.More.JsonElementExtensions.AsJsonElement(System.Single)">
            <summary>
            Converts a <see cref="T:System.Single"/> to a <see cref="T:System.Text.Json.JsonElement"/>.
            </summary>
            <param name="value">The value to convert.</param>
            <returns>A <see cref="T:System.Text.Json.JsonElement"/> representing the value.</returns>
            <remarks>This is a workaround for lack of native support in the System.Text.Json namespace.</remarks>
        </member>
        <member name="M:Json.More.JsonElementExtensions.AsJsonElement(System.String)">
            <summary>
            Converts a <see cref="T:System.String"/> to a <see cref="T:System.Text.Json.JsonElement"/>.  Can also be used to get a `null` element.
            </summary>
            <param name="value">The value to convert.</param>
            <returns>A <see cref="T:System.Text.Json.JsonElement"/> representing the value.</returns>
            <remarks>This is a workaround for lack of native support in the System.Text.Json namespace.</remarks>
        </member>
        <member name="M:Json.More.JsonElementExtensions.AsJsonElement(System.Collections.Generic.IEnumerable{System.Text.Json.JsonElement})">
            <summary>
            Converts a <see cref="T:System.Int64"/> to a <see cref="T:System.Text.Json.JsonElement"/>.
            </summary>
            <param name="values">The array of values to convert.</param>
            <returns>A <see cref="T:System.Text.Json.JsonElement"/> representing the value.</returns>
            <remarks>This is a workaround for lack of native support in the System.Text.Json namespace.</remarks>
        </member>
        <member name="M:Json.More.JsonElementExtensions.AsJsonElement(System.Collections.Generic.IDictionary{System.String,System.Text.Json.JsonElement})">
            <summary>
            Converts a <see cref="T:System.Int64"/> to a <see cref="T:System.Text.Json.JsonElement"/>.
            </summary>
            <param name="values">The value to convert.</param>
            <returns>A <see cref="T:System.Text.Json.JsonElement"/> representing the value.</returns>
            <remarks>This is a workaround for lack of native support in the System.Text.Json namespace.</remarks>
        </member>
        <member name="M:Json.More.JsonElementExtensions.AsNode(System.Text.Json.JsonElement)">
            <summary>
            Converts a <see cref="T:System.Text.Json.JsonElement"/> to a <see cref="T:System.Text.Json.Nodes.JsonNode"/>.
            </summary>
            <param name="element">The element.</param>
            <returns>An equivalent node.</returns>
            <remarks>
            This provides a single point of conversion as one is not provided by .Net.
            See https://github.com/dotnet/runtime/issues/70427 for more information.
            </remarks>
        </member>
        <member name="T:Json.More.JsonElementProxy">
            <summary>
            Acts as an intermediary that allows an "implicit casting"-like behavior between
            native JSON types and <see cref="T:System.Text.Json.JsonElement"/>.
            </summary>
        </member>
        <member name="M:Json.More.JsonElementProxy.op_Implicit(System.Int32)~Json.More.JsonElementProxy">
            <summary>
            Converts an `int` to a <see cref="T:Json.More.JsonElementProxy"/>.
            </summary>
            <param name="value">The value.</param>
        </member>
        <member name="M:Json.More.JsonElementProxy.op_Implicit(System.Int64)~Json.More.JsonElementProxy">
            <summary>
            Converts an `long` to a <see cref="T:Json.More.JsonElementProxy"/>.
            </summary>
            <param name="value">The value.</param>
        </member>
        <member name="M:Json.More.JsonElementProxy.op_Implicit(System.Int16)~Json.More.JsonElementProxy">
            <summary>
            Converts an `short` to a <see cref="T:Json.More.JsonElementProxy"/>.
            </summary>
            <param name="value">The value.</param>
        </member>
        <member name="M:Json.More.JsonElementProxy.op_Implicit(System.Single)~Json.More.JsonElementProxy">
            <summary>
            Converts an `float` to a <see cref="T:Json.More.JsonElementProxy"/>.
            </summary>
            <param name="value">The value.</param>
        </member>
        <member name="M:Json.More.JsonElementProxy.op_Implicit(System.Double)~Json.More.JsonElementProxy">
            <summary>
            Converts an `double` to a <see cref="T:Json.More.JsonElementProxy"/>.
            </summary>
            <param name="value">The value.</param>
        </member>
        <member name="M:Json.More.JsonElementProxy.op_Implicit(System.Decimal)~Json.More.JsonElementProxy">
            <summary>
            Converts an `decimal` to a <see cref="T:Json.More.JsonElementProxy"/>.
            </summary>
            <param name="value">The value.</param>
        </member>
        <member name="M:Json.More.JsonElementProxy.op_Implicit(System.String)~Json.More.JsonElementProxy">
            <summary>
            Converts an `string` to a <see cref="T:Json.More.JsonElementProxy"/>.
            </summary>
            <param name="value">The value.</param>
        </member>
        <member name="M:Json.More.JsonElementProxy.op_Implicit(System.Boolean)~Json.More.JsonElementProxy">
            <summary>
            Converts an `bool` to a <see cref="T:Json.More.JsonElementProxy"/>.
            </summary>
            <param name="value">The value.</param>
        </member>
        <member name="M:Json.More.JsonElementProxy.op_Implicit(Json.More.JsonElementProxy)~System.Text.Json.JsonElement">
            <summary>
            Converts a <see cref="T:Json.More.JsonElementProxy"/> to a <see cref="T:System.Text.Json.JsonElement"/>.
            </summary>
            <param name="proxy">The proxy.</param>
        </member>
        <member name="T:Json.More.JsonNodeEqualityComparer">
             <summary>
             Calculates equality between two <see cref="T:System.Text.Json.JsonElement"/>s.
             </summary>
             <remarks>
             This comparison is compliant with the ideals expressed by JSON:
            
             - Objects are unordered.
             - Arrays are ordered.
             </remarks>
        </member>
        <member name="P:Json.More.JsonNodeEqualityComparer.Instance">
            <summary>
            A singleton instance for convenience.
            </summary>
        </member>
        <member name="M:Json.More.JsonNodeEqualityComparer.Equals(System.Text.Json.Nodes.JsonNode,System.Text.Json.Nodes.JsonNode)">
            <summary>Determines whether the specified objects are equal.</summary>
            <param name="x">The first object of type T to compare.</param>
            <param name="y">The second object of type T to compare.</param>
            <returns>true if the specified objects are equal; otherwise, false.</returns>
        </member>
        <member name="M:Json.More.JsonNodeEqualityComparer.GetHashCode(System.Text.Json.Nodes.JsonNode)">
            <summary>Returns a hash code for the specified object.</summary>
            <param name="obj">The <see cref="T:System.Object"></see> for which a hash code is to be returned.</param>
            <returns>A hash code for the specified object.</returns>
            <exception cref="T:System.ArgumentNullException">The type of <paramref name="obj">obj</paramref> is a reference type and <paramref name="obj">obj</paramref> is null.</exception>
        </member>
        <member name="T:Json.More.JsonNodeExtensions">
            <summary>
            Provides extension functionality for <see cref="T:System.Text.Json.Nodes.JsonNode"/>.
            </summary>
        </member>
        <member name="M:Json.More.JsonNodeExtensions.IsEquivalentTo(System.Text.Json.Nodes.JsonNode,System.Text.Json.Nodes.JsonNode)">
            <summary>
            Determines JSON-compatible equivalence.
            </summary>
            <param name="a">The first element.</param>
            <param name="b">The second element.</param>
            <returns>`true` if the element are equivalent; `false` otherwise.</returns>
        </member>
        <member name="M:Json.More.JsonNodeExtensions.GetEquivalenceHashCode(System.Text.Json.Nodes.JsonNode,System.Int32)">
             <summary>
             Generate a consistent JSON-value-based hash code for the element.
             </summary>
             <param name="node">The element.</param>
             <param name="maxHashDepth">Maximum depth to calculate.  Default is -1 which utilizes the entire structure without limitation.</param>
             <returns>The hash code.</returns>
             <remarks>
             See the following for discussion on why the default implementation is insufficient:
            
             - https://github.com/gregsdennis/json-everything/issues/76
             - https://github.com/dotnet/runtime/issues/33388
             </remarks>
        </member>
        <member name="M:Json.More.JsonNodeExtensions.AsJsonString(System.Text.Json.Nodes.JsonNode)">
            <summary>
            Gets JSON string representation for <see cref="T:System.Text.Json.Nodes.JsonNode"/>, including null support.
            </summary>
            <param name="node">A node.</param>
            <returns>JSON string representation.</returns>
        </member>
        <member name="M:Json.More.JsonNodeExtensions.GetNumber(System.Text.Json.Nodes.JsonValue)">
            <summary>
            Gets a node's underlying numeric value.
            </summary>
            <param name="value">A JSON value.</param>
            <returns>Gets the underlying numeric value, or null if the node represented a non-numeric value.</returns>
        </member>
        <member name="M:Json.More.JsonNodeExtensions.GetInteger(System.Text.Json.Nodes.JsonValue)">
            <summary>
            Gets a node's underlying numeric value if it's an integer.
            </summary>
            <param name="value">A JSON value.</param>
            <returns>Gets the underlying numeric value if it's an integer, or null if the node represented a non-integer value.</returns>
        </member>
        <member name="M:Json.More.JsonNodeExtensions.Copy(System.Text.Json.Nodes.JsonNode)">
            <summary>
            Creates a copy of a node by passing it through the serializer.
            </summary>
            <param name="source">A node.</param>
            <returns>A duplicate of the node.</returns>
            <remarks>
            `JsonNode` may only be part of a single JSON tree, i.e. have a single parent.
            Copying a node allows its value to be saved to another JSON tree.
            </remarks>
        </member>
        <member name="M:Json.More.JsonNodeExtensions.TryGetValue(System.Text.Json.Nodes.JsonObject,System.String,System.Text.Json.Nodes.JsonNode@,System.Exception@)">
            <summary>
            Convenience method that wraps <see cref="M:System.Text.Json.Nodes.JsonObject.TryGetPropertyValue(System.String,System.Text.Json.Nodes.JsonNode@)"/>
            and catches argument exceptions.
            </summary>
            <param name="obj">The JSON object.</param>
            <param name="propertyName">The property name</param>
            <param name="node">The node under the property name if it exists and is singular; null otherwise.</param>
            <param name="e">An exception if one was thrown during the access attempt.</param>
            <returns>true if the property exists and is singular within the JSON data.</returns>
            <remarks>
            <see cref="M:System.Text.Json.Nodes.JsonObject.TryGetPropertyValue(System.String,System.Text.Json.Nodes.JsonNode@)"/> throws an
            <see cref="T:System.ArgumentException"/> if the node was parsed from data that has duplicate
            keys.  Please see https://github.com/dotnet/runtime/issues/70604 for more information.
            </remarks>
        </member>
        <member name="M:Json.More.JsonNodeExtensions.ToJsonArray(System.Collections.Generic.IEnumerable{System.Text.Json.Nodes.JsonNode})">
            <summary>
            Creates a new <see cref="T:System.Text.Json.Nodes.JsonArray"/> from an enumerable of nodes.
            </summary>
            <param name="nodes">The nodes.</param>
            <returns>A JSON array.</returns>
        </member>
        <member name="T:Json.More.JsonNull">
             <summary>
             Provides a <see cref="T:System.Text.Json.Nodes.JsonNode"/> instance to use as null.
             </summary>
             <remarks>
             .Net has decided to unify JSON null with .Net null.  This decision has a number
             of consequences.  This value is provided to get around some of these issues.
            
             This class *should not be used as a property value*, but rather as a signal to indicate
             that null was explicitly passed rather than a property missing.
            
             See https://github.com/dotnet/runtime/issues/68128 for more information.
             </remarks>
        </member>
        <member name="P:Json.More.JsonNull.SignalNode">
            <summary>
            Provides a static instance of this class wrapped in a <see cref="T:System.Text.Json.Nodes.JsonNode"/>.
            </summary>
        </member>
        <member name="T:Json.More.TypeExtensions">
            <summary>
            Provides informative methods for types.
            </summary>
        </member>
        <member name="M:Json.More.TypeExtensions.IsInteger(System.Type)">
            <summary>
            Determines whether the type is considered an integer.
            </summary>
            <param name="type">The type.</param>
            <returns>true if it represents an integer; false otherwise.</returns>
        </member>
        <member name="M:Json.More.TypeExtensions.IsFloatingPoint(System.Type)">
            <summary>
            Determines whether the type is a non-integer floating point number.
            </summary>
            <param name="type">The type.</param>
            <returns>true if it represents a floating-point number; false otherwise.</returns>
        </member>
        <member name="M:Json.More.TypeExtensions.IsNumber(System.Type)">
            <summary>
            Determines whether the type is a number.
            </summary>
            <param name="type">The type.</param>
            <returns>true if it represents a number; false otherwise.</returns>
        </member>
        <member name="T:Json.More.Utf8JsonWriterExtensions">
            <summary>
            Provides extension functionality for <see cref="T:System.Text.Json.Utf8JsonWriter"/>.
            </summary>
        </member>
        <member name="M:Json.More.Utf8JsonWriterExtensions.WriteValue(System.Text.Json.Utf8JsonWriter,System.Text.Json.JsonElement)">
            <summary>
            Writes a <see cref="T:System.Text.Json.JsonElement"/> to the stream.
            </summary>
            <param name="writer">The JSON stream writer.</param>
            <param name="element">The element to write.</param>
            <exception cref="T:System.ArgumentOutOfRangeException">The <see cref="P:System.Text.Json.JsonElement.ValueKind"/> is not valid.</exception>
        </member>
    </members>
</doc>
